state_id,task,seed,step,phase,true_entity_count,true_distinct_group_count,arm,count,selected_attention_mass,feature_perturbation_relative,jaccard_vs_true
google_robot_close_drawer__seed000__step011,google_robot_close_drawer,0,11,early,1,1,true_matched,27,0.6749429879899526,0.2782258577002309,1.0
google_robot_close_drawer__seed000__step011,google_robot_close_drawer,0,11,early,1,1,wrong_entity,24,0.6422073606310166,0.26863196058441885,0.8888888888888888
google_robot_close_drawer__seed000__step011,google_robot_close_drawer,0,11,early,1,1,random_cluster,42,0.7922634109524237,0.35047766314372814,0.6428571428571429
google_robot_close_drawer__seed000__step011,google_robot_close_drawer,0,11,early,1,1,source_only,27,0.6749429879899526,0.2782258577002309,1.0
google_robot_close_drawer__seed000__step011,google_robot_close_drawer,0,11,early,1,1,target_only,27,0.6749429879899526,0.2782258577002309,1.0
google_robot_close_drawer__seed000__step011,google_robot_close_drawer,0,11,early,1,1,top_p80,44,0.8035897423152343,0.36847386588916076,0.6136363636363636
google_robot_close_drawer__seed000__step011,google_robot_close_drawer,0,11,early,1,1,true_scale_150,40,0.7807225081051262,0.34166577658328656,0.675
google_robot_close_drawer__seed000__step056,google_robot_close_drawer,0,56,middle,1,1,true_matched,4,0.26595672807036996,0.11790040531094531,1.0
google_robot_close_drawer__seed000__step056,google_robot_close_drawer,0,56,middle,1,1,wrong_entity,28,0.7120111445407452,0.2828640599271948,0.14285714285714285
google_robot_close_drawer__seed000__step056,google_robot_close_drawer,0,56,middle,1,1,random_cluster,35,0.7683475743099328,0.31193889016054854,0.11428571428571428
google_robot_close_drawer__seed000__step056,google_robot_close_drawer,0,56,middle,1,1,source_only,4,0.26595672807036996,0.11790040531094531,1.0
google_robot_close_drawer__seed000__step056,google_robot_close_drawer,0,56,middle,1,1,target_only,4,0.26595672807036996,0.11790040531094531,1.0
google_robot_close_drawer__seed000__step056,google_robot_close_drawer,0,56,middle,1,1,top_p80,41,0.8044195435147248,0.33351119143081404,0.0975609756097561
google_robot_close_drawer__seed000__step056,google_robot_close_drawer,0,56,middle,1,1,true_scale_150,6,0.33981032219898616,0.1444729080983425,0.6666666666666666
google_robot_close_drawer__seed000__step101,google_robot_close_drawer,0,101,late,1,1,true_matched,46,0.813418507921436,0.36307125291905845,1.0
google_robot_close_drawer__seed000__step101,google_robot_close_drawer,0,101,late,1,1,wrong_entity,27,0.6793411417482376,0.27350033139451996,0.5869565217391305
google_robot_close_drawer__seed000__step101,google_robot_close_drawer,0,101,late,1,1,random_cluster,46,0.813418507921436,0.36307125291905845,1.0
google_robot_close_drawer__seed000__step101,google_robot_close_drawer,0,101,late,1,1,source_only,46,0.813418507921436,0.36307125291905845,1.0
google_robot_close_drawer__seed000__step101,google_robot_close_drawer,0,101,late,1,1,target_only,46,0.813418507921436,0.36307125291905845,1.0
google_robot_close_drawer__seed000__step101,google_robot_close_drawer,0,101,late,1,1,top_p80,44,0.8031619634747491,0.3545960703423577,0.9565217391304348
google_robot_close_drawer__seed000__step101,google_robot_close_drawer,0,101,late,1,1,true_scale_150,69,0.8992272101287049,0.4624096717645665,0.6666666666666666
google_robot_close_drawer__seed001__step011,google_robot_close_drawer,1,11,early,1,1,true_matched,30,0.666863026085775,0.30840515424254855,1.0
google_robot_close_drawer__seed001__step011,google_robot_close_drawer,1,11,early,1,1,wrong_entity,41,0.7712261767930388,0.3773922914965855,0.7317073170731707
google_robot_close_drawer__seed001__step011,google_robot_close_drawer,1,11,early,1,1,random_cluster,29,0.6554770728118506,0.30513413211192336,0.9666666666666667
google_robot_close_drawer__seed001__step011,google_robot_close_drawer,1,11,early,1,1,source_only,30,0.666863026085775,0.30840515424254855,1.0
google_robot_close_drawer__seed001__step011,google_robot_close_drawer,1,11,early,1,1,target_only,30,0.666863026085775,0.30840515424254855,1.0
google_robot_close_drawer__seed001__step011,google_robot_close_drawer,1,11,early,1,1,top_p80,46,0.8003328354908039,0.4020794165270268,0.6521739130434783
google_robot_close_drawer__seed001__step011,google_robot_close_drawer,1,11,early,1,1,true_scale_150,45,0.7950260517506296,0.3941761020768405,0.6666666666666666
google_robot_close_drawer__seed001__step056,google_robot_close_drawer,1,56,middle,1,1,true_matched,46,0.9290220039350178,0.41695401889916495,1.0
google_robot_close_drawer__seed001__step056,google_robot_close_drawer,1,56,middle,1,1,wrong_entity,39,0.9136778801975891,0.3865943973990118,0.8478260869565217
google_robot_close_drawer__seed001__step056,google_robot_close_drawer,1,56,middle,1,1,random_cluster,24,0.8326999646050982,0.2689752946258044,0.5217391304347826
google_robot_close_drawer__seed001__step056,google_robot_close_drawer,1,56,middle,1,1,source_only,46,0.9290220039350178,0.41695401889916495,1.0
google_robot_close_drawer__seed001__step056,google_robot_close_drawer,1,56,middle,1,1,target_only,46,0.9290220039350178,0.41695401889916495,1.0
google_robot_close_drawer__seed001__step056,google_robot_close_drawer,1,56,middle,1,1,top_p80,21,0.8009699715713626,0.2367178900104065,0.45652173913043476
google_robot_close_drawer__seed001__step056,google_robot_close_drawer,1,56,middle,1,1,true_scale_150,69,0.9565719383166664,0.4944339381730514,0.6666666666666666
google_robot_close_drawer__seed001__step101,google_robot_close_drawer,1,101,late,1,1,true_matched,38,0.9103807052648781,0.3819354192993239,1.0
google_robot_close_drawer__seed001__step101,google_robot_close_drawer,1,101,late,1,1,wrong_entity,38,0.9103807052648781,0.3819354192993239,1.0
google_robot_close_drawer__seed001__step101,google_robot_close_drawer,1,101,late,1,1,random_cluster,13,0.6598478051472547,0.17576894019360523,0.34210526315789475
google_robot_close_drawer__seed001__step101,google_robot_close_drawer,1,101,late,1,1,source_only,38,0.9103807052648781,0.3819354192993239,1.0
google_robot_close_drawer__seed001__step101,google_robot_close_drawer,1,101,late,1,1,target_only,38,0.9103807052648781,0.3819354192993239,1.0
google_robot_close_drawer__seed001__step101,google_robot_close_drawer,1,101,late,1,1,top_p80,22,0.81100553439074,0.2633894390401736,0.5789473684210527
google_robot_close_drawer__seed001__step101,google_robot_close_drawer,1,101,late,1,1,true_scale_150,57,0.940982111860286,0.4299325392696092,0.6666666666666666
google_robot_close_drawer__seed009__step011,google_robot_close_drawer,9,11,early,1,1,true_matched,20,0.6888634096652386,0.23114946734294092,1.0
google_robot_close_drawer__seed009__step011,google_robot_close_drawer,9,11,early,1,1,wrong_entity,20,0.6888634096652386,0.23114946734294092,1.0
google_robot_close_drawer__seed009__step011,google_robot_close_drawer,9,11,early,1,1,random_cluster,42,0.8682782974954318,0.38921432655256843,0.47619047619047616
google_robot_close_drawer__seed009__step011,google_robot_close_drawer,9,11,early,1,1,source_only,20,0.6888634096652386,0.23114946734294092,1.0
google_robot_close_drawer__seed009__step011,google_robot_close_drawer,9,11,early,1,1,target_only,20,0.6888634096652386,0.23114946734294092,1.0
google_robot_close_drawer__seed009__step011,google_robot_close_drawer,9,11,early,1,1,top_p80,31,0.802069557318235,0.31956967252078267,0.6451612903225806
google_robot_close_drawer__seed009__step011,google_robot_close_drawer,9,11,early,1,1,true_scale_150,30,0.7944312114174711,0.3149317598115428,0.6666666666666666
google_robot_close_drawer__seed009__step056,google_robot_close_drawer,9,56,middle,1,1,true_matched,4,0.40119222414277067,0.10075795514404187,1.0
google_robot_close_drawer__seed009__step056,google_robot_close_drawer,9,56,middle,1,1,wrong_entity,28,0.8293618821112301,0.27789635993579936,0.14285714285714285
google_robot_close_drawer__seed009__step056,google_robot_close_drawer,9,56,middle,1,1,random_cluster,49,0.8993702827291618,0.3668450035982691,0.08163265306122448
google_robot_close_drawer__seed009__step056,google_robot_close_drawer,9,56,middle,1,1,source_only,4,0.40119222414277067,0.10075795514404187,1.0
google_robot_close_drawer__seed009__step056,google_robot_close_drawer,9,56,middle,1,1,target_only,4,0.40119222414277067,0.10075795514404187,1.0
google_robot_close_drawer__seed009__step056,google_robot_close_drawer,9,56,middle,1,1,top_p80,23,0.8027173923801862,0.26254296903014823,0.17391304347826086
google_robot_close_drawer__seed009__step056,google_robot_close_drawer,9,56,middle,1,1,true_scale_150,6,0.5056693493698393,0.1343431982807439,0.6666666666666666
google_robot_close_drawer__seed009__step101,google_robot_close_drawer,9,101,late,1,1,true_matched,4,0.3115889411924393,0.10163226860278841,1.0
google_robot_close_drawer__seed009__step101,google_robot_close_drawer,9,101,late,1,1,wrong_entity,27,0.8211260377399836,0.29110365902474356,0.14814814814814814
google_robot_close_drawer__seed009__step101,google_robot_close_drawer,9,101,late,1,1,random_cluster,4,0.3115889411924393,0.10163226860278841,1.0
google_robot_close_drawer__seed009__step101,google_robot_close_drawer,9,101,late,1,1,source_only,4,0.3115889411924393,0.10163226860278841,1.0
google_robot_close_drawer__seed009__step101,google_robot_close_drawer,9,101,late,1,1,target_only,4,0.3115889411924393,0.10163226860278841,1.0
google_robot_close_drawer__seed009__step101,google_robot_close_drawer,9,101,late,1,1,top_p80,24,0.8030637039885054,0.2749466124588921,0.16666666666666666
google_robot_close_drawer__seed009__step101,google_robot_close_drawer,9,101,late,1,1,true_scale_150,6,0.4415396369673229,0.13229522674112243,0.6666666666666666
google_robot_close_drawer__seed021__step011,google_robot_close_drawer,21,11,early,1,1,true_matched,18,0.4973624466977806,0.24689023913255645,1.0
google_robot_close_drawer__seed021__step011,google_robot_close_drawer,21,11,early,1,1,wrong_entity,31,0.6558640948736045,0.3339266769631988,0.5806451612903226
google_robot_close_drawer__seed021__step011,google_robot_close_drawer,21,11,early,1,1,random_cluster,30,0.6458908449674261,0.3314198224850151,0.6
google_robot_close_drawer__seed021__step011,google_robot_close_drawer,21,11,early,1,1,source_only,18,0.4973624466977806,0.24689023913255645,1.0
google_robot_close_drawer__seed021__step011,google_robot_close_drawer,21,11,early,1,1,target_only,18,0.4973624466977806,0.24689023913255645,1.0
google_robot_close_drawer__seed021__step011,google_robot_close_drawer,21,11,early,1,1,top_p80,52,0.8032163368881317,0.4117901226985527,0.34615384615384615
google_robot_close_drawer__seed021__step011,google_robot_close_drawer,21,11,early,1,1,true_scale_150,27,0.6136223308123627,0.30900876584481823,0.6666666666666666
google_robot_close_drawer__seed021__step056,google_robot_close_drawer,21,56,middle,1,1,true_matched,32,0.7516359510069659,0.3298510095365019,1.0
google_robot_close_drawer__seed021__step056,google_robot_close_drawer,21,56,middle,1,1,wrong_entity,32,0.7516359510069659,0.3298510095365019,1.0
google_robot_close_drawer__seed021__step056,google_robot_close_drawer,21,56,middle,1,1,random_cluster,15,0.5162339337537121,0.1865789584934625,0.46875
google_robot_close_drawer__seed021__step056,google_robot_close_drawer,21,56,middle,1,1,source_only,32,0.7516359510069659,0.3298510095365019,1.0
google_robot_close_drawer__seed021__step056,google_robot_close_drawer,21,56,middle,1,1,target_only,32,0.7516359510069659,0.3298510095365019,1.0
google_robot_close_drawer__seed021__step056,google_robot_close_drawer,21,56,middle,1,1,top_p80,40,0.803850227299583,0.3750197352738405,0.8
google_robot_close_drawer__seed021__step056,google_robot_close_drawer,21,56,middle,1,1,true_scale_150,48,0.8437169974449832,0.4130168003510287,0.6666666666666666
google_robot_close_drawer__seed021__step101,google_robot_close_drawer,21,101,late,1,1,true_matched,19,0.704381521895432,0.24305301866004994,1.0
google_robot_close_drawer__seed021__step101,google_robot_close_drawer,21,101,late,1,1,wrong_entity,19,0.704381521895432,0.24305301866004994,1.0
google_robot_close_drawer__seed021__step101,google_robot_close_drawer,21,101,late,1,1,random_cluster,27,0.7931602337519789,0.2842789293849996,0.7037037037037037
google_robot_close_drawer__seed021__step101,google_robot_close_drawer,21,101,late,1,1,source_only,19,0.704381521895432,0.24305301866004994,1.0
google_robot_close_drawer__seed021__step101,google_robot_close_drawer,21,101,late,1,1,target_only,19,0.704381521895432,0.24305301866004994,1.0
google_robot_close_drawer__seed021__step101,google_robot_close_drawer,21,101,late,1,1,top_p80,28,0.8012366735213926,0.2905616422606668,0.6785714285714286
google_robot_close_drawer__seed021__step101,google_robot_close_drawer,21,101,late,1,1,true_scale_150,28,0.8012366735213926,0.2905616422606668,0.6785714285714286
google_robot_close_drawer__seed049__step011,google_robot_close_drawer,49,11,early,1,1,true_matched,26,0.6575612803807169,0.2928577336528615,1.0
google_robot_close_drawer__seed049__step011,google_robot_close_drawer,49,11,early,1,1,wrong_entity,24,0.6302673950399116,0.2775438674462884,0.9230769230769231
google_robot_close_drawer__seed049__step011,google_robot_close_drawer,49,11,early,1,1,random_cluster,31,0.7161731900325334,0.31314109692636344,0.8387096774193549
google_robot_close_drawer__seed049__step011,google_robot_close_drawer,49,11,early,1,1,source_only,26,0.6575612803807169,0.2928577336528615,1.0
google_robot_close_drawer__seed049__step011,google_robot_close_drawer,49,11,early,1,1,target_only,26,0.6575612803807169,0.2928577336528615,1.0
google_robot_close_drawer__seed049__step011,google_robot_close_drawer,49,11,early,1,1,top_p80,41,0.8021199982862507,0.3596456933943764,0.6341463414634146
google_robot_close_drawer__seed049__step011,google_robot_close_drawer,49,11,early,1,1,true_scale_150,39,0.7880980932932321,0.3523503440991648,0.6666666666666666
google_robot_close_drawer__seed049__step056,google_robot_close_drawer,49,56,middle,1,1,true_matched,5,0.4439017637464116,0.11691346923072483,1.0
google_robot_close_drawer__seed049__step056,google_robot_close_drawer,49,56,middle,1,1,wrong_entity,80,0.9659030817274437,0.4914731955869965,0.0625
google_robot_close_drawer__seed049__step056,google_robot_close_drawer,49,56,middle,1,1,random_cluster,80,0.9659030817274437,0.4914731955869965,0.0625
google_robot_close_drawer__seed049__step056,google_robot_close_drawer,49,56,middle,1,1,source_only,5,0.4439017637464116,0.11691346923072483,1.0
google_robot_close_drawer__seed049__step056,google_robot_close_drawer,49,56,middle,1,1,target_only,5,0.4439017637464116,0.11691346923072483,1.0
google_robot_close_drawer__seed049__step056,google_robot_close_drawer,49,56,middle,1,1,top_p80,19,0.8060924640401077,0.24694368798808972,0.2631578947368421
google_robot_close_drawer__seed049__step056,google_robot_close_drawer,49,56,middle,1,1,true_scale_150,8,0.5781607361136603,0.15800359828220964,0.625
google_robot_close_drawer__seed049__step101,google_robot_close_drawer,49,101,late,1,1,true_matched,24,0.7043187915387328,0.24318176460029894,1.0
google_robot_close_drawer__seed049__step101,google_robot_close_drawer,49,101,late,1,1,wrong_entity,48,0.8394233603960921,0.36408354784753816,0.5
google_robot_close_drawer__seed049__step101,google_robot_close_drawer,49,101,late,1,1,random_cluster,48,0.8394233603960921,0.36408354784753816,0.5
google_robot_close_drawer__seed049__step101,google_robot_close_drawer,49,101,late,1,1,source_only,24,0.7043187915387328,0.24318176460029894,1.0
google_robot_close_drawer__seed049__step101,google_robot_close_drawer,49,101,late,1,1,target_only,24,0.7043187915387328,0.24318176460029894,1.0
google_robot_close_drawer__seed049__step101,google_robot_close_drawer,49,101,late,1,1,top_p80,40,0.8044931849869773,0.33583283640642086,0.6
google_robot_close_drawer__seed049__step101,google_robot_close_drawer,49,101,late,1,1,true_scale_150,36,0.7848872888087933,0.3154643864506021,0.6666666666666666
google_robot_move_near__seed000__step008,google_robot_move_near,0,8,early,2,2,true_matched,43,0.7544579054171566,0.38575159026477795,1.0
google_robot_move_near__seed000__step008,google_robot_move_near,0,8,early,2,2,wrong_entity,47,0.783424925623876,0.4230482106624801,0.9148936170212766
google_robot_move_near__seed000__step008,google_robot_move_near,0,8,early,2,2,random_cluster,82,0.9257132166624021,0.5441626821895034,0.524390243902439
google_robot_move_near__seed000__step008,google_robot_move_near,0,8,early,2,2,source_only,15,0.3911156657092366,0.2047906747450971,0.3488372093023256
google_robot_move_near__seed000__step008,google_robot_move_near,0,8,early,2,2,target_only,28,0.6071682021803868,0.2855799874135515,0.6511627906976745
google_robot_move_near__seed000__step008,google_robot_move_near,0,8,early,2,2,top_p80,50,0.8025846860406998,0.42746626207348537,0.86
google_robot_move_near__seed000__step008,google_robot_move_near,0,8,early,2,2,true_scale_150,64,0.870750019833765,0.4890092571510692,0.671875
google_robot_move_near__seed000__step040,google_robot_move_near,0,40,middle,2,2,true_matched,26,0.6747585055524083,0.279812023840192,1.0
google_robot_move_near__seed000__step040,google_robot_move_near,0,40,middle,2,2,wrong_entity,26,0.6747585055524083,0.279812023840192,1.0
google_robot_move_near__seed000__step040,google_robot_move_near,0,40,middle,2,2,random_cluster,80,0.9379543550980454,0.5022120681196806,0.325
google_robot_move_near__seed000__step040,google_robot_move_near,0,40,middle,2,2,source_only,17,0.5580675535990357,0.23191538502547301,0.6538461538461539
google_robot_move_near__seed000__step040,google_robot_move_near,0,40,middle,2,2,target_only,9,0.404330793471664,0.15756421659848427,0.34615384615384615
google_robot_move_near__seed000__step040,google_robot_move_near,0,40,middle,2,2,top_p80,41,0.8044490864706191,0.3650433680651663,0.6341463414634146
google_robot_move_near__seed000__step040,google_robot_move_near,0,40,middle,2,2,true_scale_150,39,0.7908442213450555,0.3540975388531802,0.6666666666666666
google_robot_move_near__seed000__step071,google_robot_move_near,0,71,late,2,2,true_matched,42,0.834778954874204,0.3240956211801743,1.0
google_robot_move_near__seed000__step071,google_robot_move_near,0,71,late,2,2,wrong_entity,64,0.9119188908655327,0.3949278869262564,0.65625
google_robot_move_near__seed000__step071,google_robot_move_near,0,71,late,2,2,random_cluster,53,0.8790943844193567,0.3604749726998756,0.7924528301886793
google_robot_move_near__seed000__step071,google_robot_move_near,0,71,late,2,2,source_only,9,0.4446411271155078,0.139803171416556,0.21428571428571427
google_robot_move_near__seed000__step071,google_robot_move_near,0,71,late,2,2,target_only,33,0.7765875829865154,0.28991382906041224,0.7857142857142857
google_robot_move_near__seed000__step071,google_robot_move_near,0,71,late,2,2,top_p80,37,0.8051839374112013,0.3067708394459977,0.8809523809523809
google_robot_move_near__seed000__step071,google_robot_move_near,0,71,late,2,2,true_scale_150,63,0.9091760617466672,0.39294131749255745,0.6666666666666666
google_robot_move_near__seed001__step008,google_robot_move_near,1,8,early,2,2,true_matched,18,0.4834985958022969,0.19902690056229919,1.0
google_robot_move_near__seed001__step008,google_robot_move_near,1,8,early,2,2,wrong_entity,72,0.8923780723684712,0.51732797781683,0.25
google_robot_move_near__seed001__step008,google_robot_move_near,1,8,early,2,2,random_cluster,34,0.6824131962890653,0.32835139652225814,0.5294117647058824
google_robot_move_near__seed001__step008,google_robot_move_near,1,8,early,2,2,source_only,8,0.2946385628693138,0.12854308056435992,0.4444444444444444
google_robot_move_near__seed001__step008,google_robot_move_near,1,8,early,2,2,target_only,10,0.3385536635495313,0.14179938441060996,0.5555555555555556
google_robot_move_near__seed001__step008,google_robot_move_near,1,8,early,2,2,top_p80,50,0.8004621980203364,0.40662451279962614,0.36
google_robot_move_near__seed001__step008,google_robot_move_near,1,8,early,2,2,true_scale_150,27,0.6098806575125173,0.2745598383876093,0.6666666666666666
google_robot_move_near__seed001__step040,google_robot_move_near,1,40,middle,2,2,true_matched,30,0.7500662407224867,0.29395143443132304,1.0
google_robot_move_near__seed001__step040,google_robot_move_near,1,40,middle,2,2,wrong_entity,43,0.8592258493817556,0.3679002815817382,0.6976744186046512
google_robot_move_near__seed001__step040,google_robot_move_near,1,40,middle,2,2,random_cluster,104,0.9742938224092542,0.5579850840123156,0.28846153846153844
google_robot_move_near__seed001__step040,google_robot_move_near,1,40,middle,2,2,source_only,20,0.6049192658917805,0.23249121627462288,0.6666666666666666
google_robot_move_near__seed001__step040,google_robot_move_near,1,40,middle,2,2,target_only,10,0.4088163086421881,0.16660804407095084,0.3333333333333333
google_robot_move_near__seed001__step040,google_robot_move_near,1,40,middle,2,2,top_p80,36,0.8090720132000876,0.33217691029739727,0.8333333333333334
google_robot_move_near__seed001__step040,google_robot_move_near,1,40,middle,2,2,true_scale_150,45,0.869974528048343,0.3724154599964841,0.6666666666666666
google_robot_move_near__seed001__step071,google_robot_move_near,1,71,late,2,2,true_matched,23,0.6425379772461021,0.24402808870184287,1.0
google_robot_move_near__seed001__step071,google_robot_move_near,1,71,late,2,2,wrong_entity,45,0.8591832556024486,0.37480569347871245,0.5111111111111111
google_robot_move_near__seed001__step071,google_robot_move_near,1,71,late,2,2,random_cluster,38,0.8171490001652649,0.33096254153669663,0.6052631578947368
google_robot_move_near__seed001__step071,google_robot_move_near,1,71,late,2,2,source_only,13,0.4594230188046684,0.18953821739380144,0.5652173913043478
google_robot_move_near__seed001__step071,google_robot_move_near,1,71,late,2,2,target_only,10,0.39626994907868596,0.1582343858272702,0.43478260869565216
google_robot_move_near__seed001__step071,google_robot_move_near,1,71,late,2,2,top_p80,36,0.8005159062265792,0.3225536346535609,0.6388888888888888
google_robot_move_near__seed001__step071,google_robot_move_near,1,71,late,2,2,true_scale_150,34,0.7831176809060171,0.32026550930942566,0.6764705882352942
google_robot_move_near__seed002__step008,google_robot_move_near,2,8,early,2,2,true_matched,37,0.7145074420964512,0.36320138166436144,1.0
google_robot_move_near__seed002__step008,google_robot_move_near,2,8,early,2,2,wrong_entity,92,0.9416297998386467,0.5431908090107818,0.40217391304347827
google_robot_move_near__seed002__step008,google_robot_move_near,2,8,early,2,2,random_cluster,49,0.7987830055250039,0.42143926762422995,0.7551020408163265
google_robot_move_near__seed002__step008,google_robot_move_near,2,8,early,2,2,source_only,11,0.35991521300117124,0.17695066050862282,0.2972972972972973
google_robot_move_near__seed002__step008,google_robot_move_near,2,8,early,2,2,target_only,26,0.5988299048330262,0.28668131358739923,0.7027027027027027
google_robot_move_near__seed002__step008,google_robot_move_near,2,8,early,2,2,top_p80,50,0.8046242741359894,0.42776662309709385,0.74
google_robot_move_near__seed002__step008,google_robot_move_near,2,8,early,2,2,true_scale_150,56,0.8346798489394303,0.4443680306425762,0.6607142857142857
google_robot_move_near__seed002__step040,google_robot_move_near,2,40,middle,2,2,true_matched,55,0.8830425412596788,0.4104626713716629,1.0
google_robot_move_near__seed002__step040,google_robot_move_near,2,40,middle,2,2,wrong_entity,53,0.8761163411817735,0.4078319890170855,0.9636363636363636
google_robot_move_near__seed002__step040,google_robot_move_near,2,40,middle,2,2,random_cluster,33,0.7641994420090985,0.29964113395077635,0.6
google_robot_move_near__seed002__step040,google_robot_move_near,2,40,middle,2,2,source_only,8,0.37235886768217796,0.14735729356873245,0.14545454545454545
google_robot_move_near__seed002__step040,google_robot_move_near,2,40,middle,2,2,target_only,47,0.8531818256039735,0.3754558465306686,0.8545454545454545
google_robot_move_near__seed002__step040,google_robot_move_near,2,40,middle,2,2,top_p80,38,0.8024343302830651,0.32366729629146507,0.6909090909090909
google_robot_move_near__seed002__step040,google_robot_move_near,2,40,middle,2,2,true_scale_150,82,0.9462070908826216,0.4930311956219605,0.6707317073170732
google_robot_move_near__seed002__step071,google_robot_move_near,2,71,late,2,2,true_matched,25,0.6993475548532008,0.270770425155363,1.0
google_robot_move_near__seed002__step071,google_robot_move_near,2,71,late,2,2,wrong_entity,31,0.7571403739047079,0.2973884475983665,0.8064516129032258
google_robot_move_near__seed002__step071,google_robot_move_near,2,71,late,2,2,random_cluster,85,0.9566627154296774,0.5199907005352267,0.29411764705882354
google_robot_move_near__seed002__step071,google_robot_move_near,2,71,late,2,2,source_only,7,0.3749259855221643,0.1379494078113563,0.28
google_robot_move_near__seed002__step071,google_robot_move_near,2,71,late,2,2,target_only,18,0.6169379551076789,0.2337681676234402,0.72
google_robot_move_near__seed002__step071,google_robot_move_near,2,71,late,2,2,top_p80,37,0.8039666449133049,0.3223314695188893,0.6756756756756757
google_robot_move_near__seed002__step071,google_robot_move_near,2,71,late,2,2,true_scale_150,38,0.810587268799843,0.3253433459554518,0.6578947368421053
google_robot_move_near__seed031__step008,google_robot_move_near,31,8,early,2,2,true_matched,60,0.8825696284515745,0.403850272407005,1.0
google_robot_move_near__seed031__step008,google_robot_move_near,31,8,early,2,2,wrong_entity,47,0.8276560849576302,0.3589055775454239,0.7833333333333333
google_robot_move_near__seed031__step008,google_robot_move_near,31,8,early,2,2,random_cluster,87,0.9501628395597839,0.5056447026654066,0.6896551724137931
google_robot_move_near__seed031__step008,google_robot_move_near,31,8,early,2,2,source_only,13,0.39680150113883833,0.18070094465417957,0.21666666666666667
google_robot_move_near__seed031__step008,google_robot_move_near,31,8,early,2,2,target_only,47,0.8276560849576302,0.3589055775454239,0.7833333333333333
google_robot_move_near__seed031__step008,google_robot_move_near,31,8,early,2,2,top_p80,43,0.8044633821085316,0.3336716078079722,0.7166666666666667
google_robot_move_near__seed031__step008,google_robot_move_near,31,8,early,2,2,true_scale_150,90,0.9556799910915872,0.511036058046647,0.6666666666666666
google_robot_move_near__seed031__step040,google_robot_move_near,31,40,middle,2,2,true_matched,45,0.8425361391801486,0.3336365253755952,1.0
google_robot_move_near__seed031__step040,google_robot_move_near,31,40,middle,2,2,wrong_entity,32,0.7611385699528772,0.2750899522146342,0.7111111111111111
google_robot_move_near__seed031__step040,google_robot_move_near,31,40,middle,2,2,random_cluster,89,0.9571213350141016,0.5037021098652118,0.5056179775280899
google_robot_move_near__seed031__step040,google_robot_move_near,31,40,middle,2,2,source_only,13,0.5147329533470438,0.17132361726207884,0.28888888888888886
google_robot_move_near__seed031__step040,google_robot_move_near,31,40,middle,2,2,target_only,32,0.7611385699528772,0.2750899522146342,0.7111111111111111
google_robot_move_near__seed031__step040,google_robot_move_near,31,40,middle,2,2,top_p80,38,0.8026722103087568,0.3116743371921523,0.8444444444444444
google_robot_move_near__seed031__step040,google_robot_move_near,31,40,middle,2,2,true_scale_150,68,0.9215762017049235,0.4366451188282867,0.6617647058823529
google_robot_move_near__seed031__step071,google_robot_move_near,31,71,late,2,2,true_matched,35,0.795306818117446,0.2911322228852735,1.0
google_robot_move_near__seed031__step071,google_robot_move_near,31,71,late,2,2,wrong_entity,65,0.9200823016974119,0.4172193254669654,0.5384615384615384
google_robot_move_near__seed031__step071,google_robot_move_near,31,71,late,2,2,random_cluster,65,0.9200823016974119,0.4172193254669654,0.5384615384615384
google_robot_move_near__seed031__step071,google_robot_move_near,31,71,late,2,2,source_only,13,0.5482328090795092,0.1708937170664261,0.37142857142857144
google_robot_move_near__seed031__step071,google_robot_move_near,31,71,late,2,2,target_only,22,0.6754719729272993,0.2233302657728823,0.6285714285714286
google_robot_move_near__seed031__step071,google_robot_move_near,31,71,late,2,2,top_p80,36,0.8024841845751213,0.293552204748409,0.9722222222222222
google_robot_move_near__seed031__step071,google_robot_move_near,31,71,late,2,2,true_scale_150,52,0.8785755281846673,0.3467530121590601,0.6730769230769231
google_robot_move_near__seed073__step008,google_robot_move_near,73,8,early,2,2,true_matched,39,0.7324249035422475,0.33467329576740606,1.0
google_robot_move_near__seed073__step008,google_robot_move_near,73,8,early,2,2,wrong_entity,52,0.8013475775432932,0.3919917928738482,0.75
google_robot_move_near__seed073__step008,google_robot_move_near,73,8,early,2,2,random_cluster,75,0.8831829111993097,0.4681428453136398,0.52
google_robot_move_near__seed073__step008,google_robot_move_near,73,8,early,2,2,source_only,22,0.5602815110941926,0.2566099504539047,0.5641025641025641
google_robot_move_near__seed073__step008,google_robot_move_near,73,8,early,2,2,target_only,17,0.49244218332787054,0.22649472253657216,0.4358974358974359
google_robot_move_near__seed073__step008,google_robot_move_near,73,8,early,2,2,top_p80,52,0.8013475775432932,0.3919917928738482,0.75
google_robot_move_near__seed073__step008,google_robot_move_near,73,8,early,2,2,true_scale_150,58,0.8273595557045913,0.41563084353822194,0.6724137931034483
google_robot_move_near__seed073__step040,google_robot_move_near,73,40,middle,2,2,true_matched,69,0.8693290426288277,0.4547667406983507,1.0
google_robot_move_near__seed073__step040,google_robot_move_near,73,40,middle,2,2,wrong_entity,64,0.8512337514078754,0.4268749530505388,0.927536231884058
google_robot_move_near__seed073__step040,google_robot_move_near,73,40,middle,2,2,random_cluster,68,0.8659440780992469,0.45408145019552126,0.9855072463768116
google_robot_move_near__seed073__step040,google_robot_move_near,73,40,middle,2,2,source_only,45,0.7494264135635279,0.34119605355830906,0.6521739130434783
google_robot_move_near__seed073__step040,google_robot_move_near,73,40,middle,2,2,target_only,24,0.568103918922146,0.23601991356657437,0.34782608695652173
google_robot_move_near__seed073__step040,google_robot_move_near,73,40,middle,2,2,top_p80,54,0.8025482259434786,0.3909174034040794,0.782608695652174
google_robot_move_near__seed073__step040,google_robot_move_near,73,40,middle,2,2,true_scale_150,104,0.9500793856267677,0.558287840709249,0.6634615384615384
google_robot_move_near__seed073__step071,google_robot_move_near,73,71,late,2,2,true_matched,46,0.8116962880344545,0.37303091019294293,1.0
google_robot_move_near__seed073__step071,google_robot_move_near,73,71,late,2,2,wrong_entity,27,0.668135717930342,0.2758416237519724,0.5869565217391305
google_robot_move_near__seed073__step071,google_robot_move_near,73,71,late,2,2,random_cluster,35,0.7454995936323819,0.32713153831059794,0.7608695652173914
google_robot_move_near__seed073__step071,google_robot_move_near,73,71,late,2,2,source_only,19,0.5552265967678808,0.21161497066441384,0.41304347826086957
google_robot_move_near__seed073__step071,google_robot_move_near,73,71,late,2,2,target_only,27,0.668135717930342,0.2758416237519724,0.5869565217391305
google_robot_move_near__seed073__step071,google_robot_move_near,73,71,late,2,2,top_p80,44,0.800587784090179,0.3671350613063687,0.9565217391304348
google_robot_move_near__seed073__step071,google_robot_move_near,73,71,late,2,2,true_scale_150,69,0.9082446195625994,0.44749736060620665,0.6666666666666666
google_robot_open_drawer__seed000__step011,google_robot_open_drawer,0,11,early,1,1,true_matched,35,0.670051410511957,0.30767448715571943,1.0
google_robot_open_drawer__seed000__step011,google_robot_open_drawer,0,11,early,1,1,wrong_entity,49,0.7648277851432915,0.3606543386695842,0.7142857142857143
google_robot_open_drawer__seed000__step011,google_robot_open_drawer,0,11,early,1,1,random_cluster,32,0.6449800137026664,0.30009239270187293,0.9142857142857143
google_robot_open_drawer__seed000__step011,google_robot_open_drawer,0,11,early,1,1,source_only,35,0.670051410511957,0.30767448715571943,1.0
google_robot_open_drawer__seed000__step011,google_robot_open_drawer,0,11,early,1,1,target_only,35,0.670051410511957,0.30767448715571943,1.0
google_robot_open_drawer__seed000__step011,google_robot_open_drawer,0,11,early,1,1,top_p80,56,0.8012934733676056,0.39049804724486276,0.625
google_robot_open_drawer__seed000__step011,google_robot_open_drawer,0,11,early,1,1,true_scale_150,52,0.7811525599715311,0.3713993196129665,0.6730769230769231
google_robot_open_drawer__seed000__step056,google_robot_open_drawer,0,56,middle,1,1,true_matched,40,0.8953252582893049,0.3461597287851749,1.0
google_robot_open_drawer__seed000__step056,google_robot_open_drawer,0,56,middle,1,1,wrong_entity,49,0.9215237413395357,0.38241224969955623,0.8163265306122449
google_robot_open_drawer__seed000__step056,google_robot_open_drawer,0,56,middle,1,1,random_cluster,40,0.8953252582893049,0.3461597287851749,1.0
google_robot_open_drawer__seed000__step056,google_robot_open_drawer,0,56,middle,1,1,source_only,40,0.8953252582893049,0.3461597287851749,1.0
google_robot_open_drawer__seed000__step056,google_robot_open_drawer,0,56,middle,1,1,target_only,40,0.8953252582893049,0.3461597287851749,1.0
google_robot_open_drawer__seed000__step056,google_robot_open_drawer,0,56,middle,1,1,top_p80,25,0.8052681649561071,0.26331550103477314,0.625
google_robot_open_drawer__seed000__step056,google_robot_open_drawer,0,56,middle,1,1,true_scale_150,60,0.9420186123828334,0.43303506277441567,0.6666666666666666
google_robot_open_drawer__seed000__step101,google_robot_open_drawer,0,101,late,1,1,true_matched,23,0.6064224708622429,0.24694416393235022,1.0
google_robot_open_drawer__seed000__step101,google_robot_open_drawer,0,101,late,1,1,wrong_entity,56,0.8437218205946342,0.41811282223127105,0.4107142857142857
google_robot_open_drawer__seed000__step101,google_robot_open_drawer,0,101,late,1,1,random_cluster,9,0.4271226579474122,0.17036024078704587,0.391304347826087
google_robot_open_drawer__seed000__step101,google_robot_open_drawer,0,101,late,1,1,source_only,23,0.6064224708622429,0.24694416393235022,1.0
google_robot_open_drawer__seed000__step101,google_robot_open_drawer,0,101,late,1,1,target_only,23,0.6064224708622429,0.24694416393235022,1.0
google_robot_open_drawer__seed000__step101,google_robot_open_drawer,0,101,late,1,1,top_p80,49,0.8033466837211992,0.37774095050076795,0.46938775510204084
google_robot_open_drawer__seed000__step101,google_robot_open_drawer,0,101,late,1,1,true_scale_150,34,0.6988636783935277,0.31831141786114053,0.6764705882352942
google_robot_open_drawer__seed011__step011,google_robot_open_drawer,11,11,early,1,1,true_matched,48,0.8666883153010547,0.3355037261098355,1.0
google_robot_open_drawer__seed011__step011,google_robot_open_drawer,11,11,early,1,1,wrong_entity,22,0.5962525640242864,0.2199803875926127,0.4583333333333333
google_robot_open_drawer__seed011__step011,google_robot_open_drawer,11,11,early,1,1,random_cluster,53,0.8935109210901737,0.36106095404941607,0.9056603773584906
google_robot_open_drawer__seed011__step011,google_robot_open_drawer,11,11,early,1,1,source_only,48,0.8666883153010547,0.3355037261098355,1.0
google_robot_open_drawer__seed011__step011,google_robot_open_drawer,11,11,early,1,1,target_only,48,0.8666883153010547,0.3355037261098355,1.0
google_robot_open_drawer__seed011__step011,google_robot_open_drawer,11,11,early,1,1,top_p80,40,0.8071003176314999,0.30579907959561153,0.8333333333333334
google_robot_open_drawer__seed011__step011,google_robot_open_drawer,11,11,early,1,1,true_scale_150,72,0.9474412354766932,0.4677083070822072,0.6666666666666666
google_robot_open_drawer__seed011__step056,google_robot_open_drawer,11,56,middle,1,1,true_matched,52,0.9403925362656247,0.38803592079783344,1.0
google_robot_open_drawer__seed011__step056,google_robot_open_drawer,11,56,middle,1,1,wrong_entity,43,0.9185025966300148,0.3537836887598028,0.8269230769230769
google_robot_open_drawer__seed011__step056,google_robot_open_drawer,11,56,middle,1,1,random_cluster,43,0.9185025966300148,0.3537836887598028,0.8269230769230769
google_robot_open_drawer__seed011__step056,google_robot_open_drawer,11,56,middle,1,1,source_only,52,0.9403925362656247,0.38803592079783344,1.0
google_robot_open_drawer__seed011__step056,google_robot_open_drawer,11,56,middle,1,1,target_only,52,0.9403925362656247,0.38803592079783344,1.0
google_robot_open_drawer__seed011__step056,google_robot_open_drawer,11,56,middle,1,1,top_p80,27,0.8061912762819858,0.24700998525145962,0.5192307692307693
google_robot_open_drawer__seed011__step056,google_robot_open_drawer,11,56,middle,1,1,true_scale_150,78,0.9703500147824728,0.4782914750113253,0.6666666666666666
google_robot_open_drawer__seed011__step101,google_robot_open_drawer,11,101,late,1,1,true_matched,35,0.8127004272225341,0.3359729370952823,1.0
google_robot_open_drawer__seed011__step101,google_robot_open_drawer,11,101,late,1,1,wrong_entity,23,0.6721399919507658,0.25878296420449654,0.6571428571428571
google_robot_open_drawer__seed011__step101,google_robot_open_drawer,11,101,late,1,1,random_cluster,54,0.9144188685841793,0.4202700614231201,0.6481481481481481
google_robot_open_drawer__seed011__step101,google_robot_open_drawer,11,101,late,1,1,source_only,35,0.8127004272225341,0.3359729370952823,1.0
google_robot_open_drawer__seed011__step101,google_robot_open_drawer,11,101,late,1,1,target_only,35,0.8127004272225341,0.3359729370952823,1.0
google_robot_open_drawer__seed011__step101,google_robot_open_drawer,11,101,late,1,1,top_p80,34,0.8028926603991974,0.32650768452962464,0.9714285714285714
google_robot_open_drawer__seed011__step101,google_robot_open_drawer,11,101,late,1,1,true_scale_150,52,0.9083120004967998,0.4140844482375174,0.6730769230769231
google_robot_open_drawer__seed032__step011,google_robot_open_drawer,32,11,early,1,1,true_matched,31,0.6468246724895705,0.26839991099387595,1.0
google_robot_open_drawer__seed032__step011,google_robot_open_drawer,32,11,early,1,1,wrong_entity,50,0.8228467394156658,0.39201895702814554,0.62
google_robot_open_drawer__seed032__step011,google_robot_open_drawer,32,11,early,1,1,random_cluster,22,0.5081291024646655,0.2138677864956537,0.7096774193548387
google_robot_open_drawer__seed032__step011,google_robot_open_drawer,32,11,early,1,1,source_only,31,0.6468246724895705,0.26839991099387595,1.0
google_robot_open_drawer__seed032__step011,google_robot_open_drawer,32,11,early,1,1,target_only,31,0.6468246724895705,0.26839991099387595,1.0
google_robot_open_drawer__seed032__step011,google_robot_open_drawer,32,11,early,1,1,top_p80,47,0.8037096570344324,0.3727708510825828,0.6595744680851063
google_robot_open_drawer__seed032__step011,google_robot_open_drawer,32,11,early,1,1,true_scale_150,46,0.7969160659171839,0.3698211313474017,0.6739130434782609
google_robot_open_drawer__seed032__step056,google_robot_open_drawer,32,56,middle,1,1,true_matched,25,0.46734274710777624,0.2496665187045717,1.0
google_robot_open_drawer__seed032__step056,google_robot_open_drawer,32,56,middle,1,1,wrong_entity,34,0.566713731086561,0.2945635608203838,0.7352941176470589
google_robot_open_drawer__seed032__step056,google_robot_open_drawer,32,56,middle,1,1,random_cluster,34,0.566713731086561,0.2945635608203838,0.7352941176470589
google_robot_open_drawer__seed032__step056,google_robot_open_drawer,32,56,middle,1,1,source_only,25,0.46734274710777624,0.2496665187045717,1.0
google_robot_open_drawer__seed032__step056,google_robot_open_drawer,32,56,middle,1,1,target_only,25,0.46734274710777624,0.2496665187045717,1.0
google_robot_open_drawer__seed032__step056,google_robot_open_drawer,32,56,middle,1,1,top_p80,64,0.7947746375390021,0.42630470996019415,0.390625
google_robot_open_drawer__seed032__step056,google_robot_open_drawer,32,56,middle,1,1,true_scale_150,38,0.6068000187891508,0.322528711434821,0.6578947368421053
google_robot_open_drawer__seed032__step101,google_robot_open_drawer,32,101,late,1,1,true_matched,30,0.5212396017747585,0.28466689579743576,1.0
google_robot_open_drawer__seed032__step101,google_robot_open_drawer,32,101,late,1,1,wrong_entity,30,0.5212396017747585,0.28466689579743576,1.0
google_robot_open_drawer__seed032__step101,google_robot_open_drawer,32,101,late,1,1,random_cluster,36,0.5849391069969018,0.30948238063354994,0.8333333333333334
google_robot_open_drawer__seed032__step101,google_robot_open_drawer,32,101,late,1,1,source_only,30,0.5212396017747585,0.28466689579743576,1.0
google_robot_open_drawer__seed032__step101,google_robot_open_drawer,32,101,late,1,1,target_only,30,0.5212396017747585,0.28466689579743576,1.0
google_robot_open_drawer__seed032__step101,google_robot_open_drawer,32,101,late,1,1,top_p80,64,0.7950109915245955,0.42260732438037896,0.46875
google_robot_open_drawer__seed032__step101,google_robot_open_drawer,32,101,late,1,1,true_scale_150,45,0.6677296904953588,0.33184860956135825,0.6666666666666666
google_robot_open_drawer__seed095__step011,google_robot_open_drawer,95,11,early,1,1,true_matched,47,0.9058586482837659,0.3658158492849658,1.0
google_robot_open_drawer__seed095__step011,google_robot_open_drawer,95,11,early,1,1,wrong_entity,59,0.9376590086959553,0.43325747803363107,0.7966101694915254
google_robot_open_drawer__seed095__step011,google_robot_open_drawer,95,11,early,1,1,random_cluster,28,0.7788612497735729,0.26069716676660437,0.5957446808510638
google_robot_open_drawer__seed095__step011,google_robot_open_drawer,95,11,early,1,1,source_only,47,0.9058586482837659,0.3658158492849658,1.0
google_robot_open_drawer__seed095__step011,google_robot_open_drawer,95,11,early,1,1,target_only,47,0.9058586482837659,0.3658158492849658,1.0
google_robot_open_drawer__seed095__step011,google_robot_open_drawer,95,11,early,1,1,top_p80,31,0.808430680142997,0.2709018036871356,0.6595744680851063
google_robot_open_drawer__seed095__step011,google_robot_open_drawer,95,11,early,1,1,true_scale_150,70,0.9551431560599908,0.4827020520554572,0.6714285714285714
google_robot_open_drawer__seed095__step056,google_robot_open_drawer,95,56,middle,1,1,true_matched,47,0.9177786297320791,0.3645939187053256,1.0
google_robot_open_drawer__seed095__step056,google_robot_open_drawer,95,56,middle,1,1,wrong_entity,41,0.9015122670136624,0.3468818105883948,0.8723404255319149
google_robot_open_drawer__seed095__step056,google_robot_open_drawer,95,56,middle,1,1,random_cluster,12,0.6978187347969581,0.1842101462741699,0.2553191489361702
google_robot_open_drawer__seed095__step056,google_robot_open_drawer,95,56,middle,1,1,source_only,47,0.9177786297320791,0.3645939187053256,1.0
google_robot_open_drawer__seed095__step056,google_robot_open_drawer,95,56,middle,1,1,target_only,47,0.9177786297320791,0.3645939187053256,1.0
google_robot_open_drawer__seed095__step056,google_robot_open_drawer,95,56,middle,1,1,top_p80,20,0.8031224056157963,0.24907739802768505,0.425531914893617
google_robot_open_drawer__seed095__step056,google_robot_open_drawer,95,56,middle,1,1,true_scale_150,70,0.9503519417220186,0.44240377727861024,0.6714285714285714
google_robot_open_drawer__seed095__step101,google_robot_open_drawer,95,101,late,1,1,true_matched,48,0.8881409541941855,0.37156900995192954,1.0
google_robot_open_drawer__seed095__step101,google_robot_open_drawer,95,101,late,1,1,wrong_entity,43,0.873120815513719,0.34536161904001383,0.8958333333333334
google_robot_open_drawer__seed095__step101,google_robot_open_drawer,95,101,late,1,1,random_cluster,13,0.6772873508036505,0.18635110761737833,0.2708333333333333
google_robot_open_drawer__seed095__step101,google_robot_open_drawer,95,101,late,1,1,source_only,48,0.8881409541941855,0.37156900995192954,1.0
google_robot_open_drawer__seed095__step101,google_robot_open_drawer,95,101,late,1,1,target_only,48,0.8881409541941855,0.37156900995192954,1.0
google_robot_open_drawer__seed095__step101,google_robot_open_drawer,95,101,late,1,1,top_p80,26,0.8007590539146245,0.27057361776618877,0.5416666666666666
google_robot_open_drawer__seed095__step101,google_robot_open_drawer,95,101,late,1,1,true_scale_150,72,0.9357089033091903,0.448544009981491,0.6666666666666666
google_robot_open_drawer__seed097__step011,google_robot_open_drawer,97,11,early,1,1,true_matched,52,0.916375858261116,0.4087280899902791,1.0
google_robot_open_drawer__seed097__step011,google_robot_open_drawer,97,11,early,1,1,wrong_entity,54,0.9217203855550002,0.4302484626277726,0.9629629629629629
google_robot_open_drawer__seed097__step011,google_robot_open_drawer,97,11,early,1,1,random_cluster,34,0.811490713534019,0.32075578143112715,0.6538461538461539
google_robot_open_drawer__seed097__step011,google_robot_open_drawer,97,11,early,1,1,source_only,52,0.916375858261116,0.4087280899902791,1.0
google_robot_open_drawer__seed097__step011,google_robot_open_drawer,97,11,early,1,1,target_only,52,0.916375858261116,0.4087280899902791,1.0
google_robot_open_drawer__seed097__step011,google_robot_open_drawer,97,11,early,1,1,top_p80,33,0.8010432440022583,0.30639244800468135,0.6346153846153846
google_robot_open_drawer__seed097__step011,google_robot_open_drawer,97,11,early,1,1,true_scale_150,78,0.9619921745343113,0.5154013657086971,0.6666666666666666
google_robot_open_drawer__seed097__step056,google_robot_open_drawer,97,56,middle,1,1,true_matched,26,0.8607222310719393,0.28182253092490184,1.0
google_robot_open_drawer__seed097__step056,google_robot_open_drawer,97,56,middle,1,1,wrong_entity,40,0.9160823798425494,0.3504248586609079,0.65
google_robot_open_drawer__seed097__step056,google_robot_open_drawer,97,56,middle,1,1,random_cluster,38,0.9105490804374847,0.3423177801615863,0.6842105263157895
google_robot_open_drawer__seed097__step056,google_robot_open_drawer,97,56,middle,1,1,source_only,26,0.8607222310719393,0.28182253092490184,1.0
google_robot_open_drawer__seed097__step056,google_robot_open_drawer,97,56,middle,1,1,target_only,26,0.8607222310719393,0.28182253092490184,1.0
google_robot_open_drawer__seed097__step056,google_robot_open_drawer,97,56,middle,1,1,top_p80,21,0.8120680782304418,0.2559530047328235,0.8076923076923077
google_robot_open_drawer__seed097__step056,google_robot_open_drawer,97,56,middle,1,1,true_scale_150,39,0.913337074607919,0.34592688191060256,0.6666666666666666
google_robot_open_drawer__seed097__step101,google_robot_open_drawer,97,101,late,1,1,true_matched,20,0.8413884948498971,0.24811072330485964,1.0
google_robot_open_drawer__seed097__step101,google_robot_open_drawer,97,101,late,1,1,wrong_entity,38,0.9289760353431455,0.33949836665183725,0.5263157894736842
google_robot_open_drawer__seed097__step101,google_robot_open_drawer,97,101,late,1,1,random_cluster,38,0.9289760353431455,0.33949836665183725,0.5263157894736842
google_robot_open_drawer__seed097__step101,google_robot_open_drawer,97,101,late,1,1,source_only,20,0.8413884948498971,0.24811072330485964,1.0
google_robot_open_drawer__seed097__step101,google_robot_open_drawer,97,101,late,1,1,target_only,20,0.8413884948498971,0.24811072330485964,1.0
google_robot_open_drawer__seed097__step101,google_robot_open_drawer,97,101,late,1,1,top_p80,17,0.8044649668289411,0.2279300308657921,0.85
google_robot_open_drawer__seed097__step101,google_robot_open_drawer,97,101,late,1,1,true_scale_150,30,0.9081121405033699,0.3056893501697225,0.6666666666666666
google_robot_pick_coke_can__seed001__step008,google_robot_pick_coke_can,1,8,early,1,1,true_matched,27,0.8525897960169305,0.34734480651504185,1.0
google_robot_pick_coke_can__seed001__step008,google_robot_pick_coke_can,1,8,early,1,1,wrong_entity,27,0.8525897960169305,0.34734480651504185,1.0
google_robot_pick_coke_can__seed001__step008,google_robot_pick_coke_can,1,8,early,1,1,random_cluster,36,0.8916626318507961,0.40160496440351096,0.75
google_robot_pick_coke_can__seed001__step008,google_robot_pick_coke_can,1,8,early,1,1,source_only,27,0.8525897960169305,0.34734480651504185,1.0
google_robot_pick_coke_can__seed001__step008,google_robot_pick_coke_can,1,8,early,1,1,target_only,27,0.8525897960169305,0.34734480651504185,1.0
google_robot_pick_coke_can__seed001__step008,google_robot_pick_coke_can,1,8,early,1,1,top_p80,20,0.8078370912590449,0.3221217329521956,0.7407407407407407
google_robot_pick_coke_can__seed001__step008,google_robot_pick_coke_can,1,8,early,1,1,true_scale_150,40,0.9036385809381475,0.41464153336248205,0.675
google_robot_pick_coke_can__seed001__step040,google_robot_pick_coke_can,1,40,middle,1,1,true_matched,30,0.7538302623543136,0.2732565628842596,1.0
google_robot_pick_coke_can__seed001__step040,google_robot_pick_coke_can,1,40,middle,1,1,wrong_entity,38,0.8031052944673569,0.3111229504247531,0.7894736842105263
google_robot_pick_coke_can__seed001__step040,google_robot_pick_coke_can,1,40,middle,1,1,random_cluster,40,0.814484367357532,0.3169068400270097,0.75
google_robot_pick_coke_can__seed001__step040,google_robot_pick_coke_can,1,40,middle,1,1,source_only,30,0.7538302623543136,0.2732565628842596,1.0
google_robot_pick_coke_can__seed001__step040,google_robot_pick_coke_can,1,40,middle,1,1,target_only,30,0.7538302623543136,0.2732565628842596,1.0
google_robot_pick_coke_can__seed001__step040,google_robot_pick_coke_can,1,40,middle,1,1,top_p80,38,0.8031052944673569,0.3111229504247531,0.7894736842105263
google_robot_pick_coke_can__seed001__step040,google_robot_pick_coke_can,1,40,middle,1,1,true_scale_150,45,0.8402812696047832,0.3332449472609975,0.6666666666666666
google_robot_pick_coke_can__seed001__step071,google_robot_pick_coke_can,1,71,late,1,1,true_matched,23,0.6942914971181477,0.2358140052837864,1.0
google_robot_pick_coke_can__seed001__step071,google_robot_pick_coke_can,1,71,late,1,1,wrong_entity,32,0.7661091959330131,0.2895547788842488,0.71875
google_robot_pick_coke_can__seed001__step071,google_robot_pick_coke_can,1,71,late,1,1,random_cluster,34,0.77913797428878,0.29583387001206385,0.6764705882352942
google_robot_pick_coke_can__seed001__step071,google_robot_pick_coke_can,1,71,late,1,1,source_only,23,0.6942914971181477,0.2358140052837864,1.0
google_robot_pick_coke_can__seed001__step071,google_robot_pick_coke_can,1,71,late,1,1,target_only,23,0.6942914971181477,0.2358140052837864,1.0
google_robot_pick_coke_can__seed001__step071,google_robot_pick_coke_can,1,71,late,1,1,top_p80,38,0.8040742696860497,0.3143440000496261,0.6052631578947368
google_robot_pick_coke_can__seed001__step071,google_robot_pick_coke_can,1,71,late,1,1,true_scale_150,34,0.77913797428878,0.29583387001206385,0.6764705882352942
google_robot_pick_coke_can__seed003__step008,google_robot_pick_coke_can,3,8,early,1,1,true_matched,37,0.8226450195661751,0.3630131140916407,1.0
google_robot_pick_coke_can__seed003__step008,google_robot_pick_coke_can,3,8,early,1,1,wrong_entity,22,0.7104756102575198,0.2919717766300939,0.5945945945945946
google_robot_pick_coke_can__seed003__step008,google_robot_pick_coke_can,3,8,early,1,1,random_cluster,26,0.7475829259195221,0.3209816716627091,0.7027027027027027
google_robot_pick_coke_can__seed003__step008,google_robot_pick_coke_can,3,8,early,1,1,source_only,37,0.8226450195661751,0.3630131140916407,1.0
google_robot_pick_coke_can__seed003__step008,google_robot_pick_coke_can,3,8,early,1,1,target_only,37,0.8226450195661751,0.3630131140916407,1.0
google_robot_pick_coke_can__seed003__step008,google_robot_pick_coke_can,3,8,early,1,1,top_p80,33,0.8001813760243524,0.35170430828123517,0.8918918918918919
google_robot_pick_coke_can__seed003__step008,google_robot_pick_coke_can,3,8,early,1,1,true_scale_150,56,0.9014037728572412,0.4354951467105593,0.6607142857142857
google_robot_pick_coke_can__seed003__step040,google_robot_pick_coke_can,3,40,middle,1,1,true_matched,32,0.8161439629318086,0.30222127777843905,1.0
google_robot_pick_coke_can__seed003__step040,google_robot_pick_coke_can,3,40,middle,1,1,wrong_entity,41,0.8564305421641631,0.3455114703061824,0.7804878048780488
google_robot_pick_coke_can__seed003__step040,google_robot_pick_coke_can,3,40,middle,1,1,random_cluster,30,0.8052188361851584,0.2989790903359653,0.9375
google_robot_pick_coke_can__seed003__step040,google_robot_pick_coke_can,3,40,middle,1,1,source_only,32,0.8161439629318086,0.30222127777843905,1.0
google_robot_pick_coke_can__seed003__step040,google_robot_pick_coke_can,3,40,middle,1,1,target_only,32,0.8161439629318086,0.30222127777843905,1.0
google_robot_pick_coke_can__seed003__step040,google_robot_pick_coke_can,3,40,middle,1,1,top_p80,30,0.8052188361851584,0.2989790903359653,0.9375
google_robot_pick_coke_can__seed003__step040,google_robot_pick_coke_can,3,40,middle,1,1,true_scale_150,48,0.8803401659592616,0.3717226859874062,0.6666666666666666
google_robot_pick_coke_can__seed003__step071,google_robot_pick_coke_can,3,71,late,1,1,true_matched,49,0.8928876647511066,0.3748611492640291,1.0
google_robot_pick_coke_can__seed003__step071,google_robot_pick_coke_can,3,71,late,1,1,wrong_entity,32,0.8251814502587363,0.30534932119615626,0.6530612244897959
google_robot_pick_coke_can__seed003__step071,google_robot_pick_coke_can,3,71,late,1,1,random_cluster,38,0.8529962505101314,0.3359422777870261,0.7755102040816326
google_robot_pick_coke_can__seed003__step071,google_robot_pick_coke_can,3,71,late,1,1,source_only,49,0.8928876647511066,0.3748611492640291,1.0
google_robot_pick_coke_can__seed003__step071,google_robot_pick_coke_can,3,71,late,1,1,target_only,49,0.8928876647511066,0.3748611492640291,1.0
google_robot_pick_coke_can__seed003__step071,google_robot_pick_coke_can,3,71,late,1,1,top_p80,28,0.8038556233359303,0.2788343035256464,0.5714285714285714
google_robot_pick_coke_can__seed003__step071,google_robot_pick_coke_can,3,71,late,1,1,true_scale_150,74,0.9468938608968974,0.45777026721227715,0.6621621621621622
google_robot_pick_coke_can__seed030__step008,google_robot_pick_coke_can,30,8,early,1,1,true_matched,18,0.5717416527585558,0.24518436364657156,1.0
google_robot_pick_coke_can__seed030__step008,google_robot_pick_coke_can,30,8,early,1,1,wrong_entity,31,0.7203036002359995,0.31831676198394465,0.5806451612903226
google_robot_pick_coke_can__seed030__step008,google_robot_pick_coke_can,30,8,early,1,1,random_cluster,48,0.8343773080129384,0.41010796780234404,0.375
google_robot_pick_coke_can__seed030__step008,google_robot_pick_coke_can,30,8,early,1,1,source_only,18,0.5717416527585558,0.24518436364657156,1.0
google_robot_pick_coke_can__seed030__step008,google_robot_pick_coke_can,30,8,early,1,1,target_only,18,0.5717416527585558,0.24518436364657156,1.0
google_robot_pick_coke_can__seed030__step008,google_robot_pick_coke_can,30,8,early,1,1,top_p80,42,0.8002926539025672,0.3941556395804518,0.42857142857142855
google_robot_pick_coke_can__seed030__step008,google_robot_pick_coke_can,30,8,early,1,1,true_scale_150,27,0.6794456634970277,0.2918027506558964,0.6666666666666666
google_robot_pick_coke_can__seed030__step040,google_robot_pick_coke_can,30,40,middle,1,1,true_matched,59,0.8990212016401166,0.42012577505851617,1.0
google_robot_pick_coke_can__seed030__step040,google_robot_pick_coke_can,30,40,middle,1,1,wrong_entity,15,0.5565489968048126,0.1901366093410787,0.2542372881355932
google_robot_pick_coke_can__seed030__step040,google_robot_pick_coke_can,30,40,middle,1,1,random_cluster,48,0.8547708181451398,0.3790204775899421,0.8135593220338984
google_robot_pick_coke_can__seed030__step040,google_robot_pick_coke_can,30,40,middle,1,1,source_only,59,0.8990212016401166,0.42012577505851617,1.0
google_robot_pick_coke_can__seed030__step040,google_robot_pick_coke_can,30,40,middle,1,1,target_only,59,0.8990212016401166,0.42012577505851617,1.0
google_robot_pick_coke_can__seed030__step040,google_robot_pick_coke_can,30,40,middle,1,1,top_p80,38,0.8003333794143359,0.3098759979943294,0.6440677966101694
google_robot_pick_coke_can__seed030__step040,google_robot_pick_coke_can,30,40,middle,1,1,true_scale_150,88,0.9592326693174624,0.52227662660878,0.6704545454545454
google_robot_pick_coke_can__seed030__step071,google_robot_pick_coke_can,30,71,late,1,1,true_matched,11,0.6325356103439023,0.18572686658868484,1.0
google_robot_pick_coke_can__seed030__step071,google_robot_pick_coke_can,30,71,late,1,1,wrong_entity,38,0.9033444048588105,0.3407815984939304,0.2894736842105263
google_robot_pick_coke_can__seed030__step071,google_robot_pick_coke_can,30,71,late,1,1,random_cluster,52,0.9412992661036754,0.4092109500665736,0.21153846153846154
google_robot_pick_coke_can__seed030__step071,google_robot_pick_coke_can,30,71,late,1,1,source_only,11,0.6325356103439023,0.18572686658868484,1.0
google_robot_pick_coke_can__seed030__step071,google_robot_pick_coke_can,30,71,late,1,1,target_only,11,0.6325356103439023,0.18572686658868484,1.0
google_robot_pick_coke_can__seed030__step071,google_robot_pick_coke_can,30,71,late,1,1,top_p80,23,0.8092112060207697,0.26781487680822574,0.4782608695652174
google_robot_pick_coke_can__seed030__step071,google_robot_pick_coke_can,30,71,late,1,1,true_scale_150,16,0.7251966514183623,0.23761025038568107,0.6875
google_robot_pick_coke_can__seed059__step008,google_robot_pick_coke_can,59,8,early,1,1,true_matched,13,0.5306536779663376,0.2178941848829359,1.0
google_robot_pick_coke_can__seed059__step008,google_robot_pick_coke_can,59,8,early,1,1,wrong_entity,30,0.7622444391635084,0.35583757494204643,0.43333333333333335
google_robot_pick_coke_can__seed059__step008,google_robot_pick_coke_can,59,8,early,1,1,random_cluster,33,0.7857542880721049,0.37053652334387827,0.3939393939393939
google_robot_pick_coke_can__seed059__step008,google_robot_pick_coke_can,59,8,early,1,1,source_only,13,0.5306536779663376,0.2178941848829359,1.0
google_robot_pick_coke_can__seed059__step008,google_robot_pick_coke_can,59,8,early,1,1,target_only,13,0.5306536779663376,0.2178941848829359,1.0
google_robot_pick_coke_can__seed059__step008,google_robot_pick_coke_can,59,8,early,1,1,top_p80,35,0.800106032923315,0.3802947740694706,0.37142857142857144
google_robot_pick_coke_can__seed059__step008,google_robot_pick_coke_can,59,8,early,1,1,true_scale_150,20,0.6550224670271401,0.2821148196230173,0.65
google_robot_pick_coke_can__seed059__step040,google_robot_pick_coke_can,59,40,middle,1,1,true_matched,64,0.9124296426474382,0.40966287834977955,1.0
google_robot_pick_coke_can__seed059__step040,google_robot_pick_coke_can,59,40,middle,1,1,wrong_entity,38,0.8078271958301784,0.30894140859597397,0.59375
google_robot_pick_coke_can__seed059__step040,google_robot_pick_coke_can,59,40,middle,1,1,random_cluster,27,0.7268393737144825,0.26045703568981726,0.421875
google_robot_pick_coke_can__seed059__step040,google_robot_pick_coke_can,59,40,middle,1,1,source_only,64,0.9124296426474382,0.40966287834977955,1.0
google_robot_pick_coke_can__seed059__step040,google_robot_pick_coke_can,59,40,middle,1,1,target_only,64,0.9124296426474382,0.40966287834977955,1.0
google_robot_pick_coke_can__seed059__step040,google_robot_pick_coke_can,59,40,middle,1,1,top_p80,37,0.8011568547700414,0.3046482048607134,0.578125
google_robot_pick_coke_can__seed059__step040,google_robot_pick_coke_can,59,40,middle,1,1,true_scale_150,96,0.964417648660967,0.5271772282914425,0.6666666666666666
google_robot_pick_coke_can__seed059__step071,google_robot_pick_coke_can,59,71,late,1,1,true_matched,38,0.9101982319608508,0.29923366020766073,1.0
google_robot_pick_coke_can__seed059__step071,google_robot_pick_coke_can,59,71,late,1,1,wrong_entity,33,0.8927213178842778,0.28110643820780207,0.868421052631579
google_robot_pick_coke_can__seed059__step071,google_robot_pick_coke_can,59,71,late,1,1,random_cluster,8,0.5502482777270155,0.14196672003390362,0.21052631578947367
google_robot_pick_coke_can__seed059__step071,google_robot_pick_coke_can,59,71,late,1,1,source_only,38,0.9101982319608508,0.29923366020766073,1.0
google_robot_pick_coke_can__seed059__step071,google_robot_pick_coke_can,59,71,late,1,1,target_only,38,0.9101982319608508,0.29923366020766073,1.0
google_robot_pick_coke_can__seed059__step071,google_robot_pick_coke_can,59,71,late,1,1,top_p80,21,0.8113875579737284,0.24261424905233867,0.5526315789473685
google_robot_pick_coke_can__seed059__step071,google_robot_pick_coke_can,59,71,late,1,1,true_scale_150,57,0.955074233715437,0.3727834153462192,0.6666666666666666
google_robot_pick_coke_can__seed095__step008,google_robot_pick_coke_can,95,8,early,1,1,true_matched,10,0.4742879011183377,0.19360030822256197,1.0
google_robot_pick_coke_can__seed095__step008,google_robot_pick_coke_can,95,8,early,1,1,wrong_entity,31,0.7594350761053549,0.3331768354943675,0.3225806451612903
google_robot_pick_coke_can__seed095__step008,google_robot_pick_coke_can,95,8,early,1,1,random_cluster,26,0.7109452153240723,0.31332094929312215,0.38461538461538464
google_robot_pick_coke_can__seed095__step008,google_robot_pick_coke_can,95,8,early,1,1,source_only,10,0.4742879011183377,0.19360030822256197,1.0
google_robot_pick_coke_can__seed095__step008,google_robot_pick_coke_can,95,8,early,1,1,target_only,10,0.4742879011183377,0.19360030822256197,1.0
google_robot_pick_coke_can__seed095__step008,google_robot_pick_coke_can,95,8,early,1,1,top_p80,36,0.800615827758025,0.35995541937546033,0.2777777777777778
google_robot_pick_coke_can__seed095__step008,google_robot_pick_coke_can,95,8,early,1,1,true_scale_150,15,0.5658314830712976,0.2399853898774696,0.6666666666666666
google_robot_pick_coke_can__seed095__step040,google_robot_pick_coke_can,95,40,middle,1,1,true_matched,43,0.8768535376778687,0.31801146228692234,1.0
google_robot_pick_coke_can__seed095__step040,google_robot_pick_coke_can,95,40,middle,1,1,wrong_entity,25,0.7868292757610439,0.24126342390582856,0.5813953488372093
google_robot_pick_coke_can__seed095__step040,google_robot_pick_coke_can,95,40,middle,1,1,random_cluster,21,0.7563659519493015,0.22826161038659082,0.4883720930232558
google_robot_pick_coke_can__seed095__step040,google_robot_pick_coke_can,95,40,middle,1,1,source_only,43,0.8768535376778687,0.31801146228692234,1.0
google_robot_pick_coke_can__seed095__step040,google_robot_pick_coke_can,95,40,middle,1,1,target_only,43,0.8768535376778687,0.31801146228692234,1.0
google_robot_pick_coke_can__seed095__step040,google_robot_pick_coke_can,95,40,middle,1,1,top_p80,28,0.8058420518403498,0.2603294482899353,0.6511627906976745
google_robot_pick_coke_can__seed095__step040,google_robot_pick_coke_can,95,40,middle,1,1,true_scale_150,64,0.932385677327432,0.39397774245252964,0.671875
google_robot_pick_coke_can__seed095__step071,google_robot_pick_coke_can,95,71,late,1,1,true_matched,56,0.9084036108357159,0.37066325898829494,1.0
google_robot_pick_coke_can__seed095__step071,google_robot_pick_coke_can,95,71,late,1,1,wrong_entity,40,0.8510952078570031,0.30046206724877766,0.7142857142857143
google_robot_pick_coke_can__seed095__step071,google_robot_pick_coke_can,95,71,late,1,1,random_cluster,56,0.9084036108357159,0.37066325898829494,1.0
google_robot_pick_coke_can__seed095__step071,google_robot_pick_coke_can,95,71,late,1,1,source_only,56,0.9084036108357159,0.37066325898829494,1.0
google_robot_pick_coke_can__seed095__step071,google_robot_pick_coke_can,95,71,late,1,1,target_only,56,0.9084036108357159,0.37066325898829494,1.0
google_robot_pick_coke_can__seed095__step071,google_robot_pick_coke_can,95,71,late,1,1,top_p80,30,0.8001440476699114,0.25588775435343736,0.5357142857142857
google_robot_pick_coke_can__seed095__step071,google_robot_pick_coke_can,95,71,late,1,1,true_scale_150,84,0.963114352274117,0.4837969392709221,0.6666666666666666
