state_id,task,seed,source_step,phase,split,arm,m,standard_overlap,v1_overlap,num_components,isolated_token_ratio,largest_component_ratio,feature_perturbation_total,selected_mean_relative_perturbation,centered_residual_norm,winner_flip_count
google_robot_move_near__seed000__step008,google_robot_move_near,0,8,early,validation,standard_shr,43,1.0,0.09302325581395349,4,0.023255813953488372,0.4418604651162791,200.84681701660156,0.8181297779083252,245.8717498779297,1
google_robot_move_near__seed000__step008,google_robot_move_near,0,8,early,validation,prompt_v1,43,0.09302325581395349,1.0,13,0.13953488372093023,0.3953488372093023,146.90924072265625,0.8361338973045349,149.07667541503906,3
google_robot_move_near__seed000__step008,google_robot_move_near,0,8,early,validation,prompt_single,43,0.3023255813953488,0.627906976744186,9,0.09302325581395349,0.6976744186046512,175.27670288085938,0.895514190196991,270.01043701171875,1
google_robot_move_near__seed000__step008,google_robot_move_near,0,8,early,validation,prompt_sparse,43,0.27906976744186046,0.6744186046511628,8,0.06976744186046512,0.627906976744186,155.04855346679688,0.8435454368591309,155.96612548828125,1
google_robot_move_near__seed000__step040,google_robot_move_near,0,40,middle,validation,standard_shr,26,1.0,0.34615384615384615,2,0.0,0.6538461538461539,156.27000427246094,1.0644066333770752,203.59324645996094,1
google_robot_move_near__seed000__step040,google_robot_move_near,0,40,middle,validation,prompt_v1,26,0.34615384615384615,1.0,17,0.4230769230769231,0.15384615384615385,119.76738739013672,0.8299480676651001,135.41123962402344,4
google_robot_move_near__seed000__step040,google_robot_move_near,0,40,middle,validation,prompt_single,26,0.6538461538461539,0.6153846153846154,8,0.15384615384615385,0.46153846153846156,129.9020233154297,0.8846026659011841,170.175048828125,4
google_robot_move_near__seed000__step040,google_robot_move_near,0,40,middle,validation,prompt_sparse,26,0.6923076923076923,0.6538461538461539,9,0.15384615384615385,0.46153846153846156,131.41636657714844,0.9116872549057007,165.29246520996094,4
google_robot_move_near__seed000__step071,google_robot_move_near,0,71,late,validation,standard_shr,42,1.0,0.09523809523809523,7,0.09523809523809523,0.5714285714285714,199.89830017089844,0.8322625160217285,48.476829528808594,0
google_robot_move_near__seed000__step071,google_robot_move_near,0,71,late,validation,prompt_v1,42,0.09523809523809523,1.0,16,0.14285714285714285,0.19047619047619047,146.31507873535156,0.8305620551109314,114.90550994873047,1
google_robot_move_near__seed000__step071,google_robot_move_near,0,71,late,validation,prompt_single,42,0.07142857142857142,0.6190476190476191,12,0.16666666666666666,0.5238095238095238,150.0069580078125,0.9004449248313904,154.06478881835938,1
google_robot_move_near__seed000__step071,google_robot_move_near,0,71,late,validation,prompt_sparse,42,0.047619047619047616,0.6428571428571429,11,0.14285714285714285,0.5,149.52066040039062,0.9045526385307312,155.92056274414062,1
google_robot_move_near__seed001__step008,google_robot_move_near,1,8,early,exploration,standard_shr,18,1.0,0.05555555555555555,4,0.05555555555555555,0.5555555555555556,135.7888946533203,0.9006470441818237,100.30670928955078,1
google_robot_move_near__seed001__step008,google_robot_move_near,1,8,early,exploration,prompt_v1,18,0.05555555555555555,1.0,12,0.3888888888888889,0.16666666666666666,90.685791015625,0.7764315009117126,93.3447036743164,2
google_robot_move_near__seed001__step008,google_robot_move_near,1,8,early,exploration,prompt_single,18,0.1111111111111111,0.4444444444444444,9,0.2222222222222222,0.2222222222222222,90.3155746459961,0.7503430247306824,128.7666015625,1
google_robot_move_near__seed001__step008,google_robot_move_near,1,8,early,exploration,prompt_sparse,18,0.05555555555555555,0.6111111111111112,10,0.2777777777777778,0.2222222222222222,87.57099914550781,0.8015739917755127,124.0162582397461,3
google_robot_move_near__seed001__step040,google_robot_move_near,1,40,middle,exploration,standard_shr,30,1.0,0.1,6,0.06666666666666667,0.3333333333333333,155.6707763671875,0.7761204242706299,110.66434478759766,0
google_robot_move_near__seed001__step040,google_robot_move_near,1,40,middle,exploration,prompt_v1,30,0.1,1.0,10,0.16666666666666666,0.3333333333333333,117.626953125,0.7969223856925964,109.92220306396484,0
google_robot_move_near__seed001__step040,google_robot_move_near,1,40,middle,exploration,prompt_single,30,0.3,0.6,6,0.1,0.7666666666666667,134.59768676757812,0.9112541675567627,149.65798950195312,0
google_robot_move_near__seed001__step040,google_robot_move_near,1,40,middle,exploration,prompt_sparse,30,0.3,0.6,6,0.1,0.7666666666666667,135.06463623046875,0.9125081896781921,150.09957885742188,0
google_robot_move_near__seed001__step071,google_robot_move_near,1,71,late,exploration,standard_shr,23,1.0,0.13043478260869565,6,0.13043478260869565,0.43478260869565216,138.73475646972656,0.8321760296821594,116.1624984741211,0
google_robot_move_near__seed001__step071,google_robot_move_near,1,71,late,exploration,prompt_v1,23,0.13043478260869565,1.0,10,0.17391304347826086,0.2608695652173913,105.29277801513672,0.7830338478088379,96.37281036376953,0
google_robot_move_near__seed001__step071,google_robot_move_near,1,71,late,exploration,prompt_single,23,0.30434782608695654,0.6521739130434783,6,0.043478260869565216,0.391304347826087,110.7165298461914,0.859285295009613,117.12223052978516,0
google_robot_move_near__seed001__step071,google_robot_move_near,1,71,late,exploration,prompt_sparse,23,0.30434782608695654,0.6521739130434783,6,0.08695652173913043,0.6521739130434783,112.70932006835938,0.8879803419113159,144.1511688232422,0
google_robot_move_near__seed002__step008,google_robot_move_near,2,8,early,exploration,standard_shr,37,1.0,0.05405405405405406,3,0.0,0.5135135135135135,173.97265625,0.8298919796943665,184.05313110351562,4
google_robot_move_near__seed002__step008,google_robot_move_near,2,8,early,exploration,prompt_v1,37,0.05405405405405406,1.0,19,0.24324324324324326,0.16216216216216217,132.3134002685547,0.8432256579399109,143.0091552734375,4
google_robot_move_near__seed002__step008,google_robot_move_near,2,8,early,exploration,prompt_single,37,0.2702702702702703,0.5945945945945946,12,0.13513513513513514,0.2972972972972973,159.05831909179688,0.921074628829956,216.7505645751953,1
google_robot_move_near__seed002__step008,google_robot_move_near,2,8,early,exploration,prompt_sparse,37,0.21621621621621623,0.7027027027027027,15,0.21621621621621623,0.21621621621621623,144.72085571289062,0.890626847743988,190.87640380859375,3
google_robot_move_near__seed002__step040,google_robot_move_near,2,40,middle,exploration,standard_shr,55,1.0,0.09090909090909091,7,0.05454545454545454,0.5454545454545454,210.95883178710938,0.8042086362838745,65.56690216064453,0
google_robot_move_near__seed002__step040,google_robot_move_near,2,40,middle,exploration,prompt_v1,55,0.09090909090909091,1.0,17,0.16363636363636364,0.2909090909090909,162.59066772460938,0.8372689485549927,122.0166015625,0
google_robot_move_near__seed002__step040,google_robot_move_near,2,40,middle,exploration,prompt_single,55,0.12727272727272726,0.7090909090909091,15,0.18181818181818182,0.5636363636363636,180.85133361816406,0.9174939393997192,169.59072875976562,0
google_robot_move_near__seed002__step040,google_robot_move_near,2,40,middle,exploration,prompt_sparse,55,0.12727272727272726,0.7454545454545455,14,0.10909090909090909,0.41818181818181815,184.2010040283203,0.9312685132026672,166.45230102539062,0
google_robot_move_near__seed002__step071,google_robot_move_near,2,71,late,exploration,standard_shr,25,1.0,0.12,2,0.0,0.72,150.9604034423828,0.8160626292228699,70.75082397460938,0
google_robot_move_near__seed002__step071,google_robot_move_near,2,71,late,exploration,prompt_v1,25,0.12,1.0,11,0.28,0.4,111.46533203125,0.8367469906806946,110.5660171508789,0
google_robot_move_near__seed002__step071,google_robot_move_near,2,71,late,exploration,prompt_single,25,0.04,0.64,8,0.2,0.56,119.40650177001953,0.8992968797683716,163.27005004882812,0
google_robot_move_near__seed002__step071,google_robot_move_near,2,71,late,exploration,prompt_sparse,25,0.04,0.68,8,0.16,0.56,117.13343048095703,0.9218977093696594,155.2171630859375,1
google_robot_move_near__seed013__step008,google_robot_move_near,13,8,early,validation,standard_shr,24,1.0,0.20833333333333334,3,0.0,0.6666666666666666,139.29873657226562,0.9338836669921875,220.81967163085938,1
google_robot_move_near__seed013__step008,google_robot_move_near,13,8,early,validation,prompt_v1,24,0.20833333333333334,1.0,13,0.2916666666666667,0.16666666666666666,102.0766372680664,0.7923223376274109,133.660400390625,2
google_robot_move_near__seed013__step008,google_robot_move_near,13,8,early,validation,prompt_single,24,0.4166666666666667,0.625,10,0.20833333333333334,0.25,106.47200012207031,0.7769338488578796,135.1071319580078,2
google_robot_move_near__seed013__step008,google_robot_move_near,13,8,early,validation,prompt_sparse,24,0.375,0.5416666666666666,10,0.25,0.3333333333333333,102.813232421875,0.808193027973175,110.22949981689453,4
google_robot_move_near__seed013__step040,google_robot_move_near,13,40,middle,validation,standard_shr,48,1.0,0.3125,1,0.0,1.0,167.96580505371094,0.8758301734924316,138.69586181640625,1
google_robot_move_near__seed013__step040,google_robot_move_near,13,40,middle,validation,prompt_v1,48,0.3125,1.0,14,0.1875,0.4375,143.3129119873047,0.8170896172523499,151.82725524902344,1
google_robot_move_near__seed013__step040,google_robot_move_near,13,40,middle,validation,prompt_single,48,0.3541666666666667,0.6666666666666666,10,0.125,0.5833333333333334,151.7691192626953,0.913200855255127,189.3775177001953,2
google_robot_move_near__seed013__step040,google_robot_move_near,13,40,middle,validation,prompt_sparse,48,0.3125,0.7083333333333334,10,0.125,0.5833333333333334,153.97328186035156,0.9221437573432922,186.03688049316406,2
google_robot_move_near__seed013__step071,google_robot_move_near,13,71,late,validation,standard_shr,23,1.0,0.2608695652173913,1,0.0,1.0,141.99618530273438,0.9710670113563538,195.06277465820312,2
google_robot_move_near__seed013__step071,google_robot_move_near,13,71,late,validation,prompt_v1,23,0.2608695652173913,1.0,12,0.2608695652173913,0.17391304347826086,109.49311828613281,0.831371545791626,109.67523956298828,1
google_robot_move_near__seed013__step071,google_robot_move_near,13,71,late,validation,prompt_single,23,0.5652173913043478,0.5652173913043478,5,0.13043478260869565,0.6086956521739131,115.80677795410156,0.8365925550460815,172.34580993652344,2
google_robot_move_near__seed013__step071,google_robot_move_near,13,71,late,validation,prompt_sparse,23,0.6086956521739131,0.6086956521739131,5,0.08695652173913043,0.6521739130434783,119.45930480957031,0.8855875134468079,175.68661499023438,2
google_robot_move_near__seed031__step008,google_robot_move_near,31,8,early,exploration,standard_shr,60,1.0,0.43333333333333335,7,0.05,0.5333333333333333,182.81373596191406,0.965255081653595,232.78369140625,4
google_robot_move_near__seed031__step008,google_robot_move_near,31,8,early,exploration,prompt_v1,60,0.43333333333333335,1.0,12,0.06666666666666667,0.3333333333333333,177.74559020996094,0.8291910886764526,179.3546142578125,1
google_robot_move_near__seed031__step008,google_robot_move_near,31,8,early,exploration,prompt_single,60,0.5833333333333334,0.7333333333333333,8,0.03333333333333333,0.5166666666666667,189.0414276123047,0.8753232359886169,270.0819396972656,1
google_robot_move_near__seed031__step008,google_robot_move_near,31,8,early,exploration,prompt_sparse,60,0.5666666666666667,0.7333333333333333,10,0.08333333333333333,0.4166666666666667,185.01144409179688,0.8706943392753601,220.01202392578125,1
google_robot_move_near__seed031__step040,google_robot_move_near,31,40,middle,exploration,standard_shr,45,1.0,0.4666666666666667,4,0.044444444444444446,0.6666666666666666,199.51295471191406,1.0430209636688232,157.39996337890625,1
google_robot_move_near__seed031__step040,google_robot_move_near,31,40,middle,exploration,prompt_v1,45,0.4666666666666667,1.0,11,0.08888888888888889,0.35555555555555557,151.25741577148438,0.8313209414482117,142.95416259765625,0
google_robot_move_near__seed031__step040,google_robot_move_near,31,40,middle,exploration,prompt_single,45,0.6666666666666666,0.6888888888888889,9,0.08888888888888889,0.3333333333333333,156.46388244628906,0.8543300032615662,160.03416442871094,1
google_robot_move_near__seed031__step040,google_robot_move_near,31,40,middle,exploration,prompt_sparse,45,0.6666666666666666,0.7333333333333333,9,0.1111111111111111,0.3333333333333333,159.14962768554688,0.8885811567306519,165.6652374267578,1
google_robot_move_near__seed031__step071,google_robot_move_near,31,71,late,exploration,standard_shr,35,1.0,0.4,2,0.0,0.6285714285714286,171.92578125,0.98969966173172,150.60369873046875,1
google_robot_move_near__seed031__step071,google_robot_move_near,31,71,late,exploration,prompt_v1,35,0.4,1.0,10,0.08571428571428572,0.2571428571428571,133.64735412597656,0.8400366902351379,92.44957733154297,1
google_robot_move_near__seed031__step071,google_robot_move_near,31,71,late,exploration,prompt_single,35,0.6285714285714286,0.5714285714285714,8,0.14285714285714285,0.5142857142857142,140.964111328125,0.8644179701805115,166.2842559814453,1
google_robot_move_near__seed031__step071,google_robot_move_near,31,71,late,exploration,prompt_sparse,35,0.5714285714285714,0.6285714285714286,13,0.2571428571428571,0.37142857142857144,133.32070922851562,0.8437394499778748,162.4298553466797,2
google_robot_move_near__seed073__step008,google_robot_move_near,73,8,early,exploration,standard_shr,39,1.0,0.38461538461538464,4,0.0,0.4358974358974359,177.2412872314453,0.9794977903366089,156.43296813964844,1
google_robot_move_near__seed073__step008,google_robot_move_near,73,8,early,exploration,prompt_v1,39,0.38461538461538464,1.0,13,0.15384615384615385,0.20512820512820512,139.48104858398438,0.870849609375,154.11129760742188,1
google_robot_move_near__seed073__step008,google_robot_move_near,73,8,early,exploration,prompt_single,39,0.4358974358974359,0.6666666666666666,7,0.05128205128205128,0.3333333333333333,146.53236389160156,0.9159489274024963,178.98782348632812,2
google_robot_move_near__seed073__step008,google_robot_move_near,73,8,early,exploration,prompt_sparse,39,0.38461538461538464,0.7435897435897436,8,0.10256410256410256,0.358974358974359,143.1819305419922,0.9354580640792847,175.2321319580078,2
google_robot_move_near__seed073__step040,google_robot_move_near,73,40,middle,exploration,standard_shr,69,1.0,0.14492753623188406,6,0.028985507246376812,0.4057971014492754,249.13592529296875,0.8456509113311768,191.63417053222656,1
google_robot_move_near__seed073__step040,google_robot_move_near,73,40,middle,exploration,prompt_v1,69,0.14492753623188406,1.0,14,0.10144927536231885,0.42028985507246375,190.06008911132812,0.8423964977264404,170.58753967285156,3
google_robot_move_near__seed073__step040,google_robot_move_near,73,40,middle,exploration,prompt_single,69,0.2608695652173913,0.6956521739130435,11,0.07246376811594203,0.463768115942029,212.27957153320312,0.9069515466690063,209.15069580078125,0
google_robot_move_near__seed073__step040,google_robot_move_near,73,40,middle,exploration,prompt_sparse,69,0.2463768115942029,0.7681159420289855,13,0.11594202898550725,0.4057971014492754,209.32931518554688,0.9077555537223816,208.2969512939453,0
google_robot_move_near__seed073__step071,google_robot_move_near,73,71,late,exploration,standard_shr,46,1.0,0.3695652173913043,3,0.021739130434782608,0.5869565217391305,199.98159790039062,0.8877155184745789,158.29922485351562,0
google_robot_move_near__seed073__step071,google_robot_move_near,73,71,late,exploration,prompt_v1,46,0.3695652173913043,1.0,12,0.10869565217391304,0.4782608695652174,155.50308227539062,0.8379992842674255,130.20370483398438,0
google_robot_move_near__seed073__step071,google_robot_move_near,73,71,late,exploration,prompt_single,46,0.5217391304347826,0.6956521739130435,8,0.08695652173913043,0.6521739130434783,169.5807647705078,0.9204543828964233,150.45703125,0
google_robot_move_near__seed073__step071,google_robot_move_near,73,71,late,exploration,prompt_sparse,46,0.5434782608695652,0.7608695652173914,8,0.08695652173913043,0.6304347826086957,172.8594970703125,0.9461091756820679,149.9978790283203,0
google_robot_move_near__seed089__step008,google_robot_move_near,89,8,early,validation,standard_shr,38,1.0,0.2631578947368421,4,0.0,0.42105263157894735,171.60475158691406,0.9640706777572632,190.99276733398438,1
google_robot_move_near__seed089__step008,google_robot_move_near,89,8,early,validation,prompt_v1,38,0.2631578947368421,1.0,14,0.13157894736842105,0.15789473684210525,132.15919494628906,0.8502710461616516,151.31503295898438,2
google_robot_move_near__seed089__step008,google_robot_move_near,89,8,early,validation,prompt_single,38,0.39473684210526316,0.6578947368421053,9,0.07894736842105263,0.23684210526315788,139.13668823242188,0.8463028073310852,169.1040802001953,3
google_robot_move_near__seed089__step008,google_robot_move_near,89,8,early,validation,prompt_sparse,38,0.34210526315789475,0.7105263157894737,10,0.10526315789473684,0.2631578947368421,133.06292724609375,0.849555253982544,175.15281677246094,2
google_robot_move_near__seed089__step040,google_robot_move_near,89,40,middle,validation,standard_shr,31,1.0,0.3870967741935484,2,0.0,0.7419354838709677,151.91812133789062,1.0046902894973755,241.6292266845703,2
google_robot_move_near__seed089__step040,google_robot_move_near,89,40,middle,validation,prompt_v1,31,0.3870967741935484,1.0,14,0.25806451612903225,0.2903225806451613,117.4122543334961,0.8291207551956177,176.01950073242188,4
google_robot_move_near__seed089__step040,google_robot_move_near,89,40,middle,validation,prompt_single,31,0.6129032258064516,0.6451612903225806,9,0.1935483870967742,0.45161290322580644,123.5342788696289,0.8755360841751099,189.99534606933594,2
google_robot_move_near__seed089__step040,google_robot_move_near,89,40,middle,validation,prompt_sparse,31,0.6451612903225806,0.6129032258064516,6,0.0967741935483871,0.6129032258064516,129.38169860839844,0.9426020979881287,207.89552307128906,1
google_robot_move_near__seed089__step071,google_robot_move_near,89,71,late,validation,standard_shr,46,1.0,0.2608695652173913,3,0.021739130434782608,0.5,199.97361755371094,0.86649090051651,202.0065460205078,3
google_robot_move_near__seed089__step071,google_robot_move_near,89,71,late,validation,prompt_v1,46,0.2608695652173913,1.0,13,0.13043478260869565,0.43478260869565216,146.9209747314453,0.8412878513336182,188.8245086669922,2
google_robot_move_near__seed089__step071,google_robot_move_near,89,71,late,validation,prompt_single,46,0.41304347826086957,0.7391304347826086,9,0.06521739130434782,0.4782608695652174,157.77720642089844,0.9130359292030334,216.97193908691406,1
google_robot_move_near__seed089__step071,google_robot_move_near,89,71,late,validation,prompt_sparse,46,0.41304347826086957,0.782608695652174,10,0.10869565217391304,0.4782608695652174,157.8524169921875,0.9157913327217102,215.91905212402344,2
google_robot_move_near__seed095__step008,google_robot_move_near,95,8,early,exploration,standard_shr,39,1.0,0.38461538461538464,4,0.0,0.4358974358974359,177.2412872314453,0.9794977903366089,156.43296813964844,1
google_robot_move_near__seed095__step008,google_robot_move_near,95,8,early,exploration,prompt_v1,39,0.38461538461538464,1.0,13,0.15384615384615385,0.20512820512820512,139.48104858398438,0.870849609375,154.11129760742188,1
google_robot_move_near__seed095__step008,google_robot_move_near,95,8,early,exploration,prompt_single,39,0.4358974358974359,0.6666666666666666,7,0.05128205128205128,0.3333333333333333,146.53236389160156,0.9159489274024963,178.98782348632812,2
google_robot_move_near__seed095__step008,google_robot_move_near,95,8,early,exploration,prompt_sparse,39,0.38461538461538464,0.7435897435897436,8,0.10256410256410256,0.358974358974359,143.1819305419922,0.9354580640792847,175.2321319580078,2
google_robot_move_near__seed095__step040,google_robot_move_near,95,40,middle,exploration,standard_shr,69,1.0,0.14492753623188406,6,0.028985507246376812,0.4057971014492754,249.13592529296875,0.8456509113311768,191.63417053222656,1
google_robot_move_near__seed095__step040,google_robot_move_near,95,40,middle,exploration,prompt_v1,69,0.14492753623188406,1.0,14,0.10144927536231885,0.42028985507246375,190.06008911132812,0.8423964977264404,170.58753967285156,3
google_robot_move_near__seed095__step040,google_robot_move_near,95,40,middle,exploration,prompt_single,69,0.2608695652173913,0.6956521739130435,11,0.07246376811594203,0.463768115942029,212.27957153320312,0.9069515466690063,209.15069580078125,0
google_robot_move_near__seed095__step040,google_robot_move_near,95,40,middle,exploration,prompt_sparse,69,0.2463768115942029,0.7681159420289855,13,0.11594202898550725,0.4057971014492754,209.32931518554688,0.9077555537223816,208.2969512939453,0
google_robot_move_near__seed095__step071,google_robot_move_near,95,71,late,exploration,standard_shr,46,1.0,0.3695652173913043,3,0.021739130434782608,0.5869565217391305,199.98159790039062,0.8877155184745789,158.29922485351562,0
google_robot_move_near__seed095__step071,google_robot_move_near,95,71,late,exploration,prompt_v1,46,0.3695652173913043,1.0,12,0.10869565217391304,0.4782608695652174,155.50308227539062,0.8379992842674255,130.20370483398438,0
google_robot_move_near__seed095__step071,google_robot_move_near,95,71,late,exploration,prompt_single,46,0.5217391304347826,0.6956521739130435,8,0.08695652173913043,0.6521739130434783,169.5807647705078,0.9204543828964233,150.45703125,0
google_robot_move_near__seed095__step071,google_robot_move_near,95,71,late,exploration,prompt_sparse,46,0.5434782608695652,0.7608695652173914,8,0.08695652173913043,0.6304347826086957,172.8594970703125,0.9461091756820679,149.9978790283203,0
google_robot_move_near__seed098__step008,google_robot_move_near,98,8,early,exploration,standard_shr,59,1.0,0.5254237288135594,2,0.0,0.6271186440677966,226.17958068847656,1.0410281419754028,306.4913330078125,3
google_robot_move_near__seed098__step008,google_robot_move_near,98,8,early,exploration,prompt_v1,59,0.5254237288135594,1.0,21,0.2033898305084746,0.288135593220339,164.1215057373047,0.8417701721191406,177.0064239501953,2
google_robot_move_near__seed098__step008,google_robot_move_near,98,8,early,exploration,prompt_single,59,0.7796610169491526,0.6779661016949152,7,0.05084745762711865,0.5423728813559322,194.22866821289062,0.9294427633285522,280.6081237792969,3
google_robot_move_near__seed098__step008,google_robot_move_near,98,8,early,exploration,prompt_sparse,59,0.7457627118644068,0.711864406779661,11,0.1016949152542373,0.4745762711864407,191.93409729003906,0.9283057451248169,301.4414367675781,2
google_robot_move_near__seed098__step040,google_robot_move_near,98,40,middle,exploration,standard_shr,91,1.0,0.4175824175824176,2,0.0,0.9340659340659341,266.5672607421875,1.004063606262207,175.8713836669922,2
google_robot_move_near__seed098__step040,google_robot_move_near,98,40,middle,exploration,prompt_v1,91,0.4175824175824176,1.0,19,0.10989010989010989,0.4945054945054945,230.74998474121094,0.8848934769630432,165.16738891601562,0
google_robot_move_near__seed098__step040,google_robot_move_near,98,40,middle,exploration,prompt_single,91,0.4065934065934066,0.7912087912087912,12,0.08791208791208792,0.6263736263736264,238.1359405517578,0.9594071507453918,176.3405303955078,0
google_robot_move_near__seed098__step040,google_robot_move_near,98,40,middle,exploration,prompt_sparse,91,0.4175824175824176,0.8351648351648352,13,0.0989010989010989,0.6043956043956044,237.29090881347656,0.9447837471961975,172.48216247558594,0
google_robot_move_near__seed098__step071,google_robot_move_near,98,71,late,exploration,standard_shr,19,1.0,0.21052631578947367,1,0.0,1.0,126.76043701171875,0.9838729500770569,141.7331085205078,2
google_robot_move_near__seed098__step071,google_robot_move_near,98,71,late,exploration,prompt_v1,19,0.21052631578947367,1.0,10,0.3684210526315789,0.42105263157894735,95.61547088623047,0.805290162563324,136.8787078857422,2
google_robot_move_near__seed098__step071,google_robot_move_near,98,71,late,exploration,prompt_single,19,0.47368421052631576,0.42105263157894735,4,0.10526315789473684,0.5263157894736842,115.03131103515625,0.8713214993476868,174.39146423339844,2
google_robot_move_near__seed098__step071,google_robot_move_near,98,71,late,exploration,prompt_sparse,19,0.3684210526315789,0.5263157894736842,7,0.21052631578947367,0.5263157894736842,100.1801986694336,0.8581410646438599,168.7625732421875,3
google_robot_move_near__seed099__step008,google_robot_move_near,99,8,early,exploration,standard_shr,42,1.0,0.4523809523809524,3,0.0,0.6666666666666666,231.76156616210938,1.1287860870361328,225.08908081054688,5
google_robot_move_near__seed099__step008,google_robot_move_near,99,8,early,exploration,prompt_v1,42,0.4523809523809524,1.0,18,0.23809523809523808,0.16666666666666666,142.97129821777344,0.8118616938591003,145.96481323242188,2
google_robot_move_near__seed099__step008,google_robot_move_near,99,8,early,exploration,prompt_single,42,0.6190476190476191,0.6428571428571429,12,0.11904761904761904,0.2619047619047619,184.4145050048828,0.8964883089065552,236.13165283203125,3
google_robot_move_near__seed099__step008,google_robot_move_near,99,8,early,exploration,prompt_sparse,42,0.5238095238095238,0.7380952380952381,12,0.11904761904761904,0.2619047619047619,165.05209350585938,0.8457539081573486,163.47735595703125,4
google_robot_move_near__seed099__step040,google_robot_move_near,99,40,middle,exploration,standard_shr,9,1.0,0.3333333333333333,1,0.0,1.0,110.5283203125,0.9343163371086121,201.1825408935547,0
google_robot_move_near__seed099__step040,google_robot_move_near,99,40,middle,exploration,prompt_v1,9,0.3333333333333333,1.0,6,0.3333333333333333,0.2222222222222222,78.3152084350586,0.7294039726257324,96.56116485595703,1
google_robot_move_near__seed099__step040,google_robot_move_near,99,40,middle,exploration,prompt_single,9,0.4444444444444444,0.4444444444444444,2,0.1111111111111111,0.8888888888888888,92.04679870605469,0.7463086247444153,182.69195556640625,0
google_robot_move_near__seed099__step040,google_robot_move_near,99,40,middle,exploration,prompt_sparse,9,0.3333333333333333,0.4444444444444444,2,0.0,0.7777777777777778,78.5980453491211,0.7283779382705688,118.59133911132812,0
google_robot_move_near__seed099__step071,google_robot_move_near,99,71,late,exploration,standard_shr,27,1.0,0.4074074074074074,3,0.0,0.5925925925925926,157.39767456054688,1.0220528841018677,240.1346893310547,2
google_robot_move_near__seed099__step071,google_robot_move_near,99,71,late,exploration,prompt_v1,27,0.4074074074074074,1.0,12,0.25925925925925924,0.3333333333333333,118.73457336425781,0.825274646282196,175.8128204345703,5
google_robot_move_near__seed099__step071,google_robot_move_near,99,71,late,exploration,prompt_single,27,0.5555555555555556,0.5555555555555556,8,0.1111111111111111,0.3333333333333333,139.02272033691406,0.8876373171806335,198.35708618164062,3
google_robot_move_near__seed099__step071,google_robot_move_near,99,71,late,exploration,prompt_sparse,27,0.5925925925925926,0.6666666666666666,7,0.14814814814814814,0.4444444444444444,132.14950561523438,0.9024024605751038,208.31390380859375,2
google_robot_open_drawer__seed000__step011,google_robot_open_drawer,0,11,early,validation,standard_shr,35,1.0,0.14285714285714285,1,0.0,1.0,156.14971923828125,0.8734515309333801,147.80491638183594,3
google_robot_open_drawer__seed000__step011,google_robot_open_drawer,0,11,early,validation,prompt_v1,35,0.14285714285714285,1.0,18,0.22857142857142856,0.14285714285714285,138.9203643798828,0.778700053691864,142.70660400390625,1
google_robot_open_drawer__seed000__step011,google_robot_open_drawer,0,11,early,validation,prompt_single,35,0.4857142857142857,0.5428571428571428,10,0.14285714285714285,0.2857142857142857,150.73135375976562,0.8732722401618958,238.21063232421875,2
google_robot_open_drawer__seed000__step011,google_robot_open_drawer,0,11,early,validation,prompt_sparse,35,0.5428571428571428,0.4857142857142857,8,0.14285714285714285,0.5142857142857142,151.82992553710938,0.8928675651550293,249.44796752929688,2
google_robot_open_drawer__seed000__step056,google_robot_open_drawer,0,56,middle,validation,standard_shr,40,1.0,0.375,2,0.025,0.975,184.28004455566406,1.047499418258667,203.78216552734375,3
google_robot_open_drawer__seed000__step056,google_robot_open_drawer,0,56,middle,validation,prompt_v1,40,0.375,1.0,16,0.25,0.325,166.408203125,0.874363124370575,187.64016723632812,2
google_robot_open_drawer__seed000__step056,google_robot_open_drawer,0,56,middle,validation,prompt_single,40,0.7,0.6,4,0.075,0.925,174.81301879882812,1.0193417072296143,229.8065185546875,3
google_robot_open_drawer__seed000__step056,google_robot_open_drawer,0,56,middle,validation,prompt_sparse,40,0.7,0.6,6,0.125,0.875,174.44337463378906,1.021264672279358,228.1259765625,4
google_robot_open_drawer__seed000__step101,google_robot_open_drawer,0,101,late,validation,standard_shr,23,1.0,0.17391304347826086,1,0.0,1.0,140.17860412597656,0.8606448173522949,126.77598571777344,0
google_robot_open_drawer__seed000__step101,google_robot_open_drawer,0,101,late,validation,prompt_v1,23,0.17391304347826086,1.0,16,0.5217391304347826,0.17391304347826086,104.45734405517578,0.7405880689620972,109.57335662841797,0
google_robot_open_drawer__seed000__step101,google_robot_open_drawer,0,101,late,validation,prompt_single,23,0.17391304347826086,0.34782608695652173,2,0.043478260869565216,0.9565217391304348,115.9551010131836,0.8797330260276794,171.60086059570312,0
google_robot_open_drawer__seed000__step101,google_robot_open_drawer,0,101,late,validation,prompt_sparse,23,0.21739130434782608,0.43478260869565216,4,0.08695652173913043,0.4782608695652174,125.3801498413086,0.8660315871238708,178.27542114257812,0
google_robot_open_drawer__seed001__step011,google_robot_open_drawer,1,11,early,validation,standard_shr,40,1.0,0.275,1,0.0,1.0,170.81817626953125,0.8762418627738953,202.58169555664062,3
google_robot_open_drawer__seed001__step011,google_robot_open_drawer,1,11,early,validation,prompt_v1,40,0.275,1.0,15,0.15,0.2,156.21641540527344,0.8170711398124695,214.6921844482422,3
google_robot_open_drawer__seed001__step011,google_robot_open_drawer,1,11,early,validation,prompt_single,40,0.7,0.45,7,0.1,0.675,161.9084014892578,0.7942357659339905,234.72647094726562,3
google_robot_open_drawer__seed001__step011,google_robot_open_drawer,1,11,early,validation,prompt_sparse,40,0.65,0.475,4,0.05,0.7,165.77053833007812,0.821724534034729,236.89991760253906,3
google_robot_open_drawer__seed001__step056,google_robot_open_drawer,1,56,middle,validation,standard_shr,37,1.0,0.4864864864864865,1,0.0,1.0,158.8610382080078,0.9913066029548645,194.69252014160156,3
google_robot_open_drawer__seed001__step056,google_robot_open_drawer,1,56,middle,validation,prompt_v1,37,0.4864864864864865,1.0,12,0.16216216216216217,0.43243243243243246,151.4141845703125,0.8520196676254272,204.70176696777344,2
google_robot_open_drawer__seed001__step056,google_robot_open_drawer,1,56,middle,validation,prompt_single,37,0.6756756756756757,0.6486486486486487,4,0.05405405405405406,0.8918918918918919,156.96580505371094,0.9360882639884949,197.02169799804688,3
google_robot_open_drawer__seed001__step056,google_robot_open_drawer,1,56,middle,validation,prompt_sparse,37,0.6756756756756757,0.6486486486486487,5,0.08108108108108109,0.8648648648648649,157.3057403564453,0.9509009122848511,195.17196655273438,3
google_robot_open_drawer__seed001__step101,google_robot_open_drawer,1,101,late,validation,standard_shr,31,1.0,0.3548387096774194,2,0.03225806451612903,0.967741935483871,148.3699188232422,0.9087849259376526,110.58922576904297,0
google_robot_open_drawer__seed001__step101,google_robot_open_drawer,1,101,late,validation,prompt_v1,31,0.3548387096774194,1.0,8,0.12903225806451613,0.5161290322580645,137.7526397705078,0.877020001411438,149.12924194335938,0
google_robot_open_drawer__seed001__step101,google_robot_open_drawer,1,101,late,validation,prompt_single,31,0.5161290322580645,0.5806451612903226,6,0.12903225806451613,0.7419354838709677,135.71319580078125,0.9294801354408264,142.49642944335938,0
google_robot_open_drawer__seed001__step101,google_robot_open_drawer,1,101,late,validation,prompt_sparse,31,0.4838709677419355,0.6451612903225806,4,0.0967741935483871,0.9032258064516129,145.0341796875,0.9619002342224121,145.46209716796875,0
google_robot_open_drawer__seed002__step011,google_robot_open_drawer,2,11,early,validation,standard_shr,37,1.0,0.24324324324324326,1,0.0,1.0,158.15481567382812,0.872451901435852,182.40618896484375,3
google_robot_open_drawer__seed002__step011,google_robot_open_drawer,2,11,early,validation,prompt_v1,37,0.24324324324324326,1.0,12,0.10810810810810811,0.2972972972972973,148.8484649658203,0.8247740864753723,216.71347045898438,3
google_robot_open_drawer__seed002__step011,google_robot_open_drawer,2,11,early,validation,prompt_single,37,0.6486486486486487,0.5405405405405406,8,0.16216216216216217,0.6486486486486487,150.55477905273438,0.8295421004295349,203.4499969482422,2
google_robot_open_drawer__seed002__step011,google_robot_open_drawer,2,11,early,validation,prompt_sparse,37,0.6216216216216216,0.5675675675675675,7,0.10810810810810811,0.5945945945945946,153.3433074951172,0.834179699420929,206.22427368164062,2
google_robot_open_drawer__seed002__step056,google_robot_open_drawer,2,56,middle,validation,standard_shr,42,1.0,0.5,3,0.047619047619047616,0.9523809523809523,178.84683227539062,1.0132791996002197,210.7135772705078,2
google_robot_open_drawer__seed002__step056,google_robot_open_drawer,2,56,middle,validation,prompt_v1,42,0.5,1.0,11,0.11904761904761904,0.40476190476190477,169.0001220703125,0.8611930012702942,201.00860595703125,5
google_robot_open_drawer__seed002__step056,google_robot_open_drawer,2,56,middle,validation,prompt_single,42,0.7142857142857143,0.6190476190476191,3,0.047619047619047616,0.9523809523809523,169.90342712402344,0.9486600160598755,210.1512908935547,4
google_robot_open_drawer__seed002__step056,google_robot_open_drawer,2,56,middle,validation,prompt_sparse,42,0.7142857142857143,0.7142857142857143,6,0.11904761904761904,0.8809523809523809,165.83409118652344,0.9183661937713623,207.3553466796875,5
google_robot_open_drawer__seed002__step101,google_robot_open_drawer,2,101,late,validation,standard_shr,20,1.0,0.45,1,0.0,1.0,133.10452270507812,1.1004188060760498,160.37936401367188,3
google_robot_open_drawer__seed002__step101,google_robot_open_drawer,2,101,late,validation,prompt_v1,20,0.45,1.0,7,0.1,0.25,109.02922058105469,0.8788601160049438,156.14517211914062,3
google_robot_open_drawer__seed002__step101,google_robot_open_drawer,2,101,late,validation,prompt_single,20,0.35,0.45,5,0.15,0.75,108.9953384399414,0.8515454530715942,188.4649200439453,3
google_robot_open_drawer__seed002__step101,google_robot_open_drawer,2,101,late,validation,prompt_sparse,20,0.4,0.5,4,0.1,0.8,110.70599365234375,0.8723407983779907,193.07005310058594,3
google_robot_open_drawer__seed011__step011,google_robot_open_drawer,11,11,early,exploration,standard_shr,48,1.0,0.3333333333333333,1,0.0,1.0,176.28709411621094,1.0675570964813232,177.54840087890625,2
google_robot_open_drawer__seed011__step011,google_robot_open_drawer,11,11,early,exploration,prompt_v1,48,0.3333333333333333,1.0,17,0.125,0.1875,166.914794921875,0.857445478439331,175.40623474121094,3
google_robot_open_drawer__seed011__step011,google_robot_open_drawer,11,11,early,exploration,prompt_single,48,0.6666666666666666,0.4791666666666667,2,0.020833333333333332,0.9791666666666666,161.29420471191406,0.9317368865013123,205.8631591796875,3
google_robot_open_drawer__seed011__step011,google_robot_open_drawer,11,11,early,exploration,prompt_sparse,48,0.5833333333333334,0.6041666666666666,5,0.020833333333333332,0.8541666666666666,163.48451232910156,0.906834602355957,208.83209228515625,2
google_robot_open_drawer__seed011__step056,google_robot_open_drawer,11,56,middle,exploration,standard_shr,52,1.0,0.40384615384615385,2,0.0,0.9615384615384616,184.19259643554688,1.0137708187103271,204.29425048828125,2
google_robot_open_drawer__seed011__step056,google_robot_open_drawer,11,56,middle,exploration,prompt_v1,52,0.40384615384615385,1.0,16,0.1346153846153846,0.4807692307692308,187.30902099609375,0.8868025541305542,203.36456298828125,4
google_robot_open_drawer__seed011__step056,google_robot_open_drawer,11,56,middle,exploration,prompt_single,52,0.5,0.7307692307692307,9,0.07692307692307693,0.7307692307692307,197.94418334960938,0.9873784184455872,220.84495544433594,1
google_robot_open_drawer__seed011__step056,google_robot_open_drawer,11,56,middle,exploration,prompt_sparse,52,0.5192307692307693,0.7692307692307693,12,0.15384615384615385,0.6923076923076923,194.40960693359375,0.9709230661392212,234.96603393554688,2
google_robot_open_drawer__seed011__step101,google_robot_open_drawer,11,101,late,exploration,standard_shr,35,1.0,0.02857142857142857,2,0.0,0.9428571428571428,144.54898071289062,0.9084926247596741,41.849609375,0
google_robot_open_drawer__seed011__step101,google_robot_open_drawer,11,101,late,exploration,prompt_v1,35,0.02857142857142857,1.0,17,0.22857142857142856,0.17142857142857143,148.57614135742188,0.793409526348114,142.1349639892578,0
google_robot_open_drawer__seed011__step101,google_robot_open_drawer,11,101,late,exploration,prompt_single,35,0.0,0.5714285714285714,5,0.05714285714285714,0.7142857142857143,168.70985412597656,0.9463408589363098,169.3813934326172,0
google_robot_open_drawer__seed011__step101,google_robot_open_drawer,11,101,late,exploration,prompt_sparse,35,0.0,0.6571428571428571,6,0.08571428571428572,0.6285714285714286,164.58056640625,0.9029689431190491,171.9869384765625,0
google_robot_open_drawer__seed032__step011,google_robot_open_drawer,32,11,early,exploration,standard_shr,31,1.0,0.22580645161290322,1,0.0,1.0,143.9988250732422,1.0583926439285278,158.7105712890625,3
google_robot_open_drawer__seed032__step011,google_robot_open_drawer,32,11,early,exploration,prompt_v1,31,0.22580645161290322,1.0,13,0.12903225806451613,0.12903225806451613,133.3490447998047,0.7787820100784302,188.72763061523438,4
google_robot_open_drawer__seed032__step011,google_robot_open_drawer,32,11,early,exploration,prompt_single,31,0.6451612903225806,0.45161290322580644,3,0.03225806451612903,0.7096774193548387,130.93519592285156,0.8383905291557312,185.27040100097656,5
google_robot_open_drawer__seed032__step011,google_robot_open_drawer,32,11,early,exploration,prompt_sparse,31,0.6129032258064516,0.4838709677419355,5,0.06451612903225806,0.7419354838709677,134.27349853515625,0.8167465925216675,185.48190307617188,4
google_robot_open_drawer__seed032__step056,google_robot_open_drawer,32,56,middle,exploration,standard_shr,25,1.0,0.2,2,0.04,0.96,135.68910217285156,0.8862413167953491,171.7711181640625,0
google_robot_open_drawer__seed032__step056,google_robot_open_drawer,32,56,middle,exploration,prompt_v1,25,0.2,1.0,13,0.32,0.2,120.94849395751953,0.7763379812240601,177.24522399902344,1
google_robot_open_drawer__seed032__step056,google_robot_open_drawer,32,56,middle,exploration,prompt_single,25,0.28,0.56,9,0.16,0.36,121.02897644042969,0.7843857407569885,166.7773895263672,1
google_robot_open_drawer__seed032__step056,google_robot_open_drawer,32,56,middle,exploration,prompt_sparse,25,0.36,0.56,6,0.12,0.48,118.22676086425781,0.8249154686927795,162.58094787597656,1
google_robot_open_drawer__seed032__step101,google_robot_open_drawer,32,101,late,exploration,standard_shr,30,1.0,0.2,1,0.0,1.0,148.5658721923828,0.9197938442230225,191.07504272460938,0
google_robot_open_drawer__seed032__step101,google_robot_open_drawer,32,101,late,exploration,prompt_v1,30,0.2,1.0,14,0.2,0.16666666666666666,131.52020263671875,0.7822080850601196,177.50013732910156,0
google_robot_open_drawer__seed032__step101,google_robot_open_drawer,32,101,late,exploration,prompt_single,30,0.43333333333333335,0.5333333333333333,13,0.3,0.3,136.7696990966797,0.8127861022949219,189.6406707763672,0
google_robot_open_drawer__seed032__step101,google_robot_open_drawer,32,101,late,exploration,prompt_sparse,30,0.4,0.5666666666666667,10,0.2,0.4,132.3385467529297,0.8369293808937073,188.6461181640625,0
google_robot_open_drawer__seed056__step011,google_robot_open_drawer,56,11,early,exploration,standard_shr,45,1.0,0.37777777777777777,1,0.0,1.0,182.17880249023438,1.0196346044540405,188.59722900390625,1
google_robot_open_drawer__seed056__step011,google_robot_open_drawer,56,11,early,exploration,prompt_v1,45,0.37777777777777777,1.0,11,0.06666666666666667,0.2,170.41343688964844,0.8548850417137146,222.69126892089844,1
google_robot_open_drawer__seed056__step011,google_robot_open_drawer,56,11,early,exploration,prompt_single,45,0.6222222222222222,0.6,4,0.044444444444444446,0.8888888888888888,157.24705505371094,0.8626754879951477,222.05471801757812,2
google_robot_open_drawer__seed056__step011,google_robot_open_drawer,56,11,early,exploration,prompt_sparse,45,0.5777777777777777,0.7111111111111111,8,0.08888888888888889,0.5777777777777777,161.82826232910156,0.8556520342826843,221.58502197265625,1
google_robot_open_drawer__seed056__step056,google_robot_open_drawer,56,56,middle,exploration,standard_shr,49,1.0,0.42857142857142855,1,0.0,1.0,203.0738525390625,0.9949711561203003,184.34803771972656,2
google_robot_open_drawer__seed056__step056,google_robot_open_drawer,56,56,middle,exploration,prompt_v1,49,0.42857142857142855,1.0,11,0.10204081632653061,0.5306122448979592,194.26380920410156,0.8407164812088013,184.09759521484375,4
google_robot_open_drawer__seed056__step056,google_robot_open_drawer,56,56,middle,exploration,prompt_single,49,0.5306122448979592,0.7755102040816326,10,0.14285714285714285,0.673469387755102,191.15896606445312,0.8723298907279968,205.32916259765625,4
google_robot_open_drawer__seed056__step056,google_robot_open_drawer,56,56,middle,exploration,prompt_sparse,49,0.5306122448979592,0.7959183673469388,10,0.14285714285714285,0.673469387755102,190.65176391601562,0.8741734623908997,206.49224853515625,4
google_robot_open_drawer__seed056__step101,google_robot_open_drawer,56,101,late,exploration,standard_shr,17,1.0,0.11764705882352941,1,0.0,1.0,121.31450653076172,0.8934433460235596,114.54254913330078,1
google_robot_open_drawer__seed056__step101,google_robot_open_drawer,56,101,late,exploration,prompt_v1,17,0.11764705882352941,1.0,10,0.4117647058823529,0.29411764705882354,109.38349151611328,0.8132861852645874,132.34629821777344,2
google_robot_open_drawer__seed056__step101,google_robot_open_drawer,56,101,late,exploration,prompt_single,17,0.23529411764705882,0.5882352941176471,5,0.11764705882352941,0.35294117647058826,111.33770751953125,0.824374794960022,145.1442413330078,1
google_robot_open_drawer__seed056__step101,google_robot_open_drawer,56,101,late,exploration,prompt_sparse,17,0.23529411764705882,0.6470588235294118,5,0.11764705882352941,0.35294117647058826,111.63282012939453,0.8147703409194946,140.8214111328125,1
google_robot_open_drawer__seed093__step011,google_robot_open_drawer,93,11,early,exploration,standard_shr,43,1.0,0.3488372093023256,1,0.0,1.0,181.96348571777344,1.0777775049209595,185.57696533203125,4
google_robot_open_drawer__seed093__step011,google_robot_open_drawer,93,11,early,exploration,prompt_v1,43,0.3488372093023256,1.0,12,0.09302325581395349,0.20930232558139536,169.19468688964844,0.8197219371795654,196.89419555664062,4
google_robot_open_drawer__seed093__step011,google_robot_open_drawer,93,11,early,exploration,prompt_single,43,0.6976744186046512,0.5581395348837209,4,0.023255813953488372,0.7906976744186046,164.77574157714844,0.9182044863700867,199.70716857910156,2
google_robot_open_drawer__seed093__step011,google_robot_open_drawer,93,11,early,exploration,prompt_sparse,43,0.627906976744186,0.627906976744186,6,0.06976744186046512,0.7209302325581395,163.93093872070312,0.862185001373291,197.29095458984375,3
google_robot_open_drawer__seed093__step056,google_robot_open_drawer,93,56,middle,exploration,standard_shr,51,1.0,0.43137254901960786,2,0.0196078431372549,0.9803921568627451,207.83221435546875,0.9875948429107666,182.62075805664062,1
google_robot_open_drawer__seed093__step056,google_robot_open_drawer,93,56,middle,exploration,prompt_v1,51,0.43137254901960786,1.0,14,0.13725490196078433,0.35294117647058826,194.49176025390625,0.8016269207000732,177.7731170654297,1
google_robot_open_drawer__seed093__step056,google_robot_open_drawer,93,56,middle,exploration,prompt_single,51,0.5294117647058824,0.6274509803921569,8,0.0784313725490196,0.6862745098039216,196.8238067626953,0.8802322149276733,206.2193145751953,1
google_robot_open_drawer__seed093__step056,google_robot_open_drawer,93,56,middle,exploration,prompt_sparse,51,0.5490196078431373,0.6862745098039216,7,0.0392156862745098,0.6862745098039216,194.655517578125,0.878290593624115,202.61843872070312,1
google_robot_open_drawer__seed093__step101,google_robot_open_drawer,93,101,late,exploration,standard_shr,20,1.0,0.1,1,0.0,1.0,142.6683349609375,0.9473541975021362,191.477783203125,2
google_robot_open_drawer__seed093__step101,google_robot_open_drawer,93,101,late,exploration,prompt_v1,20,0.1,1.0,8,0.15,0.25,120.98182678222656,0.8431331515312195,190.76832580566406,1
google_robot_open_drawer__seed093__step101,google_robot_open_drawer,93,101,late,exploration,prompt_single,20,0.25,0.6,4,0.1,0.65,117.64390563964844,0.9978240132331848,204.02255249023438,2
google_robot_open_drawer__seed093__step101,google_robot_open_drawer,93,101,late,exploration,prompt_sparse,20,0.3,0.65,5,0.05,0.3,124.85364532470703,0.9373005032539368,211.7736053466797,1
google_robot_open_drawer__seed095__step011,google_robot_open_drawer,95,11,early,exploration,standard_shr,47,1.0,0.23404255319148937,1,0.0,1.0,182.52232360839844,1.025760293006897,189.30113220214844,3
google_robot_open_drawer__seed095__step011,google_robot_open_drawer,95,11,early,exploration,prompt_v1,47,0.23404255319148937,1.0,17,0.2553191489361702,0.3404255319148936,161.49832153320312,0.8405651450157166,189.41835021972656,3
google_robot_open_drawer__seed095__step011,google_robot_open_drawer,95,11,early,exploration,prompt_single,47,0.5319148936170213,0.6170212765957447,4,0.06382978723404255,0.9361702127659575,173.5556182861328,0.936918318271637,216.10861206054688,3
google_robot_open_drawer__seed095__step011,google_robot_open_drawer,95,11,early,exploration,prompt_sparse,47,0.5531914893617021,0.5957446808510638,5,0.06382978723404255,0.8936170212765957,164.04196166992188,0.8927545547485352,200.20651245117188,3
google_robot_open_drawer__seed095__step056,google_robot_open_drawer,95,56,middle,exploration,standard_shr,47,1.0,0.3617021276595745,1,0.0,1.0,190.25770568847656,1.007307767868042,130.68113708496094,0
google_robot_open_drawer__seed095__step056,google_robot_open_drawer,95,56,middle,exploration,prompt_v1,47,0.3617021276595745,1.0,15,0.1702127659574468,0.40425531914893614,176.0847625732422,0.8148384094238281,160.44122314453125,1
google_robot_open_drawer__seed095__step056,google_robot_open_drawer,95,56,middle,exploration,prompt_single,47,0.5957446808510638,0.6595744680851063,9,0.1276595744680851,0.723404255319149,181.0558624267578,0.8862304091453552,177.13450622558594,1
google_robot_open_drawer__seed095__step056,google_robot_open_drawer,95,56,middle,exploration,prompt_sparse,47,0.5531914893617021,0.723404255319149,11,0.1702127659574468,0.6808510638297872,179.5033416748047,0.8832221627235413,176.9950714111328,1
google_robot_open_drawer__seed095__step101,google_robot_open_drawer,95,101,late,exploration,standard_shr,48,1.0,0.3541666666666667,1,0.0,1.0,184.61318969726562,0.9778062701225281,219.11639404296875,0
google_robot_open_drawer__seed095__step101,google_robot_open_drawer,95,101,late,exploration,prompt_v1,48,0.3541666666666667,1.0,15,0.1875,0.5208333333333334,180.88475036621094,0.8408363461494446,221.5972900390625,3
google_robot_open_drawer__seed095__step101,google_robot_open_drawer,95,101,late,exploration,prompt_single,48,0.5625,0.6666666666666666,11,0.125,0.6666666666666666,182.2028350830078,0.9109856486320496,229.3064727783203,1
google_robot_open_drawer__seed095__step101,google_robot_open_drawer,95,101,late,exploration,prompt_sparse,48,0.5625,0.7083333333333334,8,0.10416666666666667,0.7916666666666666,182.70347595214844,0.9214181900024414,234.75775146484375,1
google_robot_open_drawer__seed097__step011,google_robot_open_drawer,97,11,early,exploration,standard_shr,52,1.0,0.3269230769230769,1,0.0,1.0,205.4388427734375,1.066515326499939,197.5388946533203,2
google_robot_open_drawer__seed097__step011,google_robot_open_drawer,97,11,early,exploration,prompt_v1,52,0.3269230769230769,1.0,16,0.15384615384615385,0.3076923076923077,176.8936767578125,0.8467762470245361,204.99981689453125,2
google_robot_open_drawer__seed097__step011,google_robot_open_drawer,97,11,early,exploration,prompt_single,52,0.6153846153846154,0.6346153846153846,3,0.038461538461538464,0.9615384615384616,193.34957885742188,0.9714434146881104,219.34762573242188,3
google_robot_open_drawer__seed097__step011,google_robot_open_drawer,97,11,early,exploration,prompt_sparse,52,0.5961538461538461,0.6538461538461539,5,0.07692307692307693,0.9230769230769231,186.16184997558594,0.9312819242477417,208.20962524414062,1
google_robot_open_drawer__seed097__step056,google_robot_open_drawer,97,56,middle,exploration,standard_shr,26,1.0,0.4230769230769231,2,0.0,0.9230769230769231,140.89064025878906,0.9545513391494751,137.4801788330078,1
google_robot_open_drawer__seed097__step056,google_robot_open_drawer,97,56,middle,exploration,prompt_v1,26,0.4230769230769231,1.0,13,0.38461538461538464,0.3076923076923077,128.0074462890625,0.8297408819198608,127.60501861572266,3
google_robot_open_drawer__seed097__step056,google_robot_open_drawer,97,56,middle,exploration,prompt_single,26,0.7307692307692307,0.6153846153846154,4,0.11538461538461539,0.8846153846153846,139.27288818359375,0.9556878805160522,145.54319763183594,2
google_robot_open_drawer__seed097__step056,google_robot_open_drawer,97,56,middle,exploration,prompt_sparse,26,0.6538461538461539,0.6538461538461539,4,0.07692307692307693,0.8461538461538461,133.16226196289062,0.9123448133468628,144.94171142578125,3
google_robot_open_drawer__seed097__step101,google_robot_open_drawer,97,101,late,exploration,standard_shr,20,1.0,0.4,2,0.0,0.9,125.9676742553711,0.940227210521698,125.9351806640625,0
google_robot_open_drawer__seed097__step101,google_robot_open_drawer,97,101,late,exploration,prompt_v1,20,0.4,1.0,8,0.25,0.4,113.18144226074219,0.8205751180648804,101.89832305908203,0
google_robot_open_drawer__seed097__step101,google_robot_open_drawer,97,101,late,exploration,prompt_single,20,0.7,0.6,3,0.1,0.9,124.0958023071289,0.8922160863876343,120.1496810913086,0
google_robot_open_drawer__seed097__step101,google_robot_open_drawer,97,101,late,exploration,prompt_sparse,20,0.65,0.65,4,0.15,0.85,122.36067199707031,0.8919271230697632,118.24771118164062,0
google_robot_open_drawer__seed099__step011,google_robot_open_drawer,99,11,early,exploration,standard_shr,42,1.0,0.2619047619047619,1,0.0,1.0,165.33888244628906,0.996854305267334,167.67747497558594,3
google_robot_open_drawer__seed099__step011,google_robot_open_drawer,99,11,early,exploration,prompt_v1,42,0.2619047619047619,1.0,17,0.2857142857142857,0.30952380952380953,149.2820281982422,0.8096878528594971,182.41561889648438,2
google_robot_open_drawer__seed099__step011,google_robot_open_drawer,99,11,early,exploration,prompt_single,42,0.5714285714285714,0.5,4,0.047619047619047616,0.8809523809523809,155.555419921875,0.8862907886505127,201.62217712402344,3
google_robot_open_drawer__seed099__step011,google_robot_open_drawer,99,11,early,exploration,prompt_sparse,42,0.47619047619047616,0.5714285714285714,4,0.07142857142857142,0.9285714285714286,159.21932983398438,0.9054969549179077,207.44219970703125,4
google_robot_open_drawer__seed099__step056,google_robot_open_drawer,99,56,middle,exploration,standard_shr,51,1.0,0.43137254901960786,1,0.0,1.0,203.85040283203125,1.014532446861267,143.6927490234375,1
google_robot_open_drawer__seed099__step056,google_robot_open_drawer,99,56,middle,exploration,prompt_v1,51,0.43137254901960786,1.0,19,0.23529411764705882,0.3333333333333333,173.488037109375,0.8170933723449707,141.01454162597656,1
google_robot_open_drawer__seed099__step056,google_robot_open_drawer,99,56,middle,exploration,prompt_single,51,0.6666666666666666,0.5686274509803921,6,0.09803921568627451,0.9019607843137255,197.91587829589844,1.010571002960205,166.9143829345703,1
google_robot_open_drawer__seed099__step056,google_robot_open_drawer,99,56,middle,exploration,prompt_sparse,51,0.7058823529411765,0.6470588235294118,6,0.0784313725490196,0.8627450980392157,194.8231201171875,0.9555235505104065,165.2992401123047,2
google_robot_open_drawer__seed099__step101,google_robot_open_drawer,99,101,late,exploration,standard_shr,18,1.0,0.2222222222222222,3,0.05555555555555555,0.8333333333333334,118.99613952636719,0.9534130096435547,126.90287780761719,0
google_robot_open_drawer__seed099__step101,google_robot_open_drawer,99,101,late,exploration,prompt_v1,18,0.2222222222222222,1.0,11,0.3888888888888889,0.2222222222222222,94.78950500488281,0.8423776030540466,109.77791595458984,0
google_robot_open_drawer__seed099__step101,google_robot_open_drawer,99,101,late,exploration,prompt_single,18,0.5555555555555556,0.4444444444444444,3,0.05555555555555555,0.5555555555555556,103.93380737304688,0.8952533006668091,121.47171020507812,0
google_robot_open_drawer__seed099__step101,google_robot_open_drawer,99,101,late,exploration,prompt_sparse,18,0.4444444444444444,0.5555555555555556,5,0.1111111111111111,0.3888888888888889,96.05941772460938,0.8811405897140503,118.11127471923828,0
google_robot_pick_coke_can__seed000__step008,google_robot_pick_coke_can,0,8,early,exploration,standard_shr,19,1.0,0.21052631578947367,3,0.0,0.47368421052631576,138.26377868652344,0.9713129997253418,68.88330841064453,1
google_robot_pick_coke_can__seed000__step008,google_robot_pick_coke_can,0,8,early,exploration,prompt_v1,19,0.21052631578947367,1.0,13,0.5263157894736842,0.21052631578947367,93.39283752441406,0.7594444155693054,119.3733139038086,0
google_robot_pick_coke_can__seed000__step008,google_robot_pick_coke_can,0,8,early,exploration,prompt_single,19,0.05263157894736842,0.47368421052631576,4,0.15789473684210525,0.8421052631578947,112.47129821777344,0.948798656463623,166.35252380371094,2
google_robot_pick_coke_can__seed000__step008,google_robot_pick_coke_can,0,8,early,exploration,prompt_sparse,19,0.0,0.47368421052631576,4,0.10526315789473684,0.7894736842105263,103.91184997558594,0.9205495119094849,154.54649353027344,2
google_robot_pick_coke_can__seed000__step040,google_robot_pick_coke_can,0,40,middle,exploration,standard_shr,20,1.0,0.3,3,0.0,0.45,144.62728881835938,0.978062629699707,54.97977828979492,0
google_robot_pick_coke_can__seed000__step040,google_robot_pick_coke_can,0,40,middle,exploration,prompt_v1,20,0.3,1.0,11,0.25,0.15,109.24050903320312,0.7935739159584045,99.50777435302734,1
google_robot_pick_coke_can__seed000__step040,google_robot_pick_coke_can,0,40,middle,exploration,prompt_single,20,0.0,0.6,6,0.15,0.55,109.27645874023438,0.8790956735610962,132.34197998046875,1
google_robot_pick_coke_can__seed000__step040,google_robot_pick_coke_can,0,40,middle,exploration,prompt_sparse,20,0.05,0.6,9,0.35,0.5,101.47492218017578,0.8555327653884888,120.94646453857422,1
google_robot_pick_coke_can__seed000__step071,google_robot_pick_coke_can,0,71,late,exploration,standard_shr,19,1.0,0.3157894736842105,3,0.0,0.47368421052631576,148.29525756835938,0.9629250764846802,50.202880859375,0
google_robot_pick_coke_can__seed000__step071,google_robot_pick_coke_can,0,71,late,exploration,prompt_v1,19,0.3157894736842105,1.0,11,0.3157894736842105,0.15789473684210525,106.8175048828125,0.7958577871322632,77.25995635986328,1
google_robot_pick_coke_can__seed000__step071,google_robot_pick_coke_can,0,71,late,exploration,prompt_single,19,0.0,0.47368421052631576,4,0.05263157894736842,0.631578947368421,105.02888488769531,0.9271535277366638,129.9603271484375,2
google_robot_pick_coke_can__seed000__step071,google_robot_pick_coke_can,0,71,late,exploration,prompt_sparse,19,0.0,0.5263157894736842,5,0.10526315789473684,0.5789473684210527,101.77511596679688,0.9082927703857422,139.05384826660156,3
google_robot_pick_coke_can__seed001__step008,google_robot_pick_coke_can,1,8,early,exploration,standard_shr,27,1.0,0.37037037037037035,1,0.0,1.0,167.52491760253906,1.0000135898590088,181.44107055664062,3
google_robot_pick_coke_can__seed001__step008,google_robot_pick_coke_can,1,8,early,exploration,prompt_v1,27,0.37037037037037035,1.0,14,0.25925925925925924,0.14814814814814814,140.55184936523438,0.8792074918746948,164.88973999023438,2
google_robot_pick_coke_can__seed001__step008,google_robot_pick_coke_can,1,8,early,exploration,prompt_single,27,0.37037037037037035,0.7037037037037037,9,0.14814814814814814,0.25925925925925924,153.19134521484375,1.0039359331130981,201.0117645263672,2
google_robot_pick_coke_can__seed001__step008,google_robot_pick_coke_can,1,8,early,exploration,prompt_sparse,27,0.4074074074074074,0.6296296296296297,8,0.14814814814814814,0.4074074074074074,133.80044555664062,0.941169261932373,196.9822540283203,2
google_robot_pick_coke_can__seed001__step040,google_robot_pick_coke_can,1,40,middle,exploration,standard_shr,30,1.0,0.0,7,0.16666666666666666,0.4666666666666667,161.59530639648438,0.8569915890693665,15.429107666015625,0
google_robot_pick_coke_can__seed001__step040,google_robot_pick_coke_can,1,40,middle,exploration,prompt_v1,30,0.0,1.0,18,0.36666666666666664,0.13333333333333333,127.02029418945312,0.7777958512306213,114.676025390625,0
google_robot_pick_coke_can__seed001__step040,google_robot_pick_coke_can,1,40,middle,exploration,prompt_single,30,0.0,0.6333333333333333,10,0.13333333333333333,0.3333333333333333,124.10025024414062,0.7921772003173828,133.0246124267578,0
google_robot_pick_coke_can__seed001__step040,google_robot_pick_coke_can,1,40,middle,exploration,prompt_sparse,30,0.0,0.6333333333333333,12,0.23333333333333334,0.36666666666666664,118.93924713134766,0.8162766695022583,151.39414978027344,0
google_robot_pick_coke_can__seed001__step071,google_robot_pick_coke_can,1,71,late,exploration,standard_shr,23,1.0,0.30434782608695654,1,0.0,1.0,149.92747497558594,0.934796154499054,132.45033264160156,0
google_robot_pick_coke_can__seed001__step071,google_robot_pick_coke_can,1,71,late,exploration,prompt_v1,23,0.30434782608695654,1.0,12,0.2608695652173913,0.2608695652173913,111.23529052734375,0.7474516034126282,104.80257415771484,0
google_robot_pick_coke_can__seed001__step071,google_robot_pick_coke_can,1,71,late,exploration,prompt_single,23,0.2608695652173913,0.6086956521739131,6,0.08695652173913043,0.5217391304347826,107.88878631591797,0.8082659244537354,138.859375,1
google_robot_pick_coke_can__seed001__step071,google_robot_pick_coke_can,1,71,late,exploration,prompt_sparse,23,0.34782608695652173,0.5217391304347826,9,0.30434782608695654,0.5652173913043478,107.09403991699219,0.8340969085693359,152.1505584716797,0
google_robot_pick_coke_can__seed003__step008,google_robot_pick_coke_can,3,8,early,validation,standard_shr,37,1.0,0.0,6,0.08108108108108109,0.43243243243243246,156.1358184814453,0.7663183212280273,9.710827827453613,0
google_robot_pick_coke_can__seed003__step008,google_robot_pick_coke_can,3,8,early,validation,prompt_v1,37,0.0,1.0,16,0.2702702702702703,0.2972972972972973,144.99143981933594,0.8178655505180359,195.977294921875,2
google_robot_pick_coke_can__seed003__step008,google_robot_pick_coke_can,3,8,early,validation,prompt_single,37,0.0,0.7837837837837838,11,0.16216216216216217,0.4594594594594595,164.59841918945312,0.9130563735961914,238.4515838623047,3
google_robot_pick_coke_can__seed003__step008,google_robot_pick_coke_can,3,8,early,validation,prompt_sparse,37,0.0,0.7027027027027027,10,0.16216216216216217,0.4594594594594595,169.27052307128906,0.94414222240448,251.86666870117188,2
google_robot_pick_coke_can__seed003__step040,google_robot_pick_coke_can,3,40,middle,validation,standard_shr,32,1.0,0.0,11,0.25,0.4375,159.37583923339844,0.836828351020813,20.382020950317383,0
google_robot_pick_coke_can__seed003__step040,google_robot_pick_coke_can,3,40,middle,validation,prompt_v1,32,0.0,1.0,17,0.375,0.1875,131.07606506347656,0.7962585687637329,112.80992889404297,0
google_robot_pick_coke_can__seed003__step040,google_robot_pick_coke_can,3,40,middle,validation,prompt_single,32,0.0,0.71875,9,0.125,0.375,137.7817840576172,0.8146449327468872,147.69662475585938,0
google_robot_pick_coke_can__seed003__step040,google_robot_pick_coke_can,3,40,middle,validation,prompt_sparse,32,0.0,0.71875,12,0.25,0.34375,126.7701187133789,0.8110921382904053,146.4769744873047,0
google_robot_pick_coke_can__seed003__step071,google_robot_pick_coke_can,3,71,late,validation,standard_shr,49,1.0,0.04081632653061224,13,0.16326530612244897,0.42857142857142855,155.19622802734375,0.8299441933631897,27.307178497314453,0
google_robot_pick_coke_can__seed003__step071,google_robot_pick_coke_can,3,71,late,validation,prompt_v1,49,0.04081632653061224,1.0,18,0.14285714285714285,0.16326530612244897,155.09332275390625,0.7871798872947693,119.08074188232422,0
google_robot_pick_coke_can__seed003__step071,google_robot_pick_coke_can,3,71,late,validation,prompt_single,49,0.02040816326530612,0.7551020408163265,13,0.16326530612244897,0.42857142857142855,170.6185302734375,0.8547182679176331,171.24929809570312,1
google_robot_pick_coke_can__seed003__step071,google_robot_pick_coke_can,3,71,late,validation,prompt_sparse,49,0.02040816326530612,0.7346938775510204,13,0.14285714285714285,0.30612244897959184,163.00950622558594,0.8611836433410645,172.59706115722656,2
google_robot_pick_coke_can__seed005__step008,google_robot_pick_coke_can,5,8,early,validation,standard_shr,13,1.0,0.15384615384615385,2,0.0,0.8461538461538461,114.72003936767578,0.9071476459503174,63.25699234008789,2
google_robot_pick_coke_can__seed005__step008,google_robot_pick_coke_can,5,8,early,validation,prompt_v1,13,0.15384615384615385,1.0,8,0.38461538461538464,0.3076923076923077,86.2104263305664,0.805824875831604,123.66576385498047,1
google_robot_pick_coke_can__seed005__step008,google_robot_pick_coke_can,5,8,early,validation,prompt_single,13,0.07692307692307693,0.46153846153846156,2,0.0,0.5384615384615384,94.73880004882812,0.913452684879303,203.50575256347656,2
google_robot_pick_coke_can__seed005__step008,google_robot_pick_coke_can,5,8,early,validation,prompt_sparse,13,0.07692307692307693,0.6153846153846154,5,0.23076923076923078,0.6153846153846154,94.61804962158203,0.9018515348434448,200.07179260253906,2
google_robot_pick_coke_can__seed005__step040,google_robot_pick_coke_can,5,40,middle,validation,standard_shr,9,1.0,0.0,3,0.1111111111111111,0.5555555555555556,100.95982360839844,0.7490441203117371,4.603653907775879,0
google_robot_pick_coke_can__seed005__step040,google_robot_pick_coke_can,5,40,middle,validation,prompt_v1,9,0.0,1.0,5,0.2222222222222222,0.3333333333333333,71.686767578125,0.805121123790741,80.33671569824219,0
google_robot_pick_coke_can__seed005__step040,google_robot_pick_coke_can,5,40,middle,validation,prompt_single,9,0.0,0.4444444444444444,2,0.1111111111111111,0.8888888888888888,77.33358001708984,0.8656313419342041,93.88259887695312,0
google_robot_pick_coke_can__seed005__step040,google_robot_pick_coke_can,5,40,middle,validation,prompt_sparse,9,0.0,0.4444444444444444,3,0.2222222222222222,0.7777777777777778,70.6086196899414,0.8749204874038696,105.95455932617188,0
google_robot_pick_coke_can__seed005__step071,google_robot_pick_coke_can,5,71,late,validation,standard_shr,7,1.0,0.0,1,0.0,1.0,94.0475082397461,0.8960779905319214,30.540952682495117,0
google_robot_pick_coke_can__seed005__step071,google_robot_pick_coke_can,5,71,late,validation,prompt_v1,7,0.0,1.0,5,0.5714285714285714,0.42857142857142855,66.2489242553711,0.8506892323493958,95.4959945678711,1
google_robot_pick_coke_can__seed005__step071,google_robot_pick_coke_can,5,71,late,validation,prompt_single,7,0.0,0.5714285714285714,2,0.0,0.7142857142857143,70.24571228027344,0.8873756527900696,124.67193603515625,1
google_robot_pick_coke_can__seed005__step071,google_robot_pick_coke_can,5,71,late,validation,prompt_sparse,7,0.0,0.7142857142857143,3,0.2857142857142857,0.7142857142857143,68.1368408203125,0.9272162318229675,123.86121368408203,1
google_robot_pick_coke_can__seed030__step008,google_robot_pick_coke_can,30,8,early,exploration,standard_shr,18,1.0,0.2222222222222222,3,0.0,0.3888888888888889,131.37562561035156,0.9868041276931763,201.810791015625,4
google_robot_pick_coke_can__seed030__step008,google_robot_pick_coke_can,30,8,early,exploration,prompt_v1,18,0.2222222222222222,1.0,11,0.4444444444444444,0.2222222222222222,97.60387420654297,0.8008546829223633,157.07302856445312,1
google_robot_pick_coke_can__seed030__step008,google_robot_pick_coke_can,30,8,early,exploration,prompt_single,18,0.3888888888888889,0.5555555555555556,8,0.2777777777777778,0.3333333333333333,105.5462417602539,0.8854125738143921,184.35726928710938,1
google_robot_pick_coke_can__seed030__step008,google_robot_pick_coke_can,30,8,early,exploration,prompt_sparse,18,0.2777777777777778,0.5555555555555556,8,0.2777777777777778,0.2777777777777778,90.80775451660156,0.8105862140655518,183.87545776367188,0
google_robot_pick_coke_can__seed030__step040,google_robot_pick_coke_can,30,40,middle,exploration,standard_shr,59,1.0,0.06779661016949153,4,0.01694915254237288,0.8305084745762712,207.97694396972656,0.9593374729156494,50.866580963134766,2
google_robot_pick_coke_can__seed030__step040,google_robot_pick_coke_can,30,40,middle,exploration,prompt_v1,59,0.06779661016949153,1.0,13,0.05084745762711865,0.3050847457627119,177.7181396484375,0.8162602186203003,217.6592559814453,2
google_robot_pick_coke_can__seed030__step040,google_robot_pick_coke_can,30,40,middle,exploration,prompt_single,59,0.0,0.711864406779661,9,0.0847457627118644,0.4915254237288136,191.69793701171875,0.8870158195495605,230.23550415039062,2
google_robot_pick_coke_can__seed030__step040,google_robot_pick_coke_can,30,40,middle,exploration,prompt_sparse,59,0.0,0.7627118644067796,10,0.05084745762711865,0.3898305084745763,179.54403686523438,0.8593240976333618,231.1262969970703,3
google_robot_pick_coke_can__seed030__step071,google_robot_pick_coke_can,30,71,late,exploration,standard_shr,11,1.0,0.2727272727272727,2,0.09090909090909091,0.9090909090909091,107.25474548339844,0.9708268642425537,205.41024780273438,2
google_robot_pick_coke_can__seed030__step071,google_robot_pick_coke_can,30,71,late,exploration,prompt_v1,11,0.2727272727272727,1.0,9,0.6363636363636364,0.18181818181818182,84.5261001586914,0.7913232445716858,147.02903747558594,1
google_robot_pick_coke_can__seed030__step071,google_robot_pick_coke_can,30,71,late,exploration,prompt_single,11,0.7272727272727273,0.45454545454545453,3,0.18181818181818182,0.8181818181818182,91.65827178955078,0.8121921420097351,161.82118225097656,1
google_robot_pick_coke_can__seed030__step071,google_robot_pick_coke_can,30,71,late,exploration,prompt_sparse,11,0.5454545454545454,0.6363636363636364,4,0.2727272727272727,0.7272727272727273,89.21863555908203,0.8040996193885803,163.94949340820312,1
google_robot_pick_coke_can__seed059__step008,google_robot_pick_coke_can,59,8,early,exploration,standard_shr,13,1.0,0.23076923076923078,2,0.0,0.6923076923076923,106.53782653808594,0.9215972423553467,143.63079833984375,2
google_robot_pick_coke_can__seed059__step008,google_robot_pick_coke_can,59,8,early,exploration,prompt_v1,13,0.23076923076923078,1.0,10,0.6153846153846154,0.23076923076923078,89.61891174316406,0.8156833648681641,80.36090087890625,1
google_robot_pick_coke_can__seed059__step008,google_robot_pick_coke_can,59,8,early,exploration,prompt_single,13,0.6153846153846154,0.3076923076923077,3,0.0,0.6153846153846154,93.4170913696289,0.8158251643180847,129.3841552734375,1
google_robot_pick_coke_can__seed059__step008,google_robot_pick_coke_can,59,8,early,exploration,prompt_sparse,13,0.5384615384615384,0.38461538461538464,4,0.15384615384615385,0.6153846153846154,91.90817260742188,0.8534190654754639,106.25763702392578,1
google_robot_pick_coke_can__seed059__step040,google_robot_pick_coke_can,59,40,middle,exploration,standard_shr,64,1.0,0.03125,5,0.015625,0.6875,217.0826416015625,0.9440115094184875,35.504783630371094,0
google_robot_pick_coke_can__seed059__step040,google_robot_pick_coke_can,59,40,middle,exploration,prompt_v1,64,0.03125,1.0,18,0.109375,0.140625,181.7512969970703,0.7915748357772827,171.79124450683594,1
google_robot_pick_coke_can__seed059__step040,google_robot_pick_coke_can,59,40,middle,exploration,prompt_single,64,0.0,0.78125,10,0.0625,0.265625,190.7857208251953,0.8616725206375122,248.05868530273438,1
google_robot_pick_coke_can__seed059__step040,google_robot_pick_coke_can,59,40,middle,exploration,prompt_sparse,64,0.0,0.78125,11,0.09375,0.296875,192.03369140625,0.8626006245613098,246.7281036376953,1
google_robot_pick_coke_can__seed059__step071,google_robot_pick_coke_can,59,71,late,exploration,standard_shr,38,1.0,0.07894736842105263,1,0.0,1.0,183.71241760253906,0.8981854319572449,62.98727035522461,0
google_robot_pick_coke_can__seed059__step071,google_robot_pick_coke_can,59,71,late,exploration,prompt_v1,38,0.07894736842105263,1.0,18,0.2894736842105263,0.2631578947368421,136.4478302001953,0.7800279855728149,125.2217025756836,0
google_robot_pick_coke_can__seed059__step071,google_robot_pick_coke_can,59,71,late,exploration,prompt_single,38,0.05263157894736842,0.7894736842105263,10,0.13157894736842105,0.5526315789473685,155.14344787597656,0.8542810678482056,168.43539428710938,0
google_robot_pick_coke_can__seed059__step071,google_robot_pick_coke_can,59,71,late,exploration,prompt_sparse,38,0.02631578947368421,0.7631578947368421,10,0.15789473684210525,0.5526315789473685,152.27850341796875,0.863292396068573,171.1984100341797,1
google_robot_pick_coke_can__seed095__step008,google_robot_pick_coke_can,95,8,early,validation,standard_shr,10,1.0,0.0,4,0.1,0.5,103.94278717041016,0.7989598512649536,8.54195499420166,0
google_robot_pick_coke_can__seed095__step008,google_robot_pick_coke_can,95,8,early,validation,prompt_v1,10,0.0,1.0,5,0.2,0.4,73.34751892089844,0.7390981912612915,88.33023834228516,3
google_robot_pick_coke_can__seed095__step008,google_robot_pick_coke_can,95,8,early,validation,prompt_single,10,0.0,0.4,4,0.1,0.5,86.151611328125,0.8068920373916626,209.7255096435547,4
google_robot_pick_coke_can__seed095__step008,google_robot_pick_coke_can,95,8,early,validation,prompt_sparse,10,0.0,0.5,5,0.4,0.6,85.12476348876953,0.8378083109855652,222.93624877929688,3
google_robot_pick_coke_can__seed095__step040,google_robot_pick_coke_can,95,40,middle,validation,standard_shr,43,1.0,0.046511627906976744,9,0.09302325581395349,0.23255813953488372,179.62770080566406,0.8456340432167053,27.218196868896484,0
google_robot_pick_coke_can__seed095__step040,google_robot_pick_coke_can,95,40,middle,validation,prompt_v1,43,0.046511627906976744,1.0,15,0.23255813953488372,0.3953488372093023,147.60157775878906,0.8087880611419678,144.90977478027344,1
google_robot_pick_coke_can__seed095__step040,google_robot_pick_coke_can,95,40,middle,validation,prompt_single,43,0.0,0.7209302325581395,13,0.13953488372093023,0.37209302325581395,146.95054626464844,0.874272346496582,185.0796356201172,2
google_robot_pick_coke_can__seed095__step040,google_robot_pick_coke_can,95,40,middle,validation,prompt_sparse,43,0.0,0.6976744186046512,13,0.13953488372093023,0.37209302325581395,152.75201416015625,0.8755884170532227,179.70669555664062,2
google_robot_pick_coke_can__seed095__step071,google_robot_pick_coke_can,95,71,late,validation,standard_shr,56,1.0,0.03571428571428571,14,0.14285714285714285,0.23214285714285715,191.65330505371094,0.8397397994995117,28.817968368530273,0
google_robot_pick_coke_can__seed095__step071,google_robot_pick_coke_can,95,71,late,validation,prompt_v1,56,0.03571428571428571,1.0,15,0.10714285714285714,0.35714285714285715,177.98622131347656,0.844415009021759,217.80848693847656,2
google_robot_pick_coke_can__seed095__step071,google_robot_pick_coke_can,95,71,late,validation,prompt_single,56,0.0,0.75,12,0.08928571428571429,0.32142857142857145,169.45318603515625,0.8772086501121521,234.23199462890625,3
google_robot_pick_coke_can__seed095__step071,google_robot_pick_coke_can,95,71,late,validation,prompt_sparse,56,0.0,0.7321428571428571,11,0.10714285714285714,0.3392857142857143,171.44424438476562,0.8967198133468628,230.3670654296875,3
google_robot_pick_coke_can__seed096__step008,google_robot_pick_coke_can,96,8,early,exploration,standard_shr,24,1.0,0.20833333333333334,2,0.0,0.75,148.2987518310547,0.9727891087532043,161.2935791015625,3
google_robot_pick_coke_can__seed096__step008,google_robot_pick_coke_can,96,8,early,exploration,prompt_v1,24,0.20833333333333334,1.0,13,0.4166666666666667,0.25,112.61589813232422,0.7801521420478821,142.3555908203125,2
google_robot_pick_coke_can__seed096__step008,google_robot_pick_coke_can,96,8,early,exploration,prompt_single,24,0.2916666666666667,0.5833333333333334,6,0.125,0.3333333333333333,132.5660400390625,0.9188562035560608,219.04331970214844,5
google_robot_pick_coke_can__seed096__step008,google_robot_pick_coke_can,96,8,early,exploration,prompt_sparse,24,0.25,0.4583333333333333,5,0.08333333333333333,0.4583333333333333,133.4088897705078,0.9425950646400452,209.35023498535156,4
google_robot_pick_coke_can__seed096__step040,google_robot_pick_coke_can,96,40,middle,exploration,standard_shr,6,1.0,0.0,2,0.16666666666666666,0.8333333333333334,94.04422760009766,0.7942817807197571,7.360891819000244,0
google_robot_pick_coke_can__seed096__step040,google_robot_pick_coke_can,96,40,middle,exploration,prompt_v1,6,0.0,1.0,5,0.6666666666666666,0.3333333333333333,62.986610412597656,0.8420464396476746,106.90409088134766,2
google_robot_pick_coke_can__seed096__step040,google_robot_pick_coke_can,96,40,middle,exploration,prompt_single,6,0.0,0.5,2,0.16666666666666666,0.8333333333333334,54.3079948425293,0.7650706171989441,178.8392333984375,3
google_robot_pick_coke_can__seed096__step040,google_robot_pick_coke_can,96,40,middle,exploration,prompt_sparse,6,0.0,0.5,3,0.3333333333333333,0.6666666666666666,51.99005126953125,0.8340103626251221,179.03578186035156,2
google_robot_pick_coke_can__seed096__step071,google_robot_pick_coke_can,96,71,late,exploration,standard_shr,29,1.0,0.1724137931034483,1,0.0,1.0,161.76736450195312,1.0254079103469849,68.74873352050781,0
google_robot_pick_coke_can__seed096__step071,google_robot_pick_coke_can,96,71,late,exploration,prompt_v1,29,0.1724137931034483,1.0,18,0.41379310344827586,0.1724137931034483,121.35154724121094,0.7497274279594421,142.2071075439453,0
google_robot_pick_coke_can__seed096__step071,google_robot_pick_coke_can,96,71,late,exploration,prompt_single,29,0.20689655172413793,0.5862068965517241,7,0.13793103448275862,0.6206896551724138,140.61032104492188,0.8804590106010437,158.0819549560547,1
google_robot_pick_coke_can__seed096__step071,google_robot_pick_coke_can,96,71,late,exploration,prompt_sparse,29,0.1724137931034483,0.6551724137931034,11,0.3103448275862069,0.5517241379310345,130.35191345214844,0.8522608280181885,156.46847534179688,1
google_robot_pick_coke_can__seed097__step008,google_robot_pick_coke_can,97,8,early,exploration,standard_shr,25,1.0,0.16,2,0.0,0.8,144.77545166015625,1.0075232982635498,64.64811706542969,0
google_robot_pick_coke_can__seed097__step008,google_robot_pick_coke_can,97,8,early,exploration,prompt_v1,25,0.16,1.0,13,0.28,0.16,121.10163116455078,0.7995544672012329,121.73809051513672,0
google_robot_pick_coke_can__seed097__step008,google_robot_pick_coke_can,97,8,early,exploration,prompt_single,25,0.0,0.6,5,0.08,0.68,142.43338012695312,0.9517742395401001,168.0541229248047,0
google_robot_pick_coke_can__seed097__step008,google_robot_pick_coke_can,97,8,early,exploration,prompt_sparse,25,0.04,0.6,7,0.16,0.64,134.52182006835938,0.8931857943534851,163.56568908691406,0
google_robot_pick_coke_can__seed097__step040,google_robot_pick_coke_can,97,40,middle,exploration,standard_shr,24,1.0,0.16666666666666666,2,0.0,0.7916666666666666,140.0689239501953,0.9821853041648865,55.08002471923828,0
google_robot_pick_coke_can__seed097__step040,google_robot_pick_coke_can,97,40,middle,exploration,prompt_v1,24,0.16666666666666666,1.0,13,0.3333333333333333,0.16666666666666666,120.1788558959961,0.7906610369682312,114.6102294921875,2
google_robot_pick_coke_can__seed097__step040,google_robot_pick_coke_can,97,40,middle,exploration,prompt_single,24,0.0,0.5833333333333334,4,0.041666666666666664,0.6666666666666666,148.60939025878906,0.9539567828178406,166.44041442871094,0
google_robot_pick_coke_can__seed097__step040,google_robot_pick_coke_can,97,40,middle,exploration,prompt_sparse,24,0.041666666666666664,0.625,8,0.25,0.6666666666666666,138.56105041503906,0.9193231463432312,161.4268035888672,0
google_robot_pick_coke_can__seed097__step071,google_robot_pick_coke_can,97,71,late,exploration,standard_shr,8,1.0,0.0,2,0.0,0.5,88.1450424194336,0.9227284789085388,38.24807357788086,1
google_robot_pick_coke_can__seed097__step071,google_robot_pick_coke_can,97,71,late,exploration,prompt_v1,8,0.0,1.0,6,0.5,0.25,69.35108947753906,0.8540478944778442,138.1758270263672,3
google_robot_pick_coke_can__seed097__step071,google_robot_pick_coke_can,97,71,late,exploration,prompt_single,8,0.0,0.375,1,0.0,1.0,77.288818359375,0.8515574932098389,169.54965209960938,2
google_robot_pick_coke_can__seed097__step071,google_robot_pick_coke_can,97,71,late,exploration,prompt_sparse,8,0.0,0.375,3,0.125,0.625,69.25321960449219,0.8904981017112732,133.63677978515625,1
google_robot_pick_coke_can__seed099__step008,google_robot_pick_coke_can,99,8,early,validation,standard_shr,8,1.0,0.0,2,0.0,0.625,75.44470977783203,0.9036548137664795,114.9114761352539,1
google_robot_pick_coke_can__seed099__step008,google_robot_pick_coke_can,99,8,early,validation,prompt_v1,8,0.0,1.0,7,0.75,0.25,81.04385375976562,0.86001056432724,71.06288146972656,1
google_robot_pick_coke_can__seed099__step008,google_robot_pick_coke_can,99,8,early,validation,prompt_single,8,0.375,0.25,2,0.0,0.625,65.61653137207031,0.8301394581794739,100.28923034667969,0
google_robot_pick_coke_can__seed099__step008,google_robot_pick_coke_can,99,8,early,validation,prompt_sparse,8,0.375,0.375,4,0.25,0.5,66.9123306274414,0.8385679721832275,96.3643569946289,0
google_robot_pick_coke_can__seed099__step040,google_robot_pick_coke_can,99,40,middle,validation,standard_shr,41,1.0,0.04878048780487805,13,0.2682926829268293,0.6829268292682927,155.83360290527344,0.8013514280319214,26.07599449157715,0
google_robot_pick_coke_can__seed099__step040,google_robot_pick_coke_can,99,40,middle,validation,prompt_v1,41,0.04878048780487805,1.0,21,0.2682926829268293,0.14634146341463414,146.53468322753906,0.811416506767273,82.47161102294922,0
google_robot_pick_coke_can__seed099__step040,google_robot_pick_coke_can,99,40,middle,validation,prompt_single,41,0.0,0.6585365853658537,11,0.14634146341463414,0.4878048780487805,158.5305633544922,0.8913899064064026,143.8191375732422,1
google_robot_pick_coke_can__seed099__step040,google_robot_pick_coke_can,99,40,middle,validation,prompt_sparse,41,0.024390243902439025,0.6097560975609756,14,0.24390243902439024,0.2926829268292683,150.93251037597656,0.8535897731781006,130.0633087158203,1
google_robot_pick_coke_can__seed099__step071,google_robot_pick_coke_can,99,71,late,validation,standard_shr,7,1.0,0.0,3,0.2857142857142857,0.7142857142857143,98.88883209228516,0.7860544323921204,4.72990083694458,0
google_robot_pick_coke_can__seed099__step071,google_robot_pick_coke_can,99,71,late,validation,prompt_v1,7,0.0,1.0,6,0.7142857142857143,0.2857142857142857,73.27433776855469,0.8343285322189331,62.96487808227539,0
google_robot_pick_coke_can__seed099__step071,google_robot_pick_coke_can,99,71,late,validation,prompt_single,7,0.0,0.2857142857142857,4,0.14285714285714285,0.2857142857142857,59.06470489501953,0.7449063658714294,81.53997039794922,1
google_robot_pick_coke_can__seed099__step071,google_robot_pick_coke_can,99,71,late,validation,prompt_sparse,7,0.0,0.42857142857142855,4,0.2857142857142857,0.42857142857142855,60.63917541503906,0.8288256525993347,93.40637969970703,0
