state_id,split,task,layer,new_target_gain,old_target_drop
google_robot_move_near__seed000__step008,validation,google_robot_move_near,0,0.0005675256252288818,0.00019451044499874115
google_robot_move_near__seed000__step008,validation,google_robot_move_near,1,0.000565752387046814,-9.446404874324799e-05
google_robot_move_near__seed000__step008,validation,google_robot_move_near,2,-0.0007207170128822327,0.00031209085136651993
google_robot_move_near__seed000__step008,validation,google_robot_move_near,3,0.03305669128894806,0.0017892662435770035
google_robot_move_near__seed000__step008,validation,google_robot_move_near,4,0.004056088626384735,0.0005389056168496609
google_robot_move_near__seed000__step008,validation,google_robot_move_near,5,0.0032572895288467407,0.00028315605595707893
google_robot_move_near__seed000__step008,validation,google_robot_move_near,6,0.04441744089126587,0.00016221730038523674
google_robot_move_near__seed000__step008,validation,google_robot_move_near,7,0.07813942432403564,0.013894135132431984
google_robot_move_near__seed000__step008,validation,google_robot_move_near,8,0.04828827083110809,0.015142994932830334
google_robot_move_near__seed000__step008,validation,google_robot_move_near,9,0.02967897802591324,0.030777234584093094
google_robot_move_near__seed000__step008,validation,google_robot_move_near,10,0.013482742011547089,0.018284551799297333
google_robot_move_near__seed000__step008,validation,google_robot_move_near,11,0.05419690161943436,0.03361688554286957
google_robot_move_near__seed000__step008,validation,google_robot_move_near,12,0.03287738561630249,0.022950712591409683
google_robot_move_near__seed000__step008,validation,google_robot_move_near,13,0.007026687264442444,0.01939244382083416
google_robot_move_near__seed000__step008,validation,google_robot_move_near,14,0.012731172144412994,0.02140723168849945
google_robot_move_near__seed000__step008,validation,google_robot_move_near,15,0.013134203851222992,0.011122566647827625
google_robot_move_near__seed000__step008,validation,google_robot_move_near,16,-0.0023357346653938293,0.0037798304110765457
google_robot_move_near__seed000__step008,validation,google_robot_move_near,17,0.029860682785511017,0.007084984332323074
google_robot_move_near__seed000__step008,validation,google_robot_move_near,18,-0.021869495511054993,0.004740174859762192
google_robot_move_near__seed000__step008,validation,google_robot_move_near,19,-0.0002559572458267212,0.01595575548708439
google_robot_move_near__seed000__step008,validation,google_robot_move_near,20,-0.002279996871948242,0.008381566032767296
google_robot_move_near__seed000__step008,validation,google_robot_move_near,21,-0.017923220992088318,0.005237344652414322
google_robot_move_near__seed000__step008,validation,google_robot_move_near,22,-0.013004019856452942,0.003738071769475937
google_robot_move_near__seed000__step008,validation,google_robot_move_near,23,0.010745733976364136,0.002332627773284912
google_robot_move_near__seed000__step008,validation,google_robot_move_near,24,-0.0003059804439544678,0.0038253366947174072
google_robot_move_near__seed000__step008,validation,google_robot_move_near,25,0.0018184632062911987,5.840510129928589e-05
google_robot_move_near__seed000__step008,validation,google_robot_move_near,26,-0.008281484246253967,0.0034651979804039
google_robot_move_near__seed000__step008,validation,google_robot_move_near,27,-0.00035353004932403564,0.003334052860736847
google_robot_move_near__seed000__step008,validation,google_robot_move_near,28,0.0022004246711730957,0.00016163289546966553
google_robot_move_near__seed000__step008,validation,google_robot_move_near,29,0.009290874004364014,0.0029184818267822266
google_robot_move_near__seed000__step008,validation,google_robot_move_near,30,-0.0026952624320983887,0.0028655603528022766
google_robot_move_near__seed000__step008,validation,google_robot_move_near,31,0.0024861693382263184,0.006338760256767273
google_robot_move_near__seed031__step008,exploration,google_robot_move_near,0,-0.0007624365389347076,0.00031909532845020294
google_robot_move_near__seed031__step008,exploration,google_robot_move_near,1,0.0008105151355266571,-6.695836782455444e-05
google_robot_move_near__seed031__step008,exploration,google_robot_move_near,2,-9.74796712398529e-05,-0.000989115796983242
google_robot_move_near__seed031__step008,exploration,google_robot_move_near,3,0.006525291129946709,0.001246546395123005
google_robot_move_near__seed031__step008,exploration,google_robot_move_near,4,-0.001941479742527008,0.001146908849477768
google_robot_move_near__seed031__step008,exploration,google_robot_move_near,5,0.00279802642762661,-0.0019819168373942375
google_robot_move_near__seed031__step008,exploration,google_robot_move_near,6,0.010094702243804932,0.004327308386564255
google_robot_move_near__seed031__step008,exploration,google_robot_move_near,7,0.13284000754356384,0.009706197306513786
google_robot_move_near__seed031__step008,exploration,google_robot_move_near,8,0.1003543809056282,0.03965843468904495
google_robot_move_near__seed031__step008,exploration,google_robot_move_near,9,0.1194365993142128,0.09699470549821854
google_robot_move_near__seed031__step008,exploration,google_robot_move_near,10,0.04896561801433563,0.018850918859243393
google_robot_move_near__seed031__step008,exploration,google_robot_move_near,11,0.043061625212430954,0.05139917880296707
google_robot_move_near__seed031__step008,exploration,google_robot_move_near,12,0.028690245002508163,0.018118370324373245
google_robot_move_near__seed031__step008,exploration,google_robot_move_near,13,0.023938201367855072,0.007033411413431168
google_robot_move_near__seed031__step008,exploration,google_robot_move_near,14,0.020315632224082947,0.009560225531458855
google_robot_move_near__seed031__step008,exploration,google_robot_move_near,15,0.005546640604734421,0.0010127779096364975
google_robot_move_near__seed031__step008,exploration,google_robot_move_near,16,0.009824540466070175,0.0030853841453790665
google_robot_move_near__seed031__step008,exploration,google_robot_move_near,17,0.02796509489417076,0.0030516348779201508
google_robot_move_near__seed031__step008,exploration,google_robot_move_near,18,0.017586898058652878,-0.0005000215023756027
google_robot_move_near__seed031__step008,exploration,google_robot_move_near,19,0.04195171222090721,-0.0002757161855697632
google_robot_move_near__seed031__step008,exploration,google_robot_move_near,20,0.03946748375892639,0.001963159069418907
google_robot_move_near__seed031__step008,exploration,google_robot_move_near,21,0.052683763206005096,0.0044286660850048065
google_robot_move_near__seed031__step008,exploration,google_robot_move_near,22,0.027623340487480164,0.00828482210636139
google_robot_move_near__seed031__step008,exploration,google_robot_move_near,23,0.0009141415357589722,-0.0034696273505687714
google_robot_move_near__seed031__step008,exploration,google_robot_move_near,24,0.03820689022541046,0.006804186850786209
google_robot_move_near__seed031__step008,exploration,google_robot_move_near,25,0.00964479148387909,0.004086580127477646
google_robot_move_near__seed031__step008,exploration,google_robot_move_near,26,0.006835818290710449,-0.0025384053587913513
google_robot_move_near__seed031__step008,exploration,google_robot_move_near,27,-0.009964287281036377,-0.004577264189720154
google_robot_move_near__seed031__step008,exploration,google_robot_move_near,28,-0.011478662490844727,-0.00308222696185112
google_robot_move_near__seed031__step008,exploration,google_robot_move_near,29,-0.011056900024414062,0.0004981234669685364
google_robot_move_near__seed031__step008,exploration,google_robot_move_near,30,-0.012318283319473267,-0.001131311058998108
google_robot_move_near__seed031__step008,exploration,google_robot_move_near,31,-0.010371029376983643,0.00030561909079551697
google_robot_move_near__seed073__step008,exploration,google_robot_move_near,0,-0.00047317519783973694,0.0003058016300201416
google_robot_move_near__seed073__step008,exploration,google_robot_move_near,1,0.00042471103370189667,-0.0009685307741165161
google_robot_move_near__seed073__step008,exploration,google_robot_move_near,2,-0.0018802843987941742,0.001998104155063629
google_robot_move_near__seed073__step008,exploration,google_robot_move_near,3,0.0003641955554485321,0.013025559484958649
google_robot_move_near__seed073__step008,exploration,google_robot_move_near,4,-0.00012819282710552216,0.006074428558349609
google_robot_move_near__seed073__step008,exploration,google_robot_move_near,5,-0.0003250241279602051,0.002605244517326355
google_robot_move_near__seed073__step008,exploration,google_robot_move_near,6,0.007130356505513191,0.0499202162027359
google_robot_move_near__seed073__step008,exploration,google_robot_move_near,7,0.0035252459347248077,0.0905315950512886
google_robot_move_near__seed073__step008,exploration,google_robot_move_near,8,0.033676017075777054,0.052718497812747955
google_robot_move_near__seed073__step008,exploration,google_robot_move_near,9,0.08545041084289551,0.03880160674452782
google_robot_move_near__seed073__step008,exploration,google_robot_move_near,10,0.014786984771490097,0.022274892777204514
google_robot_move_near__seed073__step008,exploration,google_robot_move_near,11,0.03833276033401489,0.03148778900504112
google_robot_move_near__seed073__step008,exploration,google_robot_move_near,12,0.011316351592540741,0.00847654603421688
google_robot_move_near__seed073__step008,exploration,google_robot_move_near,13,0.014826284721493721,0.05488656088709831
google_robot_move_near__seed073__step008,exploration,google_robot_move_near,14,0.002511771395802498,0.0012546759098768234
google_robot_move_near__seed073__step008,exploration,google_robot_move_near,15,0.0050191450864076614,-0.00020780228078365326
google_robot_move_near__seed073__step008,exploration,google_robot_move_near,16,0.005775494500994682,-0.003658430650830269
google_robot_move_near__seed073__step008,exploration,google_robot_move_near,17,-0.0009359586983919144,0.0020542554557323456
google_robot_move_near__seed073__step008,exploration,google_robot_move_near,18,0.003981763496994972,-0.0011320598423480988
google_robot_move_near__seed073__step008,exploration,google_robot_move_near,19,0.005049210041761398,-0.0037737730890512466
google_robot_move_near__seed073__step008,exploration,google_robot_move_near,20,0.00558413565158844,9.665824472904205e-05
google_robot_move_near__seed073__step008,exploration,google_robot_move_near,21,-0.005961164832115173,-0.003123365342617035
google_robot_move_near__seed073__step008,exploration,google_robot_move_near,22,0.02199976146221161,-0.00015846826136112213
google_robot_move_near__seed073__step008,exploration,google_robot_move_near,23,-0.008118391036987305,-0.002572789788246155
google_robot_move_near__seed073__step008,exploration,google_robot_move_near,24,-0.0014857500791549683,0.0003286190330982208
google_robot_move_near__seed073__step008,exploration,google_robot_move_near,25,0.004728078842163086,-0.0010300911962985992
google_robot_move_near__seed073__step008,exploration,google_robot_move_near,26,0.05149385333061218,0.00429283082485199
google_robot_move_near__seed073__step008,exploration,google_robot_move_near,27,-0.024620354175567627,-0.010668247938156128
google_robot_move_near__seed073__step008,exploration,google_robot_move_near,28,0.01209743320941925,-0.0027685947716236115
google_robot_move_near__seed073__step008,exploration,google_robot_move_near,29,0.001611471176147461,-0.010109350085258484
google_robot_move_near__seed073__step008,exploration,google_robot_move_near,30,-0.008318096399307251,-0.001914236694574356
google_robot_move_near__seed073__step008,exploration,google_robot_move_near,31,-0.0012448057532310486,-0.0008610598742961884
google_robot_open_drawer__seed000__step011,validation,google_robot_open_drawer,0,-0.00015488266944885254,-9.17389988899231e-05
google_robot_open_drawer__seed000__step011,validation,google_robot_open_drawer,1,-1.1354684829711914e-05,-0.00042488425970077515
google_robot_open_drawer__seed000__step011,validation,google_robot_open_drawer,2,-0.00458739697933197,0.0016728490591049194
google_robot_open_drawer__seed000__step011,validation,google_robot_open_drawer,3,-0.0002569854259490967,0.002600729465484619
google_robot_open_drawer__seed000__step011,validation,google_robot_open_drawer,4,-0.0014363452792167664,-0.002517417073249817
google_robot_open_drawer__seed000__step011,validation,google_robot_open_drawer,5,0.004386596381664276,0.007760502398014069
google_robot_open_drawer__seed000__step011,validation,google_robot_open_drawer,6,-0.010669536888599396,-5.9470534324645996e-05
google_robot_open_drawer__seed000__step011,validation,google_robot_open_drawer,7,0.003502950072288513,-0.01296989619731903
google_robot_open_drawer__seed000__step011,validation,google_robot_open_drawer,8,0.031063616275787354,0.007259264588356018
google_robot_open_drawer__seed000__step011,validation,google_robot_open_drawer,9,0.022009074687957764,0.020864233374595642
google_robot_open_drawer__seed000__step011,validation,google_robot_open_drawer,10,0.026089683175086975,-0.08812279999256134
google_robot_open_drawer__seed000__step011,validation,google_robot_open_drawer,11,0.20366090536117554,0.054718077182769775
google_robot_open_drawer__seed000__step011,validation,google_robot_open_drawer,12,0.015379518270492554,0.036881089210510254
google_robot_open_drawer__seed000__step011,validation,google_robot_open_drawer,13,0.008687391877174377,0.0068972110748291016
google_robot_open_drawer__seed000__step011,validation,google_robot_open_drawer,14,0.12707898020744324,0.11306107044219971
google_robot_open_drawer__seed000__step011,validation,google_robot_open_drawer,15,0.004894718527793884,0.021654903888702393
google_robot_open_drawer__seed000__step011,validation,google_robot_open_drawer,16,0.0007283799350261688,0.043593667447566986
google_robot_open_drawer__seed000__step011,validation,google_robot_open_drawer,17,-0.005131300538778305,0.037360385060310364
google_robot_open_drawer__seed000__step011,validation,google_robot_open_drawer,18,0.005455821752548218,0.038072988390922546
google_robot_open_drawer__seed000__step011,validation,google_robot_open_drawer,19,-0.0011785700917243958,0.055025845766067505
google_robot_open_drawer__seed000__step011,validation,google_robot_open_drawer,20,0.00537419319152832,0.024934984743595123
google_robot_open_drawer__seed000__step011,validation,google_robot_open_drawer,21,-0.00015789642930030823,0.05969110131263733
google_robot_open_drawer__seed000__step011,validation,google_robot_open_drawer,22,0.0018387120217084885,0.015215791761875153
google_robot_open_drawer__seed000__step011,validation,google_robot_open_drawer,23,-0.0019305981695652008,0.04346252977848053
google_robot_open_drawer__seed000__step011,validation,google_robot_open_drawer,24,0.014419551938772202,0.04205557703971863
google_robot_open_drawer__seed000__step011,validation,google_robot_open_drawer,25,-0.012962374836206436,0.02309039607644081
google_robot_open_drawer__seed000__step011,validation,google_robot_open_drawer,26,-0.008726626634597778,0.03199896216392517
google_robot_open_drawer__seed000__step011,validation,google_robot_open_drawer,27,0.00325968861579895,-0.00239737331867218
google_robot_open_drawer__seed000__step011,validation,google_robot_open_drawer,28,-0.025199957191944122,0.011076517403125763
google_robot_open_drawer__seed000__step011,validation,google_robot_open_drawer,29,-0.009949900209903717,0.014883451163768768
google_robot_open_drawer__seed000__step011,validation,google_robot_open_drawer,30,-0.01534435898065567,0.01245206594467163
google_robot_open_drawer__seed000__step011,validation,google_robot_open_drawer,31,-0.004807688295841217,0.004106670618057251
google_robot_open_drawer__seed011__step011,exploration,google_robot_open_drawer,0,0.0006852447986602783,-0.00018475204706192017
google_robot_open_drawer__seed011__step011,exploration,google_robot_open_drawer,1,-0.0004936978220939636,-0.00012315437197685242
google_robot_open_drawer__seed011__step011,exploration,google_robot_open_drawer,2,0.010430052876472473,-0.0007407218217849731
google_robot_open_drawer__seed011__step011,exploration,google_robot_open_drawer,3,0.008236214518547058,-0.0006895512342453003
google_robot_open_drawer__seed011__step011,exploration,google_robot_open_drawer,4,0.000351831316947937,0.0004252493381500244
google_robot_open_drawer__seed011__step011,exploration,google_robot_open_drawer,5,0.02160455286502838,-0.00901898741722107
google_robot_open_drawer__seed011__step011,exploration,google_robot_open_drawer,6,-0.02593608945608139,0.007750526070594788
google_robot_open_drawer__seed011__step011,exploration,google_robot_open_drawer,7,-0.034848928451538086,0.00584658607840538
google_robot_open_drawer__seed011__step011,exploration,google_robot_open_drawer,8,-0.012143135070800781,0.0057471320033073425
google_robot_open_drawer__seed011__step011,exploration,google_robot_open_drawer,9,-0.018147282302379608,0.009342558681964874
google_robot_open_drawer__seed011__step011,exploration,google_robot_open_drawer,10,-0.03443001210689545,0.03209785372018814
google_robot_open_drawer__seed011__step011,exploration,google_robot_open_drawer,11,-0.060867324471473694,0.067713662981987
google_robot_open_drawer__seed011__step011,exploration,google_robot_open_drawer,12,-0.0383245050907135,0.03868374601006508
google_robot_open_drawer__seed011__step011,exploration,google_robot_open_drawer,13,-0.04592415690422058,0.014514539390802383
google_robot_open_drawer__seed011__step011,exploration,google_robot_open_drawer,14,-0.11654983460903168,0.006256386637687683
google_robot_open_drawer__seed011__step011,exploration,google_robot_open_drawer,15,-0.024506159126758575,0.009171200916171074
google_robot_open_drawer__seed011__step011,exploration,google_robot_open_drawer,16,-0.015589822083711624,0.0018484201282262802
google_robot_open_drawer__seed011__step011,exploration,google_robot_open_drawer,17,-0.007822304964065552,0.002697926014661789
google_robot_open_drawer__seed011__step011,exploration,google_robot_open_drawer,18,-0.014121294021606445,0.003939308226108551
google_robot_open_drawer__seed011__step011,exploration,google_robot_open_drawer,19,-0.010506145656108856,0.006740108132362366
google_robot_open_drawer__seed011__step011,exploration,google_robot_open_drawer,20,-0.026501640677452087,0.004238758236169815
google_robot_open_drawer__seed011__step011,exploration,google_robot_open_drawer,21,-0.012419268488883972,0.00031322799623012543
google_robot_open_drawer__seed011__step011,exploration,google_robot_open_drawer,22,-0.011419214308261871,0.0004973523318767548
google_robot_open_drawer__seed011__step011,exploration,google_robot_open_drawer,23,0.013716131448745728,-0.0015307459980249405
google_robot_open_drawer__seed011__step011,exploration,google_robot_open_drawer,24,-0.03432781994342804,0.0007682293653488159
google_robot_open_drawer__seed011__step011,exploration,google_robot_open_drawer,25,0.006520450115203857,0.0008124131709337234
google_robot_open_drawer__seed011__step011,exploration,google_robot_open_drawer,26,-0.011322878301143646,0.00419546477496624
google_robot_open_drawer__seed011__step011,exploration,google_robot_open_drawer,27,-0.010105691850185394,0.0003708936274051666
google_robot_open_drawer__seed011__step011,exploration,google_robot_open_drawer,28,-0.010330170392990112,0.007343849167227745
google_robot_open_drawer__seed011__step011,exploration,google_robot_open_drawer,29,-0.012672573328018188,0.0032822005450725555
google_robot_open_drawer__seed011__step011,exploration,google_robot_open_drawer,30,-0.0223519429564476,0.000941794365644455
google_robot_open_drawer__seed011__step011,exploration,google_robot_open_drawer,31,-0.005697660148143768,0.00024649128317832947
google_robot_open_drawer__seed032__step011,exploration,google_robot_open_drawer,0,0.000307328999042511,3.052130341529846e-05
google_robot_open_drawer__seed032__step011,exploration,google_robot_open_drawer,1,0.000398196280002594,-0.0003336295485496521
google_robot_open_drawer__seed032__step011,exploration,google_robot_open_drawer,2,0.0032144561409950256,0.00039952993392944336
google_robot_open_drawer__seed032__step011,exploration,google_robot_open_drawer,3,0.0035222619771957397,-0.0011343657970428467
google_robot_open_drawer__seed032__step011,exploration,google_robot_open_drawer,4,-0.002195023000240326,0.0007608365267515182
google_robot_open_drawer__seed032__step011,exploration,google_robot_open_drawer,5,0.015989482402801514,-0.00432925671339035
google_robot_open_drawer__seed032__step011,exploration,google_robot_open_drawer,6,-0.029820770025253296,0.0011288151144981384
google_robot_open_drawer__seed032__step011,exploration,google_robot_open_drawer,7,-0.002539724111557007,-0.0025874003767967224
google_robot_open_drawer__seed032__step011,exploration,google_robot_open_drawer,8,-0.010813921689987183,0.014604009687900543
google_robot_open_drawer__seed032__step011,exploration,google_robot_open_drawer,9,-0.015384934842586517,0.021692324429750443
google_robot_open_drawer__seed032__step011,exploration,google_robot_open_drawer,10,0.004280366003513336,0.06017015874385834
google_robot_open_drawer__seed032__step011,exploration,google_robot_open_drawer,11,-0.0730319693684578,0.04020823538303375
google_robot_open_drawer__seed032__step011,exploration,google_robot_open_drawer,12,-0.02788318693637848,0.003213919699192047
google_robot_open_drawer__seed032__step011,exploration,google_robot_open_drawer,13,-0.010785169899463654,0.021933071315288544
google_robot_open_drawer__seed032__step011,exploration,google_robot_open_drawer,14,-0.08362468332052231,0.030973106622695923
google_robot_open_drawer__seed032__step011,exploration,google_robot_open_drawer,15,-0.013279266655445099,0.0089244544506073
google_robot_open_drawer__seed032__step011,exploration,google_robot_open_drawer,16,-0.007788296788930893,0.012452445924282074
google_robot_open_drawer__seed032__step011,exploration,google_robot_open_drawer,17,-0.009592652320861816,0.01495189219713211
google_robot_open_drawer__seed032__step011,exploration,google_robot_open_drawer,18,-0.00938042625784874,0.009321760386228561
google_robot_open_drawer__seed032__step011,exploration,google_robot_open_drawer,19,-0.008294040337204933,0.0028592199087142944
google_robot_open_drawer__seed032__step011,exploration,google_robot_open_drawer,20,-0.00032756291329860687,0.007741060107946396
google_robot_open_drawer__seed032__step011,exploration,google_robot_open_drawer,21,-0.013213671743869781,0.004072889685630798
google_robot_open_drawer__seed032__step011,exploration,google_robot_open_drawer,22,-0.009638279676437378,0.00116812065243721
google_robot_open_drawer__seed032__step011,exploration,google_robot_open_drawer,23,-0.00040335580706596375,-0.013268038630485535
google_robot_open_drawer__seed032__step011,exploration,google_robot_open_drawer,24,-0.0019504725933074951,0.0033296197652816772
google_robot_open_drawer__seed032__step011,exploration,google_robot_open_drawer,25,0.0002749059349298477,-0.0019837580621242523
google_robot_open_drawer__seed032__step011,exploration,google_robot_open_drawer,26,0.0030762776732444763,-0.006689198315143585
google_robot_open_drawer__seed032__step011,exploration,google_robot_open_drawer,27,-0.0044711679220199585,0.000507105141878128
google_robot_open_drawer__seed032__step011,exploration,google_robot_open_drawer,28,-0.0003799479454755783,-0.0014275088906288147
google_robot_open_drawer__seed032__step011,exploration,google_robot_open_drawer,29,-0.0013487115502357483,0.0002467893064022064
google_robot_open_drawer__seed032__step011,exploration,google_robot_open_drawer,30,-0.001296425238251686,-0.0045988596975803375
google_robot_open_drawer__seed032__step011,exploration,google_robot_open_drawer,31,-0.004690609872341156,-0.0006736218929290771
google_robot_pick_coke_can__seed003__step008,validation,google_robot_pick_coke_can,0,-5.513429641723633e-05,0.00010189786553382874
google_robot_pick_coke_can__seed003__step008,validation,google_robot_pick_coke_can,1,-0.00010776147246360779,0.0004309415817260742
google_robot_pick_coke_can__seed003__step008,validation,google_robot_pick_coke_can,2,-0.0006440021097660065,0.003598734736442566
google_robot_pick_coke_can__seed003__step008,validation,google_robot_pick_coke_can,3,0.0009342823177576065,0.007657624781131744
google_robot_pick_coke_can__seed003__step008,validation,google_robot_pick_coke_can,4,-0.000817570835351944,0.011893033981323242
google_robot_pick_coke_can__seed003__step008,validation,google_robot_pick_coke_can,5,-0.0008219834417104721,0.005934670567512512
google_robot_pick_coke_can__seed003__step008,validation,google_robot_pick_coke_can,6,0.014412516728043556,0.028522364795207977
google_robot_pick_coke_can__seed003__step008,validation,google_robot_pick_coke_can,7,0.035232845693826675,0.07173050940036774
google_robot_pick_coke_can__seed003__step008,validation,google_robot_pick_coke_can,8,0.04255439341068268,0.06294123828411102
google_robot_pick_coke_can__seed003__step008,validation,google_robot_pick_coke_can,9,0.04978060722351074,0.09617443382740021
google_robot_pick_coke_can__seed003__step008,validation,google_robot_pick_coke_can,10,0.06608398258686066,0.09107822179794312
google_robot_pick_coke_can__seed003__step008,validation,google_robot_pick_coke_can,11,0.14825168251991272,0.07870079576969147
google_robot_pick_coke_can__seed003__step008,validation,google_robot_pick_coke_can,12,0.0735306441783905,0.05642321705818176
google_robot_pick_coke_can__seed003__step008,validation,google_robot_pick_coke_can,13,0.02482409030199051,0.05057433247566223
google_robot_pick_coke_can__seed003__step008,validation,google_robot_pick_coke_can,14,0.14985156059265137,0.098699651658535
google_robot_pick_coke_can__seed003__step008,validation,google_robot_pick_coke_can,15,0.029676727950572968,0.0370851531624794
google_robot_pick_coke_can__seed003__step008,validation,google_robot_pick_coke_can,16,0.09108694642782211,0.036945890635252
google_robot_pick_coke_can__seed003__step008,validation,google_robot_pick_coke_can,17,0.06097867712378502,0.09718737006187439
google_robot_pick_coke_can__seed003__step008,validation,google_robot_pick_coke_can,18,0.020464647561311722,0.01039934903383255
google_robot_pick_coke_can__seed003__step008,validation,google_robot_pick_coke_can,19,0.04978187009692192,0.07382480800151825
google_robot_pick_coke_can__seed003__step008,validation,google_robot_pick_coke_can,20,0.03799000382423401,0.039037443697452545
google_robot_pick_coke_can__seed003__step008,validation,google_robot_pick_coke_can,21,0.13582195341587067,0.1598462462425232
google_robot_pick_coke_can__seed003__step008,validation,google_robot_pick_coke_can,22,0.027483057230710983,0.08627590537071228
google_robot_pick_coke_can__seed003__step008,validation,google_robot_pick_coke_can,23,0.02575872465968132,0.006503790616989136
google_robot_pick_coke_can__seed003__step008,validation,google_robot_pick_coke_can,24,0.08235043287277222,0.018220096826553345
google_robot_pick_coke_can__seed003__step008,validation,google_robot_pick_coke_can,25,0.0029109343886375427,0.019700348377227783
google_robot_pick_coke_can__seed003__step008,validation,google_robot_pick_coke_can,26,0.03881681710481644,0.0010954737663269043
google_robot_pick_coke_can__seed003__step008,validation,google_robot_pick_coke_can,27,-0.00844845175743103,0.012313619256019592
google_robot_pick_coke_can__seed003__step008,validation,google_robot_pick_coke_can,28,0.009567178785800934,0.014146953821182251
google_robot_pick_coke_can__seed003__step008,validation,google_robot_pick_coke_can,29,0.025111109018325806,-0.008205235004425049
google_robot_pick_coke_can__seed003__step008,validation,google_robot_pick_coke_can,30,0.0056025683879852295,0.006732001900672913
google_robot_pick_coke_can__seed003__step008,validation,google_robot_pick_coke_can,31,0.00036903470754623413,-0.0014195293188095093
google_robot_pick_coke_can__seed030__step008,exploration,google_robot_pick_coke_can,0,-0.00014207512140274048,0.00012256577610969543
google_robot_pick_coke_can__seed030__step008,exploration,google_robot_pick_coke_can,1,-0.00017938390374183655,-0.0004030987620353699
google_robot_pick_coke_can__seed030__step008,exploration,google_robot_pick_coke_can,2,-0.0013548452407121658,0.0004487456753849983
google_robot_pick_coke_can__seed030__step008,exploration,google_robot_pick_coke_can,3,0.0011878162622451782,0.0005151256918907166
google_robot_pick_coke_can__seed030__step008,exploration,google_robot_pick_coke_can,4,0.0007418747991323471,0.00025450345128774643
google_robot_pick_coke_can__seed030__step008,exploration,google_robot_pick_coke_can,5,-0.0027098804712295532,0.0014156494289636612
google_robot_pick_coke_can__seed030__step008,exploration,google_robot_pick_coke_can,6,0.0195578932762146,0.02951814979314804
google_robot_pick_coke_can__seed030__step008,exploration,google_robot_pick_coke_can,7,0.18701057136058807,0.13443095982074738
google_robot_pick_coke_can__seed030__step008,exploration,google_robot_pick_coke_can,8,0.12089614570140839,0.09975652396678925
google_robot_pick_coke_can__seed030__step008,exploration,google_robot_pick_coke_can,9,0.055501215159893036,0.03037959709763527
google_robot_pick_coke_can__seed030__step008,exploration,google_robot_pick_coke_can,10,0.07463247328996658,0.04950162023305893
google_robot_pick_coke_can__seed030__step008,exploration,google_robot_pick_coke_can,11,0.2150857150554657,0.1489776372909546
google_robot_pick_coke_can__seed030__step008,exploration,google_robot_pick_coke_can,12,0.10353291779756546,0.05313419550657272
google_robot_pick_coke_can__seed030__step008,exploration,google_robot_pick_coke_can,13,0.026281163096427917,0.03990865871310234
google_robot_pick_coke_can__seed030__step008,exploration,google_robot_pick_coke_can,14,0.13403387367725372,0.12084224075078964
google_robot_pick_coke_can__seed030__step008,exploration,google_robot_pick_coke_can,15,0.053195271641016006,0.016118844971060753
google_robot_pick_coke_can__seed030__step008,exploration,google_robot_pick_coke_can,16,0.06561217457056046,0.041345227509737015
google_robot_pick_coke_can__seed030__step008,exploration,google_robot_pick_coke_can,17,0.08703848719596863,0.08252386748790741
google_robot_pick_coke_can__seed030__step008,exploration,google_robot_pick_coke_can,18,0.056610021740198135,0.027021903544664383
google_robot_pick_coke_can__seed030__step008,exploration,google_robot_pick_coke_can,19,0.01596803218126297,0.010145805776119232
google_robot_pick_coke_can__seed030__step008,exploration,google_robot_pick_coke_can,20,0.041458338499069214,0.00662048626691103
google_robot_pick_coke_can__seed030__step008,exploration,google_robot_pick_coke_can,21,0.22536183893680573,0.05231419578194618
google_robot_pick_coke_can__seed030__step008,exploration,google_robot_pick_coke_can,22,0.02699906751513481,0.007401246577501297
google_robot_pick_coke_can__seed030__step008,exploration,google_robot_pick_coke_can,23,0.03582923859357834,0.006775395013391972
google_robot_pick_coke_can__seed030__step008,exploration,google_robot_pick_coke_can,24,0.10316628217697144,0.02514391764998436
google_robot_pick_coke_can__seed030__step008,exploration,google_robot_pick_coke_can,25,0.04304962232708931,0.0018594134598970413
google_robot_pick_coke_can__seed030__step008,exploration,google_robot_pick_coke_can,26,0.04566230624914169,-0.001034727320075035
google_robot_pick_coke_can__seed030__step008,exploration,google_robot_pick_coke_can,27,0.011632256209850311,0.0075101591646671295
google_robot_pick_coke_can__seed030__step008,exploration,google_robot_pick_coke_can,28,-0.001875549554824829,-0.007756870239973068
google_robot_pick_coke_can__seed030__step008,exploration,google_robot_pick_coke_can,29,0.01809680461883545,-0.007305022329092026
google_robot_pick_coke_can__seed030__step008,exploration,google_robot_pick_coke_can,30,0.008878650143742561,-0.00035064294934272766
google_robot_pick_coke_can__seed030__step008,exploration,google_robot_pick_coke_can,31,-0.0042879618704319,0.0040245503187179565
google_robot_pick_coke_can__seed059__step008,exploration,google_robot_pick_coke_can,0,-0.00015484169125556946,0.0001408606767654419
google_robot_pick_coke_can__seed059__step008,exploration,google_robot_pick_coke_can,1,2.60770320892334e-06,-0.0001667402684688568
google_robot_pick_coke_can__seed059__step008,exploration,google_robot_pick_coke_can,2,-0.0003048740327358246,0.0008026622235774994
google_robot_pick_coke_can__seed059__step008,exploration,google_robot_pick_coke_can,3,0.0030257664620876312,0.0016458965837955475
google_robot_pick_coke_can__seed059__step008,exploration,google_robot_pick_coke_can,4,-0.0013157464563846588,0.008900158107280731
google_robot_pick_coke_can__seed059__step008,exploration,google_robot_pick_coke_can,5,-0.0038815364241600037,0.004180166870355606
google_robot_pick_coke_can__seed059__step008,exploration,google_robot_pick_coke_can,6,0.031390734016895294,0.03876062482595444
google_robot_pick_coke_can__seed059__step008,exploration,google_robot_pick_coke_can,7,0.20830529928207397,0.09292620420455933
google_robot_pick_coke_can__seed059__step008,exploration,google_robot_pick_coke_can,8,0.0987408310174942,0.06366510689258575
google_robot_pick_coke_can__seed059__step008,exploration,google_robot_pick_coke_can,9,0.02872130647301674,0.029963944107294083
google_robot_pick_coke_can__seed059__step008,exploration,google_robot_pick_coke_can,10,0.06999732553958893,0.04027627408504486
google_robot_pick_coke_can__seed059__step008,exploration,google_robot_pick_coke_can,11,0.2610798180103302,0.17957733571529388
google_robot_pick_coke_can__seed059__step008,exploration,google_robot_pick_coke_can,12,0.09344734996557236,0.08899183571338654
google_robot_pick_coke_can__seed059__step008,exploration,google_robot_pick_coke_can,13,0.07704102993011475,0.030477367341518402
google_robot_pick_coke_can__seed059__step008,exploration,google_robot_pick_coke_can,14,0.202760711312294,0.1545063555240631
google_robot_pick_coke_can__seed059__step008,exploration,google_robot_pick_coke_can,15,0.05032450705766678,0.022489536553621292
google_robot_pick_coke_can__seed059__step008,exploration,google_robot_pick_coke_can,16,0.08977619558572769,0.04633688926696777
google_robot_pick_coke_can__seed059__step008,exploration,google_robot_pick_coke_can,17,0.14431434869766235,0.06745179742574692
google_robot_pick_coke_can__seed059__step008,exploration,google_robot_pick_coke_can,18,0.060137420892715454,0.018465347588062286
google_robot_pick_coke_can__seed059__step008,exploration,google_robot_pick_coke_can,19,0.014698782935738564,-0.003691457211971283
google_robot_pick_coke_can__seed059__step008,exploration,google_robot_pick_coke_can,20,0.015338990837335587,0.018408983945846558
google_robot_pick_coke_can__seed059__step008,exploration,google_robot_pick_coke_can,21,0.14105212688446045,0.0771624743938446
google_robot_pick_coke_can__seed059__step008,exploration,google_robot_pick_coke_can,22,0.011879192665219307,0.0331367626786232
google_robot_pick_coke_can__seed059__step008,exploration,google_robot_pick_coke_can,23,0.02030298486351967,0.004257321357727051
google_robot_pick_coke_can__seed059__step008,exploration,google_robot_pick_coke_can,24,0.1413310170173645,0.08569657057523727
google_robot_pick_coke_can__seed059__step008,exploration,google_robot_pick_coke_can,25,0.032639648765325546,0.021922141313552856
google_robot_pick_coke_can__seed059__step008,exploration,google_robot_pick_coke_can,26,0.047666534781455994,0.010120004415512085
google_robot_pick_coke_can__seed059__step008,exploration,google_robot_pick_coke_can,27,-0.0015571191906929016,0.008268125355243683
google_robot_pick_coke_can__seed059__step008,exploration,google_robot_pick_coke_can,28,0.02463076263666153,-0.009741872549057007
google_robot_pick_coke_can__seed059__step008,exploration,google_robot_pick_coke_can,29,0.053702518343925476,0.026135697960853577
google_robot_pick_coke_can__seed059__step008,exploration,google_robot_pick_coke_can,30,0.013005722314119339,-0.005361929535865784
google_robot_pick_coke_can__seed059__step008,exploration,google_robot_pick_coke_can,31,0.007170163094997406,0.0006671920418739319
