state_id,task,seed,split,layer,top_alignment,bottom_alignment,wrong_prompt_alignment,random_alignment,top_strength_ratio,top_minus_random,top_minus_bottom,top_minus_wrong_prompt,causal_margin
google_robot_move_near__seed000__step008,move_near,0,validation,0,0.3835646789057403,0.11657477572996995,0.3835646789057403,0.16763568393459635,1.6605805306896018,0.21592899497114396,0.26698990317577037,0.0,0.0
google_robot_move_near__seed000__step008,move_near,0,validation,1,0.38634165186004354,-0.02741603632287466,0.3855827504079182,0.16763568393459635,1.7906733755060282,0.2187059679254472,0.4137576881829182,0.0007589014521253712,0.0007589014521253712
google_robot_move_near__seed000__step008,move_near,0,validation,2,0.3634391786139411,-0.0058451312400210715,0.36685413968610653,0.16763568393459635,1.2633569444807151,0.19580349467934474,0.36928430985396216,-0.0034149610721654344,-0.0034149610721654344
google_robot_move_near__seed000__step008,move_near,0,validation,3,0.374857475078487,0.2083926664006982,0.3766826993470229,0.16763568393459635,1.4732354461490993,0.20722179114389064,0.1664648086777888,-0.00182522426853593,-0.00182522426853593
google_robot_move_near__seed000__step008,move_near,0,validation,4,0.31840475735282014,0.067172852165768,0.3315752081610986,0.16763568393459635,1.6733592976705025,0.1507690734182238,0.25123190518705213,-0.013170450808278444,-0.013170450808278444
google_robot_move_near__seed000__step008,move_near,0,validation,5,0.4328509270813788,0.06862591272609786,0.39271716610774265,0.16763568393459635,1.5052743410554998,0.26521524314678246,0.36422501435528093,0.040133760973636134,0.040133760973636134
google_robot_move_near__seed000__step008,move_near,0,validation,6,0.3696282728694668,0.12744537870944897,0.36327191439464784,0.16763568393459635,1.3743172888647495,0.20199258893487046,0.24218289416001784,0.006356358474818968,0.006356358474818968
google_robot_move_near__seed000__step008,move_near,0,validation,7,0.44795943137764677,0.0897840426268488,0.2939972108888382,0.16763568393459635,1.1850730934016083,0.28032374744305044,0.35817538875079796,0.1539622204888086,0.1539622204888086
google_robot_move_near__seed000__step008,move_near,0,validation,8,0.3609235312801637,-0.04506118275814494,0.26493472363468096,0.16763568393459635,1.08856536877979,0.19328784734556734,0.4059847140383086,0.09598880764548273,0.09598880764548273
google_robot_move_near__seed000__step008,move_near,0,validation,9,0.31019064905995714,0.2723080497270252,0.2245252995993636,0.16763568393459635,1.0586841062246066,0.14255496512536078,0.03788259933293192,0.08566534946059354,0.03788259933293192
google_robot_move_near__seed000__step008,move_near,0,validation,10,0.2857792058602067,0.19104434967117603,0.2994834146878423,0.16763568393459635,1.1688218434367543,0.11814352192561037,0.09473485618903069,-0.013704208827635567,-0.013704208827635567
google_robot_move_near__seed000__step008,move_near,0,validation,11,0.1872828170550301,-0.028741968753976374,0.2075738089269463,0.16763568393459635,2.19624742424214,0.019647133120433757,0.21602478580900647,-0.020290991871916186,-0.020290991871916186
google_robot_move_near__seed000__step008,move_near,0,validation,12,0.40862011069378407,-0.04153249494948252,0.35603892424744404,0.16763568393459635,1.2014593594371474,0.24098442675918771,0.4501526056432666,0.05258118644634002,0.05258118644634002
google_robot_move_near__seed000__step008,move_near,0,validation,13,0.3707011046487168,-0.018698068114533357,0.36766629937278933,0.16763568393459635,1.5516256624388223,0.20306542071412045,0.38939917276325015,0.003034805275927477,0.003034805275927477
google_robot_move_near__seed000__step008,move_near,0,validation,14,0.24066448158423293,-0.04872707180326896,0.20565076391049927,0.16763568393459635,1.0253274391399723,0.07302879764963657,0.2893915533875019,0.03501371767373365,0.03501371767373365
google_robot_move_near__seed000__step008,move_near,0,validation,15,0.24679574201362012,-0.009165728020446823,0.24540122064338746,0.16763568393459635,1.219369776485919,0.07916005807902377,0.25596147003406694,0.0013945213702326598,0.0013945213702326598
google_robot_move_near__seed000__step008,move_near,0,validation,16,0.21554959960159356,-0.023781799466939275,0.19844574330493478,0.16763568393459635,1.1277653372428749,0.04791391566699721,0.23933139906853285,0.01710385629665878,0.01710385629665878
google_robot_move_near__seed000__step008,move_near,0,validation,17,0.12656822997415393,-0.03162721904566357,0.14384328102518348,0.16763568393459635,0.9263938386880061,-0.041067453960442424,0.1581954490198175,-0.017275051051029555,-0.041067453960442424
google_robot_move_near__seed000__step008,move_near,0,validation,18,0.17614400811866981,0.13822325869600205,0.17614400811866981,0.16763568393459635,1.2553453800593337,0.008508324184073462,0.037920749422667765,0.0,0.0
google_robot_move_near__seed000__step008,move_near,0,validation,19,0.19222879218202535,0.1349847501314914,0.20259872045727967,0.16763568393459635,1.0647484505737745,0.024593108247428996,0.05724404205053396,-0.01036992827525432,-0.01036992827525432
google_robot_move_near__seed000__step008,move_near,0,validation,20,0.2583867571536609,0.03158691924704414,0.14459292323131995,0.16763568393459635,1.1722816951295219,0.09075107321906453,0.22679983790661673,0.11379383392234094,0.09075107321906453
google_robot_move_near__seed000__step008,move_near,0,validation,21,0.33298829055176027,0.18238235257323435,0.33298829055176027,0.16763568393459635,1.1298455004978816,0.16535260661716392,0.15060593797852592,0.0,0.0
google_robot_move_near__seed000__step008,move_near,0,validation,22,0.08050147330296886,0.2131088451719696,0.049682162985775234,0.16763568393459635,1.0713153762952468,-0.08713421063162749,-0.13260737186900073,0.030819310317193628,-0.13260737186900073
google_robot_move_near__seed000__step008,move_near,0,validation,23,0.2012347027064333,0.009452902055299564,0.2012347027064333,0.16763568393459635,1.0722587183945704,0.033599018771836936,0.19178180065113373,0.0,0.0
google_robot_move_near__seed000__step008,move_near,0,validation,24,0.10654640139160547,0.18756307714751475,0.10654640139160547,0.16763568393459635,1.0368707968833484,-0.06108928254299088,-0.08101667575590928,0.0,-0.08101667575590928
google_robot_move_near__seed000__step008,move_near,0,validation,25,0.13504442494631547,0.11904939354813641,0.12794742343253157,0.16763568393459635,1.062625754780452,-0.032591258988280886,0.015995031398179052,0.007097001513783896,-0.032591258988280886
google_robot_move_near__seed000__step008,move_near,0,validation,26,0.14456062021286356,0.08714853334374473,0.14456062021286356,0.16763568393459635,1.0716238202146862,-0.02307506372173279,0.057412086869118834,0.0,-0.02307506372173279
google_robot_move_near__seed000__step008,move_near,0,validation,27,0.17910812901560846,0.2528545365496689,0.18003504933929482,0.16763568393459635,1.0826885650347786,0.011472445081012111,-0.07374640753406042,-0.0009269203236863532,-0.07374640753406042
google_robot_move_near__seed000__step008,move_near,0,validation,28,0.09003527419488239,0.1170659623005586,0.09003527419488239,0.16763568393459635,1.0419564414124827,-0.07760040973971397,-0.027030688105676215,0.0,-0.07760040973971397
google_robot_move_near__seed000__step008,move_near,0,validation,29,0.12577828342867803,0.13188135015036972,0.12577828342867803,0.16763568393459635,1.0187475707304017,-0.041857400505918324,-0.006103066721691697,0.0,-0.041857400505918324
google_robot_move_near__seed000__step008,move_near,0,validation,30,0.17156735019898814,0.14976336286162414,0.1495379543623376,0.16763568393459635,0.7513754038098133,0.003931666264391787,0.021803987337363995,0.022029395836650534,0.003931666264391787
google_robot_move_near__seed000__step008,move_near,0,validation,31,0.21431232160646316,0.2451776479257685,0.2048674886922924,0.16763568393459635,0.8424524539343469,0.046676637671866805,-0.03086532631930533,0.009444832914170753,-0.03086532631930533
google_robot_move_near__seed031__step008,move_near,31,exploration,0,0.2082695790917981,0.06564407452405419,0.2082695790917981,-0.05736139240333645,1.3332858850343436,0.26563097149513454,0.14262550456774392,0.0,0.0
google_robot_move_near__seed031__step008,move_near,31,exploration,1,0.39574594725349893,0.08788869562464445,0.39574594725349893,-0.05736139240333645,1.1559509000949209,0.45310733965683536,0.30785725162885447,0.0,0.0
google_robot_move_near__seed031__step008,move_near,31,exploration,2,0.3038422306101623,0.06846603090946131,0.2089147691281901,-0.05736139240333645,1.16376399051568,0.36120362301349873,0.235376199700701,0.0949274614819722,0.0949274614819722
google_robot_move_near__seed031__step008,move_near,31,exploration,3,0.29453524969605094,0.06636246956025267,0.286844320505318,-0.05736139240333645,1.234314673850582,0.35189664209938737,0.22817278013579828,0.0076909291907329425,0.0076909291907329425
google_robot_move_near__seed031__step008,move_near,31,exploration,4,0.37866198949913527,-0.04894955121210772,0.3808069504457312,-0.05736139240333645,1.340706093184102,0.4360233819024717,0.42761154071124297,-0.002144960946595942,-0.002144960946595942
google_robot_move_near__seed031__step008,move_near,31,exploration,5,0.35048369720895095,-0.0006349183912070511,0.3597299936995216,-0.05736139240333645,1.2371816921240653,0.4078450896122874,0.351118615600158,-0.009246296490570627,-0.009246296490570627
google_robot_move_near__seed031__step008,move_near,31,exploration,6,0.37768406601590865,0.03520211427407794,0.37013729591122985,-0.05736139240333645,1.2007499713522163,0.4350454584192451,0.3424819517418307,0.007546770104678802,0.007546770104678802
google_robot_move_near__seed031__step008,move_near,31,exploration,7,0.2717598086159881,0.047041972262676875,0.3394265542866004,-0.05736139240333645,1.1930929159213177,0.3291212010193245,0.22471783635331122,-0.06766674567061232,-0.06766674567061232
google_robot_move_near__seed031__step008,move_near,31,exploration,8,0.210741002949941,-0.11506215111762219,0.1985675800288413,-0.05736139240333645,1.0590835375062158,0.26810239535327746,0.3258031540675632,0.012173422921099686,0.012173422921099686
google_robot_move_near__seed031__step008,move_near,31,exploration,9,0.1473253594656308,-0.006488735472118053,0.25826376335170326,-0.05736139240333645,1.1606665756733554,0.20468675186896726,0.15381409493774886,-0.11093840388607246,-0.11093840388607246
google_robot_move_near__seed031__step008,move_near,31,exploration,10,0.318981317596515,-0.031806488669508116,0.26077041959576525,-0.05736139240333645,1.141391880403192,0.3763427099998514,0.3507878062660231,0.058210898000749745,0.058210898000749745
google_robot_move_near__seed031__step008,move_near,31,exploration,11,0.19394168098455578,-0.04589775450218123,0.21187873956147615,-0.05736139240333645,1.535192384300882,0.2513030733878922,0.239839435486737,-0.01793705857692038,-0.01793705857692038
google_robot_move_near__seed031__step008,move_near,31,exploration,12,0.2380570043066973,0.018536974936179812,0.3549598995586636,-0.05736139240333645,1.2469101257454092,0.2954183967100337,0.21952002937051748,-0.11690289525196629,-0.11690289525196629
google_robot_move_near__seed031__step008,move_near,31,exploration,13,0.33243762286239065,0.07789913221864182,0.3524110505748868,-0.05736139240333645,1.0974013708231327,0.3897990152657271,0.25453849064374884,-0.01997342771249616,-0.01997342771249616
google_robot_move_near__seed031__step008,move_near,31,exploration,14,0.17967004560206676,-0.008253089218104684,0.3105376308694295,-0.05736139240333645,1.1264870651436758,0.23703143800540322,0.18792313482017145,-0.13086758526736272,-0.13086758526736272
google_robot_move_near__seed031__step008,move_near,31,exploration,15,0.39279346878763227,0.06700948105937378,0.3938941379079353,-0.05736139240333645,1.1060363473859718,0.4501548611909687,0.3257839877282585,-0.0011006691203030439,-0.0011006691203030439
google_robot_move_near__seed031__step008,move_near,31,exploration,16,0.385069439018272,0.06824499750171485,0.36696862202679154,-0.05736139240333645,1.0808263813261711,0.44243083142160844,0.31682444151655714,0.018100816991480473,0.018100816991480473
google_robot_move_near__seed031__step008,move_near,31,exploration,17,0.26039751426993757,0.09781171548858121,0.21958441280431018,-0.05736139240333645,1.1581727518267084,0.317758906673274,0.16258579878135637,0.04081310146562739,0.04081310146562739
google_robot_move_near__seed031__step008,move_near,31,exploration,18,0.3023945914110559,0.06670847189673694,0.29828321585347867,-0.05736139240333645,1.0007667569328427,0.35975598381439233,0.23568611951431895,0.004111375557577235,0.004111375557577235
google_robot_move_near__seed031__step008,move_near,31,exploration,19,0.3917445356504307,0.0319389329827676,0.3874639352356322,-0.05736139240333645,1.1357501026903747,0.44910592805376714,0.3598056026676631,0.004280600414798497,0.004280600414798497
google_robot_move_near__seed031__step008,move_near,31,exploration,20,0.3043353985239015,0.10832975244882563,0.3095358775419553,-0.05736139240333645,0.933916609044579,0.36169679092723794,0.19600564607507587,-0.005200479018053761,-0.005200479018053761
google_robot_move_near__seed031__step008,move_near,31,exploration,21,0.3729709001951124,0.05958862183068997,0.36079115536056755,-0.05736139240333645,1.099388540054086,0.43033229259844885,0.31338227836442245,0.01217974483454487,0.01217974483454487
google_robot_move_near__seed031__step008,move_near,31,exploration,22,0.23694680829967776,0.1851854832214037,0.23199189349584856,-0.05736139240333645,1.0017775345013407,0.2943082007030142,0.05176132507827405,0.004954914803829202,0.004954914803829202
google_robot_move_near__seed031__step008,move_near,31,exploration,23,0.1954778163966027,0.10847493758117864,0.2157407842448835,-0.05736139240333645,0.9592595782942568,0.25283920879993915,0.08700287881542405,-0.0202629678482808,-0.0202629678482808
google_robot_move_near__seed031__step008,move_near,31,exploration,24,0.32192301736161294,0.24327376207670293,0.32192301736161294,-0.05736139240333645,0.9777975489890919,0.37928440976494937,0.07864925528491001,0.0,0.0
google_robot_move_near__seed031__step008,move_near,31,exploration,25,0.37922892428904803,0.19661747887571354,0.37922892428904803,-0.05736139240333645,1.0232825689097946,0.43659031669238446,0.1826114454133345,0.0,0.0
google_robot_move_near__seed031__step008,move_near,31,exploration,26,0.27087383731171744,0.0368774150697822,0.26095095491394643,-0.05736139240333645,0.9730915384268602,0.32823522971505387,0.23399642224193523,0.009922882397771005,0.009922882397771005
google_robot_move_near__seed031__step008,move_near,31,exploration,27,0.286242370911077,0.108073761481451,0.286242370911077,-0.05736139240333645,0.9408445243030532,0.34360376331441345,0.17816860942962603,0.0,0.0
google_robot_move_near__seed031__step008,move_near,31,exploration,28,0.27535294586332343,0.10067113319736543,0.28097176073615376,-0.05736139240333645,0.9303966577057856,0.33271433826665986,0.174681812665958,-0.0056188148728303355,-0.0056188148728303355
google_robot_move_near__seed031__step008,move_near,31,exploration,29,0.273552561264714,0.13386767325051926,0.3583938510928652,-0.05736139240333645,0.9332842550635979,0.33091395366805043,0.13968488801419474,-0.0848412898281512,-0.0848412898281512
google_robot_move_near__seed031__step008,move_near,31,exploration,30,0.2834307242584535,-0.004846175792219576,0.29282364887670065,-0.05736139240333645,0.9068409613875915,0.34079211666178993,0.2882769000506731,-0.009392924618247145,-0.009392924618247145
google_robot_move_near__seed031__step008,move_near,31,exploration,31,0.2290246832209409,0.14110390803776926,0.26104149520106157,-0.05736139240333645,0.8663399885928778,0.28638607562427737,0.08792077518317165,-0.03201681198012066,-0.03201681198012066
google_robot_move_near__seed073__step008,move_near,73,exploration,0,0.5221548768382025,0.1364141076054414,0.5063377458535041,0.28889815595849705,1.4389025796472725,0.23325672087970545,0.3857407692327611,0.01581713098469839,0.01581713098469839
google_robot_move_near__seed073__step008,move_near,73,exploration,1,0.43751045477684275,-0.20910134997907223,0.4743354051151261,0.28889815595849705,1.387271227494301,0.1486122988183457,0.646611804755915,-0.03682495033828337,-0.03682495033828337
google_robot_move_near__seed073__step008,move_near,73,exploration,2,0.36000965711196775,0.2528238336462459,0.36000965711196775,0.28889815595849705,1.0571606896484145,0.0711115011534707,0.10718582346572186,0.0,0.0
google_robot_move_near__seed073__step008,move_near,73,exploration,3,0.29737703838899904,0.4136364762405788,0.25032635749948595,0.28889815595849705,1.4360057388779475,0.008478882430501988,-0.11625943785157977,0.047050680889513086,-0.11625943785157977
google_robot_move_near__seed073__step008,move_near,73,exploration,4,0.3412994344788837,0.3540672818536073,0.3247223474052209,0.28889815595849705,1.4988594571473242,0.052401278520386674,-0.012767847374723584,0.016577087073662844,-0.012767847374723584
google_robot_move_near__seed073__step008,move_near,73,exploration,5,0.35714707892032976,0.4601035966265517,0.35714707892032976,0.28889815595849705,1.4353523382045248,0.06824892296183271,-0.10295651770622194,0.0,-0.10295651770622194
google_robot_move_near__seed073__step008,move_near,73,exploration,6,0.4418913401976885,0.3796802896952183,0.43371705795937726,0.28889815595849705,1.462063310174053,0.15299318423919145,0.06221105050247022,0.008174282238311237,0.008174282238311237
google_robot_move_near__seed073__step008,move_near,73,exploration,7,0.45742128303276686,0.36968922087298145,0.4046697149434933,0.28889815595849705,1.3406387429844442,0.1685231270742698,0.0877320621597854,0.05275156808927356,0.05275156808927356
google_robot_move_near__seed073__step008,move_near,73,exploration,8,0.4250937991467921,-0.0021314002449563663,0.42585423903227754,0.28889815595849705,1.587029069329466,0.13619564318829502,0.4272251993917484,-0.0007604398854854644,-0.0007604398854854644
google_robot_move_near__seed073__step008,move_near,73,exploration,9,0.45233345500958405,0.42823365476925496,0.4347635677101606,0.28889815595849705,1.3986965294963967,0.163435299051087,0.024099800240329095,0.017569887299423437,0.017569887299423437
google_robot_move_near__seed073__step008,move_near,73,exploration,10,0.48871948818289096,0.3805508104823833,0.4815073154476797,0.28889815595849705,1.5199513935029643,0.1998213322243939,0.10816867770050764,0.007212172735211242,0.007212172735211242
google_robot_move_near__seed073__step008,move_near,73,exploration,11,0.4276881306718257,0.18182032242206939,0.3980592196155608,0.28889815595849705,1.4760612787132534,0.13878997471332866,0.24586780824975632,0.029628911056264917,0.029628911056264917
google_robot_move_near__seed073__step008,move_near,73,exploration,12,0.42703723781033237,0.006530389951930097,0.42795978398099654,0.28889815595849705,1.666622045941915,0.13813908185183532,0.42050684785840226,-0.0009225461706641735,-0.0009225461706641735
google_robot_move_near__seed073__step008,move_near,73,exploration,13,0.4047868563887003,0.031402334181520886,0.4236258060819722,0.28889815595849705,1.6833079411997585,0.11588870043020327,0.37338452220717944,-0.018838949693271878,-0.018838949693271878
google_robot_move_near__seed073__step008,move_near,73,exploration,14,0.44084827457431625,0.02441627937322421,0.43612383804708,0.28889815595849705,1.4527958042874198,0.1519501186158192,0.41643199520109203,0.004724436527236253,0.004724436527236253
google_robot_move_near__seed073__step008,move_near,73,exploration,15,0.4947309203332268,0.20748309331722745,0.4980094482648241,0.28889815595849705,1.3835764709818508,0.20583276437472975,0.2872478270159994,-0.003278527931597275,-0.003278527931597275
google_robot_move_near__seed073__step008,move_near,73,exploration,16,0.492600811087081,-0.005193982850580758,0.5135688887191354,0.28889815595849705,1.326301509016907,0.20370265512858393,0.49779479393766174,-0.020968077632054438,-0.020968077632054438
google_robot_move_near__seed073__step008,move_near,73,exploration,17,0.38424022897739,0.18695762713068706,0.35850053711086427,0.28889815595849705,1.5794040804733354,0.09534207301889297,0.19728260184670296,0.02573969186652575,0.02573969186652575
google_robot_move_near__seed073__step008,move_near,73,exploration,18,0.4188553271129966,0.10222793326598713,0.4188553271129966,0.28889815595849705,1.638130335462147,0.12995717115449956,0.3166273938470095,0.0,0.0
google_robot_move_near__seed073__step008,move_near,73,exploration,19,0.4175362330532453,0.11130727351782048,0.41837359534804547,0.28889815595849705,1.4435215313727645,0.12863807709474823,0.3062289595354248,-0.0008373622948001924,-0.0008373622948001924
google_robot_move_near__seed073__step008,move_near,73,exploration,20,0.40880665256156873,0.14992473202504,0.4038537400199656,0.28889815595849705,1.5061055290066834,0.11990849660307168,0.2588819205365287,0.004952912541603127,0.004952912541603127
google_robot_move_near__seed073__step008,move_near,73,exploration,21,0.439481273779539,-0.0055416272416813905,0.4266929479174449,0.28889815595849705,1.4587122963789199,0.15058311782104195,0.4450229010212204,0.012788325862094108,0.012788325862094108
google_robot_move_near__seed073__step008,move_near,73,exploration,22,0.42225773849321085,0.33212176515041764,0.4111432736557267,0.28889815595849705,1.6433660445723524,0.1333595825347138,0.09013597334279322,0.011114464837484128,0.011114464837484128
google_robot_move_near__seed073__step008,move_near,73,exploration,23,0.41686160097430175,0.16081661155406962,0.4102683709354225,0.28889815595849705,1.0955420005819336,0.1279634450158047,0.2560449894202321,0.006593230038879239,0.006593230038879239
google_robot_move_near__seed073__step008,move_near,73,exploration,24,0.41658715130540824,0.15418385869969467,0.41658715130540824,0.28889815595849705,1.3630419910607559,0.1276889953469112,0.2624032926057136,0.0,0.0
google_robot_move_near__seed073__step008,move_near,73,exploration,25,0.4469951205401812,0.23701007154731787,0.4469951205401812,0.28889815595849705,0.9950373086596103,0.15809696458168415,0.20998504899286333,0.0,0.0
google_robot_move_near__seed073__step008,move_near,73,exploration,26,0.5210088741622744,0.04561306444961224,0.4607552250562448,0.28889815595849705,0.9015851022924896,0.23211071820377732,0.47539580971266215,0.060253649106029594,0.060253649106029594
google_robot_move_near__seed073__step008,move_near,73,exploration,27,0.46349701462142884,0.05323430640798434,0.46349701462142884,0.28889815595849705,0.8241595805669893,0.1745988586629318,0.4102627082134445,0.0,0.0
google_robot_move_near__seed073__step008,move_near,73,exploration,28,0.5321020271950051,-0.21511337794370733,0.5465974205246786,0.28889815595849705,0.9495151195868168,0.24320387123650805,0.7472154051387124,-0.014495393329673534,-0.014495393329673534
google_robot_move_near__seed073__step008,move_near,73,exploration,29,0.5196575789010668,-0.055446223264970666,0.5015417748494152,0.28889815595849705,0.8828966675161962,0.23075942294256974,0.5751038021660374,0.018115804051651585,0.018115804051651585
google_robot_move_near__seed073__step008,move_near,73,exploration,30,0.3238652113314084,0.004498108912126338,0.3925592077481919,0.28889815595849705,0.6969659996148109,0.03496705537291134,0.31936710241928207,-0.06869399641678353,-0.06869399641678353
google_robot_move_near__seed073__step008,move_near,73,exploration,31,0.3335761124778864,-0.14300726580881853,0.30419626122087534,0.28889815595849705,0.7525770974551161,0.04467795651938933,0.47658337828670494,0.029379851257011036,0.029379851257011036
google_robot_open_drawer__seed000__step011,open_drawer,0,validation,0,0.15744679393042232,0.12048405855422771,0.15744679393042232,0.14986725825057498,1.3251014762490807,0.0075795356798473434,0.036962735376194614,0.0,0.0
google_robot_open_drawer__seed000__step011,open_drawer,0,validation,1,0.18916785669474048,0.13539407007261883,0.18916785669474048,0.14986725825057498,1.2675121629551513,0.0393005984441655,0.05377378662212165,0.0,0.0
google_robot_open_drawer__seed000__step011,open_drawer,0,validation,2,0.1462398870319742,0.21349602730173844,0.1462398870319742,0.14986725825057498,1.2809768346546295,-0.0036273712186007945,-0.06725614026976426,0.0,-0.06725614026976426
google_robot_open_drawer__seed000__step011,open_drawer,0,validation,3,0.18862217568882747,0.2784889639640788,0.19415211906868626,0.14986725825057498,1.2886918847899436,0.03875491743825249,-0.08986678827525132,-0.005529943379858793,-0.08986678827525132
google_robot_open_drawer__seed000__step011,open_drawer,0,validation,4,0.15513996671595523,0.16916719404060077,0.15410862967839797,0.14986725825057498,1.2396959999600752,0.005272708465380249,-0.014027227324645536,0.0010313370375572561,-0.014027227324645536
google_robot_open_drawer__seed000__step011,open_drawer,0,validation,5,0.2276548444660221,-0.05433694491299062,0.24598426586704591,0.14986725825057498,1.1938402309408174,0.07778758621544712,0.2819917893790127,-0.01832942140102381,-0.01832942140102381
google_robot_open_drawer__seed000__step011,open_drawer,0,validation,6,0.17628814550137228,0.03982757211661729,0.14383938032336052,0.14986725825057498,1.2490845340620849,0.026420887250797304,0.13646057338475498,0.03244876517801176,0.026420887250797304
google_robot_open_drawer__seed000__step011,open_drawer,0,validation,7,0.18602776164239132,0.0005278544436767441,0.1464446228957087,0.14986725825057498,1.2139049435377647,0.03616050339181634,0.18549990719871456,0.03958313874668262,0.03616050339181634
google_robot_open_drawer__seed000__step011,open_drawer,0,validation,8,0.20520090967402435,0.14540545736498842,0.18084450867750626,0.14986725825057498,1.2837801493696548,0.05533365142344937,0.059795452309035935,0.02435640099651809,0.02435640099651809
google_robot_open_drawer__seed000__step011,open_drawer,0,validation,9,0.18558607123683216,-0.03258290102264761,0.2693615233435517,0.14986725825057498,1.2878896807611775,0.035718812986257176,0.21816897225947976,-0.08377545210671952,-0.08377545210671952
google_robot_open_drawer__seed000__step011,open_drawer,0,validation,10,0.18588145997870595,0.03904732704692019,0.17769825253790497,0.14986725825057498,1.2878744249978853,0.03601420172813097,0.14683413293178577,0.008183207440800977,0.008183207440800977
google_robot_open_drawer__seed000__step011,open_drawer,0,validation,11,0.1864697174197882,0.10613677440826225,0.23132422865477484,0.14986725825057498,1.270629053019164,0.03660245916921323,0.08033294301152596,-0.04485451123498663,-0.04485451123498663
google_robot_open_drawer__seed000__step011,open_drawer,0,validation,12,0.20358994247831796,0.19228591055636535,0.15008223465706153,0.14986725825057498,1.288579540384392,0.053722684227742984,0.011304031921952618,0.05350770782125644,0.011304031921952618
google_robot_open_drawer__seed000__step011,open_drawer,0,validation,13,0.20758599162818447,0.1598426465272966,0.12123520739463199,0.14986725825057498,1.2733360282976829,0.057718733377609494,0.047743345100887874,0.08635078423355248,0.047743345100887874
google_robot_open_drawer__seed000__step011,open_drawer,0,validation,14,0.17208618422046093,0.1298980195426854,0.20488597920686843,0.14986725825057498,1.3076334320312035,0.02221892596988595,0.04218816467777553,-0.032799794986407504,-0.032799794986407504
google_robot_open_drawer__seed000__step011,open_drawer,0,validation,15,0.17554820298038434,0.11941470625599376,0.1915001255324288,0.14986725825057498,1.2442365781253308,0.025680944729809363,0.05613349672439058,-0.015951922552044445,-0.015951922552044445
google_robot_open_drawer__seed000__step011,open_drawer,0,validation,16,0.23065899909321486,0.2080509917081054,0.2126253489810841,0.14986725825057498,1.186847062539246,0.08079174084263988,0.022608007385109458,0.01803365011213076,0.01803365011213076
google_robot_open_drawer__seed000__step011,open_drawer,0,validation,17,0.1988449659831796,0.29028721484630565,0.19457326051934776,0.14986725825057498,1.1205341212837125,0.048977707732604625,-0.09144224886312605,0.004271705463831849,-0.09144224886312605
google_robot_open_drawer__seed000__step011,open_drawer,0,validation,18,0.2026693953964678,0.22954292468719806,0.2026693953964678,0.14986725825057498,1.1312718896506775,0.052802137145892825,-0.026873529290730253,0.0,-0.026873529290730253
google_robot_open_drawer__seed000__step011,open_drawer,0,validation,19,0.2500306016020805,0.16046016224541507,0.19921264574430583,0.14986725825057498,1.0419543760969299,0.10016334335150553,0.08957043935666545,0.05081795585777468,0.05081795585777468
google_robot_open_drawer__seed000__step011,open_drawer,0,validation,20,0.10855056329918918,0.24869363889071794,0.13865461911426083,0.14986725825057498,0.7846384776457458,-0.041316694951385805,-0.14014307559152878,-0.030104055815071654,-0.14014307559152878
google_robot_open_drawer__seed000__step011,open_drawer,0,validation,21,0.15485291326497866,0.15768113296390832,0.16111737285726854,0.14986725825057498,0.7607172847396313,0.004985655014403678,-0.002828219698929657,-0.006264459592289884,-0.006264459592289884
google_robot_open_drawer__seed000__step011,open_drawer,0,validation,22,0.14538883190439236,0.3261197255105735,0.1286663794219671,0.14986725825057498,0.7958406045848896,-0.004478426346182618,-0.18073089360618114,0.016722452482425265,-0.18073089360618114
google_robot_open_drawer__seed000__step011,open_drawer,0,validation,23,0.20439488562769811,0.22001616062979082,0.20439488562769811,0.14986725825057498,0.8110900494176863,0.05452762737712313,-0.015621275002092705,0.0,-0.015621275002092705
google_robot_open_drawer__seed000__step011,open_drawer,0,validation,24,0.11504329999470923,0.29303203613447587,0.08846461387227249,0.14986725825057498,0.7093495393339415,-0.03482395825586575,-0.17798873613976662,0.026578686122436745,-0.17798873613976662
google_robot_open_drawer__seed000__step011,open_drawer,0,validation,25,0.013491548738475792,0.22595752213540365,0.07243173606715643,0.14986725825057498,0.7656270116909886,-0.13637570951209918,-0.21246597339692785,-0.058940187328680636,-0.21246597339692785
google_robot_open_drawer__seed000__step011,open_drawer,0,validation,26,0.03164876587582654,0.2726996987633995,0.03164876587582654,0.14986725825057498,0.7283306634878235,-0.11821849237474844,-0.24105093288757296,0.0,-0.24105093288757296
google_robot_open_drawer__seed000__step011,open_drawer,0,validation,27,0.02046924604990027,0.24478245504176102,0.06640061951186066,0.14986725825057498,0.7876958961901457,-0.1293980122006747,-0.22431320899186075,-0.045931373461960384,-0.22431320899186075
google_robot_open_drawer__seed000__step011,open_drawer,0,validation,28,0.0529306041736786,0.25644567446691247,0.05645839975095072,0.14986725825057498,0.797158019791134,-0.09693665407689639,-0.20351507029323387,-0.0035277955772721192,-0.20351507029323387
google_robot_open_drawer__seed000__step011,open_drawer,0,validation,29,0.08463631680793669,0.2258207244268892,0.060002049743138185,0.14986725825057498,0.7265196693174897,-0.06523094144263829,-0.1411844076189525,0.024634267064798508,-0.1411844076189525
google_robot_open_drawer__seed000__step011,open_drawer,0,validation,30,0.03867999797527904,0.17109174077631997,0.03494744242225092,0.14986725825057498,0.7290711937831785,-0.11118726027529593,-0.13241174280104093,0.003732555553028122,-0.13241174280104093
google_robot_open_drawer__seed000__step011,open_drawer,0,validation,31,0.08837119048991587,0.20500828838200294,0.10364575195858283,0.14986725825057498,0.7321490890024699,-0.06149606776065911,-0.11663709789208707,-0.015274561468666958,-0.11663709789208707
google_robot_open_drawer__seed011__step011,open_drawer,11,exploration,0,0.3426415488983805,-0.13157313811318455,0.3426415488983805,0.3156860036577755,1.494685089688912,0.026955545240605006,0.47421468701156505,0.0,0.0
google_robot_open_drawer__seed011__step011,open_drawer,11,exploration,1,0.034612330454651986,-0.09541996303424012,0.034612330454651986,0.3156860036577755,1.360618319695187,-0.2810736732031235,0.13003229348889211,0.0,-0.2810736732031235
google_robot_open_drawer__seed011__step011,open_drawer,11,exploration,2,0.04785458021437996,-0.014235876119269983,0.08263842139844278,0.3156860036577755,1.2666033509713335,-0.26783142344339556,0.06209045633364994,-0.03478384118406282,-0.26783142344339556
google_robot_open_drawer__seed011__step011,open_drawer,11,exploration,3,0.013860408078446398,-0.07238223940491116,0.08199110724545682,0.3156860036577755,1.2951517088759668,-0.3018255955793291,0.08624264748335755,-0.06813069916701042,-0.3018255955793291
google_robot_open_drawer__seed011__step011,open_drawer,11,exploration,4,-0.004727282416350879,-0.10209748372635245,-0.004727282416350879,0.3156860036577755,1.3046658488585579,-0.3204132860741264,0.09737020131000157,0.0,-0.3204132860741264
google_robot_open_drawer__seed011__step011,open_drawer,11,exploration,5,0.050746077221671994,0.022473288057285656,0.048438165501203,0.3156860036577755,1.30561699596963,-0.2649399264361035,0.028272789164386337,0.002307911720468993,-0.2649399264361035
google_robot_open_drawer__seed011__step011,open_drawer,11,exploration,6,0.02199242674848471,-0.07337047664434032,-0.01450181137853812,0.3156860036577755,1.248916928088557,-0.29369357690929077,0.09536290339282504,0.036494238127022835,-0.29369357690929077
google_robot_open_drawer__seed011__step011,open_drawer,11,exploration,7,0.04947211668221748,-0.05509727171463983,0.1461643941619691,0.3156860036577755,1.3459237522033587,-0.26621388697555803,0.10456938839685731,-0.09669227747975162,-0.26621388697555803
google_robot_open_drawer__seed011__step011,open_drawer,11,exploration,8,0.21587316671225973,-0.21855310871759695,0.24443243754759222,0.3156860036577755,1.4095023462110048,-0.09981283694551576,0.4344262754298567,-0.028559270835332495,-0.09981283694551576
google_robot_open_drawer__seed011__step011,open_drawer,11,exploration,9,0.13293735427807662,-0.05058431265872317,0.01109372249614382,0.3156860036577755,1.194455967477031,-0.18274864937969887,0.1835216669367998,0.1218436317819328,-0.18274864937969887
google_robot_open_drawer__seed011__step011,open_drawer,11,exploration,10,0.3594954628662949,-0.13873457531540453,0.34224562789793395,0.3156860036577755,1.5116325023392732,0.04380945920851942,0.4982300381816994,0.017249834968360966,0.017249834968360966
google_robot_open_drawer__seed011__step011,open_drawer,11,exploration,11,0.15927590010510637,0.1864457899066837,0.20490869276684662,0.3156860036577755,1.3478877612642113,-0.15641010355266913,-0.027169889801577335,-0.04563279266174025,-0.15641010355266913
google_robot_open_drawer__seed011__step011,open_drawer,11,exploration,12,0.16476008103183024,0.03197302386797577,0.3255754743416213,0.3156860036577755,1.2446989404173154,-0.15092592262594526,0.13278705716385447,-0.16081539330979108,-0.16081539330979108
google_robot_open_drawer__seed011__step011,open_drawer,11,exploration,13,0.21959153040926427,-0.0031966108910002453,0.1616648813726794,0.3156860036577755,1.4272639150591386,-0.09609447324851123,0.2227881413002645,0.05792664903658487,-0.09609447324851123
google_robot_open_drawer__seed011__step011,open_drawer,11,exploration,14,0.3688567636482014,-0.13000974009299554,0.15055042007327282,0.3156860036577755,1.4567542292121671,0.05317075999042592,0.49886650374119695,0.2183063435749286,0.05317075999042592
google_robot_open_drawer__seed011__step011,open_drawer,11,exploration,15,0.12623025561715956,-0.06285137549459198,0.2722305360754379,0.3156860036577755,1.2895044032674623,-0.18945574804061593,0.18908163111175152,-0.14600028045827834,-0.18945574804061593
google_robot_open_drawer__seed011__step011,open_drawer,11,exploration,16,0.1695861930605329,-0.012781923766720696,0.20498775455766827,0.3156860036577755,1.2121044418887728,-0.14609981059724259,0.1823681168272536,-0.03540156149713536,-0.14609981059724259
google_robot_open_drawer__seed011__step011,open_drawer,11,exploration,17,0.11081119031752816,-0.15736305344340537,0.08330977342171812,0.3156860036577755,1.2984754486491876,-0.20487481334024732,0.2681742437609335,0.027501416895810038,-0.20487481334024732
google_robot_open_drawer__seed011__step011,open_drawer,11,exploration,18,0.059401141492418076,-0.17527744768457032,0.06320397312855393,0.3156860036577755,1.058851156497664,-0.2562848621653574,0.2346785891769884,-0.003802831636135852,-0.2562848621653574
google_robot_open_drawer__seed011__step011,open_drawer,11,exploration,19,0.06056688019886169,-0.14408506339874874,0.09039002387104335,0.3156860036577755,1.3649073988491882,-0.2551191234589138,0.20465194359761044,-0.02982314367218166,-0.2551191234589138
google_robot_open_drawer__seed011__step011,open_drawer,11,exploration,20,0.16671586217362222,-0.11712903844848778,0.14512912110195594,0.3156860036577755,1.0937833134405315,-0.14897014148415327,0.28384490062211,0.021586741071666277,-0.14897014148415327
google_robot_open_drawer__seed011__step011,open_drawer,11,exploration,21,0.13710998555618117,-0.09880129492511928,0.12525592344487477,0.3156860036577755,1.1126973854579332,-0.17857601810159432,0.23591128048130044,0.011854062111306407,-0.17857601810159432
google_robot_open_drawer__seed011__step011,open_drawer,11,exploration,22,0.12181868298959835,-0.21002506462201512,0.11883663180138014,0.3156860036577755,1.075683685880067,-0.19386732066817713,0.33184374761161345,0.0029820511882182044,-0.19386732066817713
google_robot_open_drawer__seed011__step011,open_drawer,11,exploration,23,0.1405974287031077,-0.10609088572110108,0.11867714284573155,0.3156860036577755,1.0647804333588686,-0.17508857495466779,0.2466883144242088,0.021920285857376154,-0.17508857495466779
google_robot_open_drawer__seed011__step011,open_drawer,11,exploration,24,0.12957889305117054,-0.20573458046941498,0.1585997317999138,0.3156860036577755,1.1013054345797617,-0.18610711060660495,0.3353134735205855,-0.029020838748743255,-0.18610711060660495
google_robot_open_drawer__seed011__step011,open_drawer,11,exploration,25,0.1609150888417712,-0.19433450083091208,0.1609150888417712,0.3156860036577755,1.08336466464459,-0.1547709148160043,0.3552495896726833,0.0,-0.1547709148160043
google_robot_open_drawer__seed011__step011,open_drawer,11,exploration,26,0.17307718056493562,-0.069565725396838,0.17105312742489145,0.3156860036577755,1.0607981853350912,-0.14260882309283987,0.24264290596177363,0.0020240531400441686,-0.14260882309283987
google_robot_open_drawer__seed011__step011,open_drawer,11,exploration,27,0.18003169326581903,-0.1347093479653933,0.16521585937646835,0.3156860036577755,1.0565605249930439,-0.13565431039195647,0.3147410412312123,0.014815833889350677,-0.13565431039195647
google_robot_open_drawer__seed011__step011,open_drawer,11,exploration,28,0.11927294182755384,0.012105074038757694,0.15282832970078428,0.3156860036577755,1.0319554745725332,-0.19641306183022167,0.10716786778879614,-0.03355538787323044,-0.19641306183022167
google_robot_open_drawer__seed011__step011,open_drawer,11,exploration,29,0.13966907661748176,-0.14754267258534207,0.14461025098733635,0.3156860036577755,1.036561331799933,-0.17601692704029373,0.28721174920282383,-0.004941174369854584,-0.17601692704029373
google_robot_open_drawer__seed011__step011,open_drawer,11,exploration,30,0.15094460947013078,-0.20375704628591096,0.15094460947013078,0.3156860036577755,1.0225081641759215,-0.16474139418764472,0.35470165575604173,0.0,-0.16474139418764472
google_robot_open_drawer__seed011__step011,open_drawer,11,exploration,31,0.14826016980066947,0.06818381847307133,0.13729338685433815,0.3156860036577755,1.037489871043797,-0.16742583385710602,0.08007635132759815,0.010966782946331327,-0.16742583385710602
google_robot_open_drawer__seed032__step011,open_drawer,32,exploration,0,0.34294847690207747,-0.00675740230843197,0.34294847690207747,-0.026933966060630744,1.4327753030183004,0.3698824429627082,0.34970587921050944,0.0,0.0
google_robot_open_drawer__seed032__step011,open_drawer,32,exploration,1,0.36467752736484504,0.21174048414063798,0.36467752736484504,-0.026933966060630744,1.3860903485644407,0.3916114934254758,0.15293704322420706,0.0,0.0
google_robot_open_drawer__seed032__step011,open_drawer,32,exploration,2,0.2716141986238429,0.1828862963204808,0.2716141986238429,-0.026933966060630744,1.470929998813,0.29854816468447365,0.08872790230336208,0.0,0.0
google_robot_open_drawer__seed032__step011,open_drawer,32,exploration,3,0.3531875702108093,0.2403416856224564,0.3579266143991921,-0.026933966060630744,1.404096564545886,0.3801215362714401,0.11284588458835293,-0.004739044188382779,-0.004739044188382779
google_robot_open_drawer__seed032__step011,open_drawer,32,exploration,4,0.1689960473688227,0.2626908675948409,0.20198023108604998,-0.026933966060630744,1.2057091741285575,0.19593001342945346,-0.09369482022601819,-0.03298418371722728,-0.09369482022601819
google_robot_open_drawer__seed032__step011,open_drawer,32,exploration,5,0.14528061034429837,0.22553458952046315,0.11657948278177394,-0.026933966060630744,1.2056990570707313,0.17221457640492913,-0.08025397917616478,0.028701127562524437,-0.08025397917616478
google_robot_open_drawer__seed032__step011,open_drawer,32,exploration,6,0.25959669423250303,0.2195504258708103,0.24602466644407675,-0.026933966060630744,1.3587646309780255,0.2865306602931338,0.04004626836169273,0.013572027788426283,0.013572027788426283
google_robot_open_drawer__seed032__step011,open_drawer,32,exploration,7,0.2276488009496523,0.1998118748662733,0.21881210602301104,-0.026933966060630744,1.4321590438023428,0.25458276701028304,0.02783692608337901,0.00883669492664127,0.00883669492664127
google_robot_open_drawer__seed032__step011,open_drawer,32,exploration,8,0.257422829411534,0.059688369157211645,0.25237562117509355,-0.026933966060630744,1.3916090734469209,0.28435679547216475,0.19773446025432234,0.005047208236440448,0.005047208236440448
google_robot_open_drawer__seed032__step011,open_drawer,32,exploration,9,0.24533494398280953,0.20774488179341685,0.2530934481379635,-0.026933966060630744,1.1264328710605223,0.2722689100434403,0.037590062189392676,-0.007758504155153945,-0.007758504155153945
google_robot_open_drawer__seed032__step011,open_drawer,32,exploration,10,0.20314019051293983,0.1936547312286989,0.27165163173038603,-0.026933966060630744,1.2240672718197576,0.23007415657357058,0.009485459284240938,-0.0685114412174462,-0.0685114412174462
google_robot_open_drawer__seed032__step011,open_drawer,32,exploration,11,0.23039920328515553,0.15701165451484567,0.13564902864499276,-0.026933966060630744,1.2557288817828351,0.25733316934578626,0.07338754877030987,0.09475017464016278,0.07338754877030987
google_robot_open_drawer__seed032__step011,open_drawer,32,exploration,12,0.2295465662305274,0.06755586932444665,0.19685224314159133,-0.026933966060630744,1.1647895699706468,0.25648053229115814,0.16199069690608076,0.03269432308893608,0.03269432308893608
google_robot_open_drawer__seed032__step011,open_drawer,32,exploration,13,0.2564874022863101,0.17605099131454163,0.231359224437542,-0.026933966060630744,1.2846632442242876,0.28342136834694087,0.08043641097176848,0.025128177848768113,0.025128177848768113
google_robot_open_drawer__seed032__step011,open_drawer,32,exploration,14,0.2487161391549515,0.17111961807536924,0.24980287639219437,-0.026933966060630744,1.2741682168365631,0.27565010521558225,0.07759652107958226,-0.0010867372372428685,-0.0010867372372428685
google_robot_open_drawer__seed032__step011,open_drawer,32,exploration,15,0.2465889570912466,0.12790252101743874,0.19394269469101122,-0.026933966060630744,1.4470686030460675,0.2735229231518773,0.11868643607380785,0.05264626240023537,0.05264626240023537
google_robot_open_drawer__seed032__step011,open_drawer,32,exploration,16,0.1525324889114639,0.13750507150913768,0.1665008308388486,-0.026933966060630744,1.2070121849387265,0.17946645497209465,0.015027417402326215,-0.013968341927384692,-0.013968341927384692
google_robot_open_drawer__seed032__step011,open_drawer,32,exploration,17,0.2948254640886559,0.10233071438401949,0.23901751292577497,-0.026933966060630744,1.3223025805871758,0.32175943014928665,0.19249474970463643,0.055807951162880925,0.055807951162880925
google_robot_open_drawer__seed032__step011,open_drawer,32,exploration,18,0.2410304448880323,0.06268037723100245,0.21653921396632692,-0.026933966060630744,1.2985385061972314,0.267964410948663,0.17835006765702985,0.02449123092170538,0.02449123092170538
google_robot_open_drawer__seed032__step011,open_drawer,32,exploration,19,0.22805398195858076,0.06823963724952471,0.19749708933766866,-0.026933966060630744,1.2476536775740312,0.2549879480192115,0.15981434470905603,0.0305568926209121,0.0305568926209121
google_robot_open_drawer__seed032__step011,open_drawer,32,exploration,20,0.12310729133216652,0.08270873156840534,0.07901466257696725,-0.026933966060630744,1.0314846740586054,0.15004125739279728,0.04039855976376118,0.04409262875519927,0.04039855976376118
google_robot_open_drawer__seed032__step011,open_drawer,32,exploration,21,0.09664615808811,0.03826603829209645,0.11467333776093813,-0.026933966060630744,1.0793398457711931,0.12358012414874074,0.05838011979601355,-0.01802717967282813,-0.01802717967282813
google_robot_open_drawer__seed032__step011,open_drawer,32,exploration,22,0.19880716012546587,0.05973599648077856,0.19683211836716508,-0.026933966060630744,1.1563240381402857,0.22574112618609662,0.1390711636446873,0.001975041758300794,0.001975041758300794
google_robot_open_drawer__seed032__step011,open_drawer,32,exploration,23,0.18969877881461297,-0.04695385085129953,0.20807420571615545,-0.026933966060630744,1.1856622693784906,0.21663274487524373,0.2366526296659125,-0.01837542690154248,-0.01837542690154248
google_robot_open_drawer__seed032__step011,open_drawer,32,exploration,24,0.23011243136433865,-0.03622371358950427,0.22538224695570686,-0.026933966060630744,1.1236708305470176,0.2570463974249694,0.26633614495384295,0.0047301844086317935,0.0047301844086317935
google_robot_open_drawer__seed032__step011,open_drawer,32,exploration,25,0.22764528416364416,0.0037010170831136557,0.2198895635849292,-0.026933966060630744,1.2359982057096728,0.2545792502242749,0.2239442670805305,0.007755720578714959,0.007755720578714959
google_robot_open_drawer__seed032__step011,open_drawer,32,exploration,26,0.22153738442632578,-0.02815376501768009,0.20963915463935093,-0.026933966060630744,1.1364246227037424,0.24847135048695654,0.2496911494440059,0.011898229786974857,0.011898229786974857
google_robot_open_drawer__seed032__step011,open_drawer,32,exploration,27,0.253606047332031,0.04479059171324943,0.23725275672204774,-0.026933966060630744,1.2617227004624803,0.28054001339266177,0.2088154556187816,0.01635329060998328,0.01635329060998328
google_robot_open_drawer__seed032__step011,open_drawer,32,exploration,28,0.2248564333526112,-0.08359615955289364,0.23770503041560262,-0.026933966060630744,1.2353833613048169,0.25179039941324194,0.30845259290550486,-0.012848597062991407,-0.012848597062991407
google_robot_open_drawer__seed032__step011,open_drawer,32,exploration,29,0.23083590085649627,-0.02573065635129256,0.22730165330178306,-0.026933966060630744,1.1807546316988553,0.257769866917127,0.2565665572077888,0.00353424755471321,0.00353424755471321
google_robot_open_drawer__seed032__step011,open_drawer,32,exploration,30,0.24451310845404675,-0.0992552605069405,0.2494058820675994,-0.026933966060630744,1.2163670740899357,0.2714470745146775,0.3437683689609873,-0.004892773613552642,-0.004892773613552642
google_robot_open_drawer__seed032__step011,open_drawer,32,exploration,31,0.1647325438056247,0.12458946330306069,0.15665127758293643,-0.026933966060630744,1.0015605767589189,0.19166650986625544,0.040143080502564,0.00808126622268826,0.00808126622268826
google_robot_pick_coke_can__seed003__step008,pick_coke_can,3,validation,0,0.4877978048898988,0.04309707980019245,0.4877978048898988,0.29675858486902734,1.1864699637442395,0.19103922002087148,0.4447007250897064,0.0,0.0
google_robot_pick_coke_can__seed003__step008,pick_coke_can,3,validation,1,0.5859921086276348,-0.027359507483404863,0.5702193638942991,0.29675858486902734,1.2578491667168494,0.2892335237586075,0.6133516161110397,0.015772744733335786,0.015772744733335786
google_robot_pick_coke_can__seed003__step008,pick_coke_can,3,validation,2,0.5738497903427777,0.050405018396962854,0.5738497903427777,0.29675858486902734,1.0355417322027844,0.2770912054737504,0.5234447719458148,0.0,0.0
google_robot_pick_coke_can__seed003__step008,pick_coke_can,3,validation,3,0.5618708656740533,-0.1167194961270326,0.5602510746853903,0.29675858486902734,1.1955388455225093,0.26511228080502597,0.6785903618010859,0.0016197909886630502,0.0016197909886630502
google_robot_pick_coke_can__seed003__step008,pick_coke_can,3,validation,4,0.42885898412345774,-0.015827525342830235,0.46934932149414504,0.29675858486902734,1.1250259714265987,0.1321003992544304,0.44468650946628796,-0.0404903373706873,-0.0404903373706873
google_robot_pick_coke_can__seed003__step008,pick_coke_can,3,validation,5,0.4720414781641022,-0.10662489625409384,0.4720414781641022,0.29675858486902734,1.152592589948507,0.17528289329507485,0.578666374418196,0.0,0.0
google_robot_pick_coke_can__seed003__step008,pick_coke_can,3,validation,6,0.47412654891916345,-0.011121473118829573,0.4508524410916819,0.29675858486902734,1.3357238533494886,0.1773679640501361,0.485248022037993,0.02327410782748157,0.02327410782748157
google_robot_pick_coke_can__seed003__step008,pick_coke_can,3,validation,7,0.3456389460510347,0.016540469742384233,0.46294691462061865,0.29675858486902734,1.2364502887699387,0.04888036118200734,0.32909847630865047,-0.11730796856958398,-0.11730796856958398
google_robot_pick_coke_can__seed003__step008,pick_coke_can,3,validation,8,0.4390515705555809,0.04056200913855235,0.3726416925261424,0.29675858486902734,1.222897453512547,0.14229298568655357,0.39848956141702857,0.06640987802943854,0.06640987802943854
google_robot_pick_coke_can__seed003__step008,pick_coke_can,3,validation,9,0.401696745667119,-0.012381021865064942,0.443864497206319,0.29675858486902734,1.211504731287949,0.10493816079809165,0.41407776753218395,-0.042167751539199994,-0.042167751539199994
google_robot_pick_coke_can__seed003__step008,pick_coke_can,3,validation,10,0.45530527177986563,0.011764711646137025,0.5302526947838999,0.29675858486902734,1.1711934881854091,0.15854668691083829,0.4435405601337286,-0.07494742300403429,-0.07494742300403429
google_robot_pick_coke_can__seed003__step008,pick_coke_can,3,validation,11,0.3915489121113806,0.07302060661234909,0.4035070942096932,0.29675858486902734,1.2129462763238945,0.09479032724235326,0.3185283054990315,-0.01195818209831262,-0.01195818209831262
google_robot_pick_coke_can__seed003__step008,pick_coke_can,3,validation,12,0.46116644292504105,-0.09392866659261057,0.46839403432591276,0.29675858486902734,1.2554809908509392,0.1644078580560137,0.5550951095176516,-0.007227591400871702,-0.007227591400871702
google_robot_pick_coke_can__seed003__step008,pick_coke_can,3,validation,13,0.38019756270089333,-0.06464024487990606,0.5064916661981927,0.29675858486902734,1.2265118966476622,0.08343897783186599,0.4448378075807994,-0.12629410349729941,-0.12629410349729941
google_robot_pick_coke_can__seed003__step008,pick_coke_can,3,validation,14,0.4481898358072483,-0.08269562803447607,0.5465502780877703,0.29675858486902734,1.1505660077553326,0.15143125093822096,0.5308854638417244,-0.09836044228052204,-0.09836044228052204
google_robot_pick_coke_can__seed003__step008,pick_coke_can,3,validation,15,0.587192354524206,-0.09286122464899371,0.4578125441588819,0.29675858486902734,1.2597838601596483,0.2904337696551787,0.6800535791731998,0.12937981036532414,0.12937981036532414
google_robot_pick_coke_can__seed003__step008,pick_coke_can,3,validation,16,0.5639996196986338,0.04421529453551563,0.29899703164515085,0.29675858486902734,1.03632419190969,0.2672410348296064,0.5197843251631181,0.2650025880534829,0.2650025880534829
google_robot_pick_coke_can__seed003__step008,pick_coke_can,3,validation,17,0.5186497186775618,-0.07670217777496886,0.43196794742708705,0.29675858486902734,1.0965195156113556,0.22189113380853448,0.5953518964525307,0.08668177125047477,0.08668177125047477
google_robot_pick_coke_can__seed003__step008,pick_coke_can,3,validation,18,0.5366306534848965,0.09226663944796581,0.3923367160821851,0.29675858486902734,1.1045072146573574,0.23987206861586913,0.44436401403693065,0.14429393740271135,0.14429393740271135
google_robot_pick_coke_can__seed003__step008,pick_coke_can,3,validation,19,0.46614056983035107,-0.008983614637398447,0.4878488092207019,0.29675858486902734,1.0047450737178785,0.16938198496132373,0.4751241844677495,-0.021708239390350825,-0.021708239390350825
google_robot_pick_coke_can__seed003__step008,pick_coke_can,3,validation,20,0.438719595829925,-0.005176877037804409,0.37465071743216566,0.29675858486902734,1.0398883900498317,0.14196101096089764,0.4438964728677294,0.06406887839775932,0.06406887839775932
google_robot_pick_coke_can__seed003__step008,pick_coke_can,3,validation,21,0.4876976008749055,0.23096785190995994,0.33758280030063387,0.29675858486902734,1.0116427444400091,0.19093901600587815,0.25672974896494555,0.15011480057427162,0.15011480057427162
google_robot_pick_coke_can__seed003__step008,pick_coke_can,3,validation,22,0.4156561771020071,0.012340227620115315,0.4526989216016506,0.29675858486902734,1.1137169915885095,0.11889759223297974,0.40331594948189176,-0.03704274449964351,-0.03704274449964351
google_robot_pick_coke_can__seed003__step008,pick_coke_can,3,validation,23,0.4503451428929906,-0.14948581263306188,0.3747164489795498,0.29675858486902734,1.0580302262365926,0.15358655802396326,0.5998309555260525,0.07562869391344079,0.07562869391344079
google_robot_pick_coke_can__seed003__step008,pick_coke_can,3,validation,24,0.43416907272018235,0.05825917398759478,0.4249949165952634,0.29675858486902734,0.9554545577276896,0.137410487851155,0.37590989873258757,0.009174156124918953,0.009174156124918953
google_robot_pick_coke_can__seed003__step008,pick_coke_can,3,validation,25,0.4336085337687469,0.11554936145832438,0.4336085337687469,0.29675858486902734,0.838820627411548,0.13684994889971958,0.3180591723104225,0.0,0.0
google_robot_pick_coke_can__seed003__step008,pick_coke_can,3,validation,26,0.4261417865471237,0.03906189745439278,0.44737641661317995,0.29675858486902734,0.9041467001435433,0.12938320167809636,0.38707988909273094,-0.021234630066056248,-0.021234630066056248
google_robot_pick_coke_can__seed003__step008,pick_coke_can,3,validation,27,0.44227465332442256,0.08551058527778665,0.44227465332442256,0.29675858486902734,0.8590415053051003,0.14551606845539522,0.3567640680466359,0.0,0.0
google_robot_pick_coke_can__seed003__step008,pick_coke_can,3,validation,28,0.43100766469016966,0.20075270870052722,0.41612231308205244,0.29675858486902734,0.9482609903754977,0.13424907982114231,0.23025495598964243,0.014885351608117214,0.014885351608117214
google_robot_pick_coke_can__seed003__step008,pick_coke_can,3,validation,29,0.445823286826492,0.009004984388435062,0.43893079074066005,0.29675858486902734,0.8342970775764733,0.14906470195746468,0.43681830243805697,0.006892496085831978,0.006892496085831978
google_robot_pick_coke_can__seed003__step008,pick_coke_can,3,validation,30,0.4648158172212806,0.006463328037386126,0.4608646432869555,0.29675858486902734,0.8775170522486944,0.16805723235225328,0.4583524891838945,0.003951173934325147,0.003951173934325147
google_robot_pick_coke_can__seed003__step008,pick_coke_can,3,validation,31,0.39231888208184773,-0.0793138168507945,0.39231888208184773,0.29675858486902734,0.8616916720206853,0.09556029721282039,0.47163269893264226,0.0,0.0
google_robot_pick_coke_can__seed030__step008,pick_coke_can,30,exploration,0,0.26462269423187434,0.09464766566663096,0.2665103456368018,-0.009153200065724496,0.9916802840134239,0.27377589429759885,0.16997502856524338,-0.0018876514049274706,-0.0018876514049274706
google_robot_pick_coke_can__seed030__step008,pick_coke_can,30,exploration,1,0.19447496384263419,0.1892565225422007,0.16770568577764822,-0.009153200065724496,0.6733296681518638,0.2036281639083587,0.005218441300433474,0.02676927806498597,0.005218441300433474
google_robot_pick_coke_can__seed030__step008,pick_coke_can,30,exploration,2,0.07002197029530058,-0.02858811137927873,0.11357156099668037,-0.009153200065724496,0.49509868940937146,0.07917517036102507,0.09861008167457931,-0.04354959070137979,-0.04354959070137979
google_robot_pick_coke_can__seed030__step008,pick_coke_can,30,exploration,3,0.07867806133903953,-0.07556473292051245,0.011663304120728232,-0.009153200065724496,0.6403236555880698,0.08783126140476402,0.15424279425955198,0.0670147572183113,0.0670147572183113
google_robot_pick_coke_can__seed030__step008,pick_coke_can,30,exploration,4,0.07823047843337927,0.0021912766826534583,0.18195376038201325,-0.009153200065724496,0.5916738778338013,0.08738367849910376,0.07603920175072582,-0.10372328194863398,-0.10372328194863398
google_robot_pick_coke_can__seed030__step008,pick_coke_can,30,exploration,5,0.2104355695151626,0.17771490006267313,0.05532311118904526,-0.009153200065724496,0.6454084870075372,0.21958876958088708,0.03272066945248947,0.15511245832611734,0.03272066945248947
google_robot_pick_coke_can__seed030__step008,pick_coke_can,30,exploration,6,0.3170837152974311,-0.005817860564481317,0.3058619114112,-0.009153200065724496,1.010339834870302,0.32623691536315563,0.3229015758619124,0.011221803886231119,0.011221803886231119
google_robot_pick_coke_can__seed030__step008,pick_coke_can,30,exploration,7,0.18153146352921337,-0.015093023325639726,0.12418833741989843,-0.009153200065724496,0.7440562735271741,0.19068466359493785,0.1966244868548531,0.05734312610931494,0.05734312610931494
google_robot_pick_coke_can__seed030__step008,pick_coke_can,30,exploration,8,0.34571113091351885,0.08480783926799063,0.32661725085989163,-0.009153200065724496,1.018987312418642,0.35486433097924336,0.2609032916455282,0.01909388005362722,0.01909388005362722
google_robot_pick_coke_can__seed030__step008,pick_coke_can,30,exploration,9,0.3734027757989651,-0.03536444641934444,0.3149354090641722,-0.009153200065724496,0.7524024750818787,0.3825559758646896,0.4087672222183095,0.05846736673479286,0.05846736673479286
google_robot_pick_coke_can__seed030__step008,pick_coke_can,30,exploration,10,0.3572383843761551,-0.08213994579638577,0.16237457499837488,-0.009153200065724496,0.8305567448593391,0.36639158444187964,0.4393783301725409,0.19486380937778025,0.19486380937778025
google_robot_pick_coke_can__seed030__step008,pick_coke_can,30,exploration,11,0.33912929822380256,-0.06673531367722635,0.16635122879967998,-0.009153200065724496,0.8103977505498695,0.34828249828952706,0.4058646119010289,0.17277806942412258,0.17277806942412258
google_robot_pick_coke_can__seed030__step008,pick_coke_can,30,exploration,12,0.18287134690373585,-0.06449539775541509,0.1860476205439597,-0.009153200065724496,0.6028166896362444,0.19202454696946036,0.24736674465915093,-0.0031762736402238534,-0.0031762736402238534
google_robot_pick_coke_can__seed030__step008,pick_coke_can,30,exploration,13,0.1832446529359899,-0.0751734923851767,0.1385048892425542,-0.009153200065724496,0.7060446958392571,0.19239785300171441,0.2584181453211666,0.04473976369343571,0.04473976369343571
google_robot_pick_coke_can__seed030__step008,pick_coke_can,30,exploration,14,0.5326876671325897,0.02088170258448101,-0.020855080408554647,-0.009153200065724496,0.7149701396028781,0.5418408671983143,0.5118059645481088,0.5535427475411444,0.5118059645481088
google_robot_pick_coke_can__seed030__step008,pick_coke_can,30,exploration,15,0.13972396912209184,-0.06193161719707684,0.17116197068611827,-0.009153200065724496,0.7793146360740131,0.14887716918781635,0.2016555863191687,-0.03143800156402643,-0.03143800156402643
google_robot_pick_coke_can__seed030__step008,pick_coke_can,30,exploration,16,0.34449605366328045,-0.018706783565289223,0.24793577336625594,-0.009153200065724496,0.8016570608924604,0.35364925372900496,0.36320283722856966,0.09656028029702451,0.09656028029702451
google_robot_pick_coke_can__seed030__step008,pick_coke_can,30,exploration,17,0.3596969382061266,-0.006146127950491541,0.11667559498159145,-0.009153200065724496,0.7424602674285887,0.3688501382718511,0.3658430661566181,0.2430213432245351,0.2430213432245351
google_robot_pick_coke_can__seed030__step008,pick_coke_can,30,exploration,18,0.14767842204683776,-0.014526142224371756,0.2068011036008628,-0.009153200065724496,0.783595433895641,0.15683162211256224,0.16220456427120952,-0.05912268155402503,-0.05912268155402503
google_robot_pick_coke_can__seed030__step008,pick_coke_can,30,exploration,19,0.20097464510022345,-0.0883420782218197,0.16670096911032725,-0.009153200065724496,0.6374073167493065,0.21012784516594796,0.28931672332204317,0.034273675989896196,0.034273675989896196
google_robot_pick_coke_can__seed030__step008,pick_coke_can,30,exploration,20,0.27369628861289014,-0.016864923379060464,0.1213786302412488,-0.009153200065724496,0.5570681733074715,0.28284948867861465,0.2905612119919506,0.15231765837164135,0.15231765837164135
google_robot_pick_coke_can__seed030__step008,pick_coke_can,30,exploration,21,0.3018213722067579,0.019192414276186964,0.16536142534992812,-0.009153200065724496,0.5501593648430737,0.31097457227248243,0.28262895793057097,0.1364599468568298,0.1364599468568298
google_robot_pick_coke_can__seed030__step008,pick_coke_can,30,exploration,22,0.21302527142937902,0.008172989653793433,0.23949092009891862,-0.009153200065724496,0.6292984015626505,0.2221784714951035,0.2048522817755856,-0.0264656486695396,-0.0264656486695396
google_robot_pick_coke_can__seed030__step008,pick_coke_can,30,exploration,23,0.10175622524875376,-0.04930812192083781,0.11396125497379551,-0.009153200065724496,0.5871423463932139,0.11090942531447825,0.15106434716959158,-0.012205029725041755,-0.012205029725041755
google_robot_pick_coke_can__seed030__step008,pick_coke_can,30,exploration,24,0.1074307778124206,-0.1128912867894757,0.17665035423377903,-0.009153200065724496,0.577438812952652,0.11658397787814509,0.2203220646018963,-0.06921957642135844,-0.06921957642135844
google_robot_pick_coke_can__seed030__step008,pick_coke_can,30,exploration,25,0.18863998811824478,0.08192834821179956,0.1839000768266923,-0.009153200065724496,0.5887439832943557,0.1977931881839693,0.10671163990644522,0.00473991129155249,0.00473991129155249
google_robot_pick_coke_can__seed030__step008,pick_coke_can,30,exploration,26,0.2089754291968462,0.0075189579222276065,0.23492732365229396,-0.009153200065724496,0.612985101153251,0.2181286292625707,0.20145647127461858,-0.025951894455447766,-0.025951894455447766
google_robot_pick_coke_can__seed030__step008,pick_coke_can,30,exploration,27,0.24108459996005313,0.07538296866158024,0.18914189024902175,-0.009153200065724496,0.6319815920713007,0.2502378000257776,0.16570163129847287,0.051942709711031376,0.051942709711031376
google_robot_pick_coke_can__seed030__step008,pick_coke_can,30,exploration,28,0.1999528632015233,0.2438954167370785,0.22460762417349409,-0.009153200065724496,0.6117019086237441,0.2091060632672478,-0.04394255353555521,-0.02465476097197078,-0.04394255353555521
google_robot_pick_coke_can__seed030__step008,pick_coke_can,30,exploration,29,0.15535546379011667,0.10666544194865292,0.17487250743017002,-0.009153200065724496,0.5560544240122817,0.16450866385584118,0.048690021841463746,-0.019517043640053355,-0.019517043640053355
google_robot_pick_coke_can__seed030__step008,pick_coke_can,30,exploration,30,0.2180535171164921,0.13102395030990613,0.20271871748043582,-0.009153200065724496,0.6047347287282444,0.22720671718221658,0.08702956680658597,0.015334799636056273,0.015334799636056273
google_robot_pick_coke_can__seed030__step008,pick_coke_can,30,exploration,31,0.12366673616032815,0.12867753935932522,0.09301536701036883,-0.009153200065724496,0.5416478297816137,0.13281993622605265,-0.005010803198997063,0.03065136914995932,-0.005010803198997063
google_robot_pick_coke_can__seed059__step008,pick_coke_can,59,exploration,0,0.34238967479190596,-0.002351826191398414,0.34238967479190596,0.32322752689250206,0.6961792248032749,0.019162147899403903,0.34474150098330436,0.0,0.0
google_robot_pick_coke_can__seed059__step008,pick_coke_can,59,exploration,1,0.26136649742254364,-0.06137900242948302,0.26136649742254364,0.32322752689250206,0.5364908929667846,-0.06186102946995842,0.32274549985202666,0.0,-0.06186102946995842
google_robot_pick_coke_can__seed059__step008,pick_coke_can,59,exploration,2,0.23308910575938913,0.19743857283031938,0.21717349486399617,0.32322752689250206,0.17626910646131752,-0.09013842113311293,0.03565053292906975,0.01591561089539295,-0.09013842113311293
google_robot_pick_coke_can__seed059__step008,pick_coke_can,59,exploration,3,0.20751602103474098,0.4020728593516709,0.3632260133402329,0.32322752689250206,0.3900461621186624,-0.11571150585776108,-0.19455683831692994,-0.15570999230549193,-0.19455683831692994
google_robot_pick_coke_can__seed059__step008,pick_coke_can,59,exploration,4,0.2765133281808014,0.3125622190560659,0.2782492887764844,0.32322752689250206,0.3069083229871117,-0.04671419871170068,-0.03604889087526453,-0.0017359605956830393,-0.04671419871170068
google_robot_pick_coke_can__seed059__step008,pick_coke_can,59,exploration,5,0.1583800157347684,0.1342832641228347,0.20420572245662116,0.32322752689250206,0.3474272463138756,-0.16484751115773366,0.024096751611933698,-0.045825706721852766,-0.16484751115773366
google_robot_pick_coke_can__seed059__step008,pick_coke_can,59,exploration,6,0.33565403587386755,0.2880059092399353,0.41593229829392003,0.32322752689250206,0.921478153704065,0.012426508981365492,0.04764812663393225,-0.08027826242005248,-0.08027826242005248
google_robot_pick_coke_can__seed059__step008,pick_coke_can,59,exploration,7,0.2700650791302281,-0.041297948519022055,0.1346456609170538,0.32322752689250206,0.5173446998736229,-0.05316244776227397,0.31136302764925017,0.1354194182131743,-0.05316244776227397
google_robot_pick_coke_can__seed059__step008,pick_coke_can,59,exploration,8,0.3080968697392865,0.2014753557631204,0.37697889067357354,0.32322752689250206,0.7116876531469944,-0.015130657153215543,0.10662151397616612,-0.06888202093428702,-0.06888202093428702
google_robot_pick_coke_can__seed059__step008,pick_coke_can,59,exploration,9,0.3009051089379868,-0.05616683917735187,0.43059717793269064,0.32322752689250206,0.9600101837012308,-0.022322417954515283,0.35707194811533866,-0.12969206899470387,-0.12969206899470387
google_robot_pick_coke_can__seed059__step008,pick_coke_can,59,exploration,10,0.32163669222678776,-0.11580215054518565,0.3017955583927179,0.32322752689250206,0.776210387125608,-0.0015908346657143024,0.4374388427719734,0.01984113383406988,-0.0015908346657143024
google_robot_pick_coke_can__seed059__step008,pick_coke_can,59,exploration,11,0.5674340491669491,-0.005393067773954106,0.45105496538851203,0.32322752689250206,0.68024822991168,0.244206522274447,0.5728271169409032,0.11637908377843703,0.11637908377843703
google_robot_pick_coke_can__seed059__step008,pick_coke_can,59,exploration,12,0.3721710605742072,-0.14540922864368677,0.19689793970221955,0.32322752689250206,0.44673383515234216,0.04894353368170512,0.517580289217894,0.17527312087198763,0.04894353368170512
google_robot_pick_coke_can__seed059__step008,pick_coke_can,59,exploration,13,0.45102788749091155,-0.08603617665326292,0.20714605200419334,0.32322752689250206,0.7541276777554474,0.1278003605984095,0.5370640641441745,0.2438818354867182,0.1278003605984095
google_robot_pick_coke_can__seed059__step008,pick_coke_can,59,exploration,14,0.4031567430272818,0.07274988253907934,0.09928009822078837,0.32322752689250206,0.3716818452601123,0.07992921613477977,0.3304068604882025,0.30387664480649346,0.07992921613477977
google_robot_pick_coke_can__seed059__step008,pick_coke_can,59,exploration,15,0.23792287598993136,0.14881108797454223,0.28795159582920277,0.32322752689250206,0.5758516860121212,-0.0853046509025707,0.08911178801538913,-0.0500287198392714,-0.0853046509025707
google_robot_pick_coke_can__seed059__step008,pick_coke_can,59,exploration,16,0.2766732940429555,-0.06692906704463092,0.307591587897667,0.32322752689250206,0.6851131596553918,-0.04655423284954657,0.3436023610875864,-0.03091829385471151,-0.04655423284954657
google_robot_pick_coke_can__seed059__step008,pick_coke_can,59,exploration,17,0.010202090507502629,-0.03651554670987619,0.017269949669411814,0.32322752689250206,0.5596090408245814,-0.3130254363849994,0.046717637217378816,-0.007067859161909185,-0.3130254363849994
google_robot_pick_coke_can__seed059__step008,pick_coke_can,59,exploration,18,0.1969389825629282,0.3297937737385998,0.4232889511222743,0.32322752689250206,0.6232144307012066,-0.12628854432957387,-0.13285479117567162,-0.22634996855934614,-0.22634996855934614
google_robot_pick_coke_can__seed059__step008,pick_coke_can,59,exploration,19,0.3596238871266753,0.019330607074445182,0.4108012963112427,0.32322752689250206,0.3996492993980171,0.03639636023417325,0.34029328005223014,-0.05117740918456737,-0.05117740918456737
google_robot_pick_coke_can__seed059__step008,pick_coke_can,59,exploration,20,0.11973541976307543,0.22777800085756184,0.11973541976307543,0.32322752689250206,0.5425420666726503,-0.2034921071294266,-0.1080425810944864,0.0,-0.2034921071294266
google_robot_pick_coke_can__seed059__step008,pick_coke_can,59,exploration,21,0.2946028535641074,-0.027297027740821416,0.3597367287922187,0.32322752689250206,0.35946912258694974,-0.028624673328394634,0.32189988130492886,-0.06513387522811126,-0.06513387522811126
google_robot_pick_coke_can__seed059__step008,pick_coke_can,59,exploration,22,0.26226502851167227,0.17266993362284588,0.30565402406829567,0.32322752689250206,0.4267357370526297,-0.06096249838082979,0.08959509488882639,-0.0433889955566234,-0.06096249838082979
google_robot_pick_coke_can__seed059__step008,pick_coke_can,59,exploration,23,0.2726518858841041,0.012606112362134584,0.27886930072400523,0.32322752689250206,0.4261572867475697,-0.050575641008397954,0.2600457735219695,-0.006217414839901125,-0.050575641008397954
google_robot_pick_coke_can__seed059__step008,pick_coke_can,59,exploration,24,0.45509489915356,0.12546801434660765,0.2513084568216531,0.32322752689250206,0.38984736402226416,0.13186737226105794,0.32962688480695235,0.2037864423319069,0.13186737226105794
google_robot_pick_coke_can__seed059__step008,pick_coke_can,59,exploration,25,0.28673053078384186,0.31411742209597876,0.28673053078384186,0.32322752689250206,0.40826780344434144,-0.036496996108660196,-0.027386891312136896,0.0,-0.036496996108660196
google_robot_pick_coke_can__seed059__step008,pick_coke_can,59,exploration,26,0.4768798070095324,0.23855458585179867,0.4768798070095324,0.32322752689250206,0.4350335034525644,0.15365228011703036,0.23832522115773375,0.0,0.0
google_robot_pick_coke_can__seed059__step008,pick_coke_can,59,exploration,27,0.43440563914841174,0.12636069504244538,0.43440563914841174,0.32322752689250206,0.41311545918703235,0.11117811225590968,0.3080449441059664,0.0,0.0
google_robot_pick_coke_can__seed059__step008,pick_coke_can,59,exploration,28,0.43255746542556434,0.09317922490868318,0.43255746542556434,0.32322752689250206,0.418728640784825,0.10932993853306228,0.33937824051688115,0.0,0.0
google_robot_pick_coke_can__seed059__step008,pick_coke_can,59,exploration,29,0.43440563914841174,0.5874555263988208,0.43440563914841174,0.32322752689250206,0.41311545918703235,0.11117811225590968,-0.15304988725040908,0.0,-0.15304988725040908
google_robot_pick_coke_can__seed059__step008,pick_coke_can,59,exploration,30,0.47679140686715343,0.016818222652987175,0.4989752876192664,0.32322752689250206,0.39717298243240645,0.15356387997465137,0.4599731842141663,-0.022183880752112972,-0.022183880752112972
google_robot_pick_coke_can__seed059__step008,pick_coke_can,59,exploration,31,0.46175996221807686,0.05030677819637097,0.3653176171878605,0.32322752689250206,0.3733036197758998,0.1385324353255748,0.4114531840217059,0.09644234503021637,0.09644234503021637
