task,seed,success,steps,mean_m_t,std_m_t,cv_m_t,min_m_t,max_m_t,range_m_t,mean_abs_step_change,early_mean_m_t,middle_mean_m_t,late_mean_m_t
open_drawer,100,0,113,28.938053097345133,14.12352784142284,0.48806074803693605,4,53,49,12.348214285714286,29.710526315789473,35.526315789473685,21.37837837837838
open_drawer,101,0,113,45.39823008849557,8.228527780458965,0.18125217138242944,30,64,34,9.0625,45.44736842105263,45.36842105263158,45.37837837837838
open_drawer,102,1,113,28.672566371681416,12.679467394718769,0.4422159924701299,5,60,55,7.160714285714286,41.81578947368421,23.0,21.0
open_drawer,103,1,113,36.63716814159292,14.28847047240379,0.3899993148264802,4,66,62,11.553571428571429,43.63157894736842,37.63157894736842,28.43243243243243
open_drawer,104,1,113,34.43362831858407,18.478342312634943,0.5366365153759313,4,70,66,16.4375,42.13157894736842,30.973684210526315,30.08108108108108
open_drawer,105,1,113,30.601769911504423,11.278093593223181,0.36854383343962394,13,55,42,7.535714285714286,42.76315789473684,23.973684210526315,24.91891891891892
open_drawer,106,1,113,33.10619469026549,12.401372199167021,0.3745937071654299,4,56,52,7.223214285714286,42.86842105263158,31.5,24.72972972972973
open_drawer,107,1,113,44.203539823008846,11.692338685217344,0.2645113656515635,5,55,50,8.8125,47.21052631578947,41.73684210526316,43.648648648648646
open_drawer,108,1,113,39.902654867256636,15.65782600093556,0.3924006072534305,6,70,64,14.482142857142858,46.21052631578947,41.60526315789474,31.675675675675677
open_drawer,109,0,113,28.654867256637168,11.829743458423504,0.41283539555338356,3,49,46,7.258928571428571,24.342105263157894,29.710526315789473,32.0
open_drawer,110,0,113,42.557522123893804,10.777671159858308,0.25324949907756056,5,63,58,8.866071428571429,42.921052631578945,38.89473684210526,45.945945945945944
open_drawer,111,1,113,32.92035398230089,12.94381431720327,0.393185757484938,13,63,50,8.455357142857142,43.5,23.710526315789473,31.513513513513512
open_drawer,112,1,113,28.964601769911503,11.496770769035496,0.3969248692028754,4,53,49,10.026785714285714,27.94736842105263,35.6578947368421,23.135135135135137
open_drawer,113,0,113,29.265486725663717,13.77892304711509,0.4708250088672528,4,46,42,13.625,36.39473684210526,27.710526315789473,23.54054054054054
open_drawer,114,1,113,25.36283185840708,17.410230919006917,0.6864466482371883,5,56,51,10.714285714285714,38.421052631578945,25.026315789473685,12.297297297297296
open_drawer,115,0,113,46.3716814159292,8.210930218248519,0.1770677699736799,17,67,50,6.133928571428571,47.8421052631579,45.63157894736842,45.62162162162162
open_drawer,116,0,113,38.10619469026549,16.027279196419205,0.42059511128550164,5,60,55,14.651785714285714,42.89473684210526,40.026315789473685,31.216216216216218
open_drawer,117,1,113,46.123893805309734,9.343146409977754,0.20256629783719995,5,70,65,7.75,46.078947368421055,44.94736842105263,47.37837837837838
open_drawer,118,0,113,33.309734513274336,7.086169560810767,0.21273569616674193,18,56,38,4.8125,34.89473684210526,33.23684210526316,31.756756756756758
open_drawer,119,0,113,37.50442477876106,4.583780357765364,0.12221972166764655,3,49,46,2.357142857142857,36.73684210526316,37.78947368421053,38.0
open_drawer,120,0,113,30.920353982300885,13.331804804441262,0.4311659825134123,3,53,50,12.375,32.421052631578945,31.763157894736842,28.513513513513512
open_drawer,121,0,113,29.07079646017699,14.24545685327682,0.49002636968653907,3,49,46,13.848214285714286,28.105263157894736,24.605263157894736,34.648648648648646
open_drawer,122,1,113,42.0353982300885,12.804126273204817,0.3046034250257146,12,66,54,11.3125,45.13157894736842,46.8421052631579,33.91891891891892
open_drawer,123,0,113,36.7787610619469,5.382262762754469,0.14634160062349735,4,45,41,1.9017857142857142,34.473684210526315,37.89473684210526,38.0
open_drawer,124,0,113,48.50442477876106,11.939466712424181,0.2461521143046766,5,55,50,6.223214285714286,39.63157894736842,53.0,53.0
open_drawer,125,0,113,34.08849557522124,11.011303542329031,0.3230211059925183,4,52,48,9.303571428571429,36.81578947368421,30.605263157894736,34.86486486486486
open_drawer,126,0,113,33.991150442477874,20.63397643771637,0.6070396608856938,5,61,56,20.446428571428573,35.23684210526316,29.92105263157895,36.891891891891895
open_drawer,127,0,113,33.176991150442475,9.339449196864162,0.28150380347976806,4,47,43,7.75,36.473684210526315,28.68421052631579,34.4054054054054
open_drawer,128,1,113,35.93805309734513,13.919670417368152,0.38732399831632636,5,72,67,10.401785714285714,42.473684210526315,37.13157894736842,28.0
open_drawer,129,1,113,28.964601769911503,11.496770769035496,0.3969248692028754,4,53,49,10.026785714285714,27.94736842105263,35.6578947368421,23.135135135135137
open_drawer,130,0,113,37.13274336283186,11.573928914895655,0.3116906499959983,4,53,49,8.535714285714286,37.18421052631579,39.078947368421055,35.08108108108108
open_drawer,131,0,113,47.123893805309734,12.092660498650632,0.2566142040089242,4,57,53,6.303571428571429,36.81578947368421,51.71052631578947,53.0
open_drawer,132,1,113,34.30088495575221,19.77612977686399,0.5765486751252917,4,67,63,16.955357142857142,42.28947368421053,36.0,24.35135135135135
open_drawer,133,0,113,17.0,13.395283808810625,0.7879578711065074,4,45,41,11.357142857142858,24.94736842105263,11.5,14.486486486486486
open_drawer,134,0,113,11.539823008849558,11.083780223347564,0.9604809549373272,4,38,34,8.044642857142858,16.842105263157894,13.578947368421053,4.0
open_drawer,135,0,113,37.85840707964602,11.123496025723485,0.29381838497119067,3,50,47,9.410714285714286,34.5,40.3421052631579,38.75675675675676
open_drawer,136,0,113,39.97345132743363,9.3538692736869,0.2340020429326145,4,53,49,6.285714285714286,37.1578947368421,40.078947368421055,42.75675675675676
open_drawer,137,0,113,43.663716814159294,12.539926055496815,0.28719328015223755,5,62,57,11.455357142857142,45.63157894736842,45.55263157894737,39.7027027027027
open_drawer,138,0,113,42.097345132743364,15.128338643744776,0.3593656226073491,5,53,48,8.035714285714286,31.07894736842105,46.39473684210526,49.0
open_drawer,139,1,113,39.176991150442475,12.717648589149245,0.324620350253866,11,68,57,10.383928571428571,45.6578947368421,32.94736842105263,38.91891891891892
open_drawer,140,1,113,40.51327433628319,11.119714649238613,0.2744708945749155,14,65,51,8.044642857142858,47.63157894736842,33.28947368421053,40.62162162162162
open_drawer,141,0,113,46.14159292035398,16.235472611351113,0.35186198793300266,5,68,63,7.6875,30.842105263157894,53.78947368421053,54.0
open_drawer,142,0,113,34.150442477876105,15.015167104199845,0.4396770880473134,4,51,47,15.857142857142858,32.026315789473685,37.73684210526316,32.648648648648646
open_drawer,143,0,113,46.14159292035398,16.235472611351113,0.35186198793300266,5,68,63,7.6875,30.842105263157894,53.78947368421053,54.0
open_drawer,144,1,113,28.964601769911503,11.496770769035496,0.3969248692028754,4,53,49,10.026785714285714,27.94736842105263,35.6578947368421,23.135135135135137
open_drawer,145,1,113,29.115044247787612,10.73308689061921,0.3686440178236993,4,59,55,7.5625,36.421052631578945,25.63157894736842,25.18918918918919
open_drawer,146,0,113,30.690265486725664,20.93186572153529,0.6820359938101175,5,67,62,21.205357142857142,33.13157894736842,33.10526315789474,25.7027027027027
open_drawer,147,0,113,11.539823008849558,11.083780223347564,0.9604809549373272,4,38,34,8.044642857142858,16.842105263157894,13.578947368421053,4.0
open_drawer,148,0,113,33.123893805309734,15.696306280650212,0.47386658020664546,5,59,54,14.741071428571429,38.6578947368421,31.13157894736842,29.486486486486488
open_drawer,149,0,113,34.150442477876105,15.015167104199845,0.4396770880473134,4,51,47,15.857142857142858,32.026315789473685,37.73684210526316,32.648648648648646
open_drawer,150,0,113,45.91150442477876,3.9117646972230578,0.08520227655863638,31,66,35,3.044642857142857,46.3421052631579,45.078947368421055,46.32432432432432
open_drawer,151,0,113,37.85840707964602,11.123496025723485,0.29381838497119067,3,50,47,9.410714285714286,34.5,40.3421052631579,38.75675675675676
open_drawer,152,0,113,43.97345132743363,13.357216190940564,0.3037563754430034,4,76,72,11.214285714285714,44.1578947368421,41.3421052631579,46.486486486486484
open_drawer,153,1,113,39.176991150442475,12.717648589149245,0.324620350253866,11,68,57,10.383928571428571,45.6578947368421,32.94736842105263,38.91891891891892
open_drawer,154,0,113,37.13274336283186,11.573928914895655,0.3116906499959983,4,53,49,8.535714285714286,37.18421052631579,39.078947368421055,35.08108108108108
open_drawer,155,0,113,48.06194690265487,8.564469912501089,0.17819648317301107,4,61,57,8.017857142857142,47.60526315789474,48.94736842105263,47.62162162162162
open_drawer,156,0,113,33.309734513274336,7.086169560810767,0.21273569616674193,18,56,38,4.8125,34.89473684210526,33.23684210526316,31.756756756756758
open_drawer,157,1,113,28.672566371681416,12.679467394718769,0.4422159924701299,5,60,55,7.160714285714286,41.81578947368421,23.0,21.0
open_drawer,158,0,113,25.778761061946902,13.577528619774098,0.5266943817488751,4,45,41,12.491071428571429,22.289473684210527,26.157894736842106,28.972972972972972
open_drawer,159,0,113,40.75221238938053,13.154312845328214,0.3227876984847097,5,62,57,12.8125,37.421052631578945,42.26315789473684,42.62162162162162
open_drawer,160,0,113,31.345132743362832,11.926596968451056,0.38049278866035274,4,50,46,12.142857142857142,31.026315789473685,33.421052631578945,29.54054054054054
open_drawer,161,1,113,32.75221238938053,12.043821882932805,0.36772544522329287,5,66,61,9.75,41.55263157894737,29.44736842105263,27.10810810810811
open_drawer,162,0,113,44.88495575221239,16.781127311584275,0.3738697528014635,6,56,50,7.892857142857143,33.1578947368421,48.71052631578947,53.0
open_drawer,163,0,113,40.05309734513274,10.852870186794316,0.2709620705054701,4,57,53,10.642857142857142,41.5,40.76315789473684,37.83783783783784
open_drawer,164,0,113,33.309734513274336,7.086169560810767,0.21273569616674193,18,56,38,4.8125,34.89473684210526,33.23684210526316,31.756756756756758
open_drawer,165,0,113,34.26548672566372,8.5196469442773,0.24863639067751414,19,56,37,8.714285714285714,32.473684210526315,34.94736842105263,35.4054054054054
open_drawer,166,0,113,38.10619469026549,16.027279196419205,0.42059511128550164,5,60,55,14.651785714285714,42.89473684210526,40.026315789473685,31.216216216216218
open_drawer,167,0,113,34.150442477876105,15.015167104199845,0.4396770880473134,4,51,47,15.857142857142858,32.026315789473685,37.73684210526316,32.648648648648646
open_drawer,168,1,113,32.53982300884956,14.255590673676057,0.4380967490142492,4,55,51,13.571428571428571,39.60526315789474,34.10526315789474,23.675675675675677
open_drawer,169,1,113,30.309734513274336,12.324577679326971,0.40662110299677307,4,51,47,10.026785714285714,34.44736842105263,31.55263157894737,24.783783783783782
open_drawer,170,1,113,35.36283185840708,13.707476124914143,0.3876238243531777,3,54,51,8.107142857142858,42.60526315789474,41.94736842105263,21.16216216216216
open_drawer,171,1,113,38.02654867256637,15.271269906216574,0.4015949498260351,5,70,65,9.857142857142858,47.73684210526316,38.60526315789474,27.45945945945946
open_drawer,172,0,113,39.10619469026549,5.258558690546177,0.13446868794562525,3,46,43,2.4375,37.3421052631579,40.0,40.0
open_drawer,173,1,113,40.0,15.467350712164555,0.38668376780411384,5,79,74,11.455357142857142,48.63157894736842,36.36842105263158,34.86486486486486
open_drawer,174,1,113,30.309734513274336,12.324577679326971,0.40662110299677307,4,51,47,10.026785714285714,34.44736842105263,31.55263157894737,24.783783783783782
open_drawer,175,1,113,38.46017699115044,12.766823291634633,0.3319491559951021,5,66,61,8.928571428571429,44.81578947368421,41.39473684210526,28.91891891891892
open_drawer,176,0,113,37.85840707964602,11.123496025723485,0.29381838497119067,3,50,47,9.410714285714286,34.5,40.3421052631579,38.75675675675676
open_drawer,177,1,113,27.345132743362832,14.709439454077632,0.5379180123983083,3,56,53,10.482142857142858,42.71052631578947,18.026315789473685,21.135135135135137
open_drawer,178,1,113,32.75221238938053,12.043821882932805,0.36772544522329287,5,66,61,9.75,41.55263157894737,29.44736842105263,27.10810810810811
open_drawer,179,1,113,33.94690265486726,12.097568473574547,0.35636737161468296,4,56,52,8.223214285714286,43.28947368421053,32.28947368421053,26.054054054054053
open_drawer,180,1,113,43.04424778761062,11.909235934365027,0.27667427232385855,4,59,55,9.741071428571429,47.973684210526315,46.44736842105263,34.486486486486484
open_drawer,181,1,113,34.30088495575221,19.77612977686399,0.5765486751252917,4,67,63,16.955357142857142,42.28947368421053,36.0,24.35135135135135
open_drawer,182,0,113,21.778761061946902,13.724685152520948,0.6301866811194097,4,46,42,14.464285714285714,22.236842105263158,21.68421052631579,21.405405405405407
open_drawer,183,1,113,34.43362831858407,18.478342312634943,0.5366365153759313,4,70,66,16.4375,42.13157894736842,30.973684210526315,30.08108108108108
open_drawer,184,0,113,37.95575221238938,6.874847551688349,0.18112794901860188,5,52,47,2.4910714285714284,43.28947368421053,35.5,35.0
open_drawer,185,1,113,38.65486725663717,17.263071185402982,0.4465950192194453,6,80,74,13.767857142857142,45.23684210526316,34.1578947368421,36.513513513513516
open_drawer,186,1,113,38.70796460176991,17.150392248115892,0.4430714046724042,5,71,66,13.5,42.36842105263158,41.68421052631579,31.89189189189189
open_drawer,187,0,113,39.10619469026549,5.258558690546177,0.13446868794562525,3,46,43,2.4375,37.3421052631579,40.0,40.0
open_drawer,188,1,113,25.194690265486727,19.806970439757052,0.7861565365973118,5,71,66,15.678571428571429,38.23684210526316,19.18421052631579,17.972972972972972
open_drawer,189,0,113,38.823008849557525,10.30785428561022,0.26550889771460107,3,65,62,9.526785714285714,37.6578947368421,36.63157894736842,42.270270270270274
open_drawer,190,0,113,35.8141592920354,9.998715556949566,0.2791833105844579,3,49,46,4.410714285714286,29.526315789473685,39.0,39.0
open_drawer,191,1,113,30.876106194690266,15.441658826569,0.5001167805681562,5,66,61,11.598214285714286,37.81578947368421,31.18421052631579,23.43243243243243
open_drawer,192,1,113,33.10619469026549,12.401372199167021,0.3745937071654299,4,56,52,7.223214285714286,42.86842105263158,31.5,24.72972972972973
open_drawer,193,0,113,42.05309734513274,11.624539734319448,0.27642529250380843,20,64,44,9.723214285714286,45.68421052631579,42.21052631578947,38.16216216216216
open_drawer,194,0,113,29.265486725663717,13.77892304711509,0.4708250088672528,4,46,42,13.625,36.39473684210526,27.710526315789473,23.54054054054054
open_drawer,195,1,113,29.876106194690266,12.904779071777151,0.43194313836220916,5,55,50,7.1875,40.94736842105263,25.710526315789473,22.783783783783782
open_drawer,196,0,113,30.920353982300885,13.331804804441262,0.4311659825134123,3,53,50,12.375,32.421052631578945,31.763157894736842,28.513513513513512
open_drawer,197,1,113,30.876106194690266,15.441658826569,0.5001167805681562,5,66,61,11.598214285714286,37.81578947368421,31.18421052631579,23.43243243243243
open_drawer,198,1,113,33.10619469026549,12.401372199167021,0.3745937071654299,4,56,52,7.223214285714286,42.86842105263158,31.5,24.72972972972973
open_drawer,199,1,113,37.05309734513274,12.574620251810773,0.33936758740258355,5,69,64,10.6875,44.13157894736842,33.78947368421053,33.13513513513514
close_drawer,100,1,113,30.150442477876105,14.7769380466422,0.4901068386470704,4,59,55,10.455357142857142,17.55263157894737,30.973684210526315,42.24324324324324
close_drawer,101,0,113,31.38938053097345,16.006322660217236,0.5099279561896103,4,80,76,12.607142857142858,32.078947368421055,31.605263157894736,30.45945945945946
close_drawer,102,1,113,41.43362831858407,13.36014155653021,0.322446816721041,5,59,54,10.946428571428571,38.21052631578947,46.921052631578945,39.108108108108105
close_drawer,103,1,113,34.256637168141594,7.52550678746462,0.21968025496861326,14,53,39,5.491071428571429,29.605263157894736,38.05263157894737,35.13513513513514
close_drawer,104,1,113,40.584070796460175,19.799761178374137,0.4878702601736323,5,65,60,13.910714285714286,26.263157894736842,45.973684210526315,49.75675675675676
close_drawer,105,1,113,37.10619469026549,11.525549019889826,0.3106098352605653,4,52,48,9.107142857142858,31.07894736842105,42.026315789473685,38.24324324324324
close_drawer,106,1,113,28.265486725663717,11.692231517569402,0.4136575333391805,4,58,54,9.446428571428571,22.973684210526315,30.31578947368421,31.594594594594593
close_drawer,107,1,113,39.14159292035398,13.492618274637529,0.3447130601478727,4,67,63,11.982142857142858,39.3421052631579,34.44736842105263,43.75675675675676
close_drawer,108,0,113,27.831858407079647,16.683361779423752,0.5994339844435242,4,79,75,13.205357142857142,28.31578947368421,30.86842105263158,24.216216216216218
close_drawer,109,0,113,22.98230088495575,8.296477876087316,0.3609942241039148,4,50,46,6.330357142857143,23.157894736842106,22.210526315789473,23.594594594594593
close_drawer,110,1,113,38.415929203539825,9.308598806866705,0.2423109111209255,5,57,52,6.616071428571429,30.05263157894737,42.6578947368421,42.648648648648646
close_drawer,111,1,113,41.283185840707965,8.207992032967066,0.19882167196683354,15,56,41,3.875,36.81578947368421,42.78947368421053,44.32432432432432
close_drawer,112,1,113,21.98230088495575,10.05382179865079,0.4573598483283169,3,49,46,8.044642857142858,19.36842105263158,23.86842105263158,22.72972972972973
close_drawer,113,1,113,37.10619469026549,12.508660951275086,0.33710438528358805,3,53,50,10.732142857142858,34.1578947368421,37.89473684210526,39.32432432432432
close_drawer,114,1,113,36.92035398230089,14.000089502192004,0.37919705506895884,5,71,66,9.267857142857142,29.5,42.3421052631579,38.972972972972975
close_drawer,115,1,113,44.469026548672566,15.097365881984723,0.3395029541620445,4,77,73,11.678571428571429,35.60526315789474,47.578947368421055,50.37837837837838
close_drawer,116,0,113,32.902654867256636,15.214667237451172,0.4624145771468484,4,71,67,12.125,31.210526315789473,32.526315789473685,35.027027027027025
close_drawer,117,0,113,34.2212389380531,16.685924603718,0.48758972852860977,11,70,59,15.919642857142858,32.76315789473684,32.94736842105263,37.027027027027025
close_drawer,118,1,113,36.13274336283186,9.60964156761485,0.2659538322656081,14,57,43,9.696428571428571,34.8421052631579,35.89473684210526,37.7027027027027
close_drawer,119,0,113,38.123893805309734,9.111048183253791,0.23898524714662917,7,52,45,7.089285714285714,37.28947368421053,39.21052631578947,37.86486486486486
close_drawer,120,0,113,21.353982300884955,8.943203632978827,0.41880729818757045,4,47,43,7.482142857142857,23.842105263157894,21.63157894736842,18.513513513513512
close_drawer,121,0,113,28.15929203539823,9.639122322328097,0.34230698379103547,4,55,51,4.205357142857143,21.05263157894737,27.63157894736842,36.0
close_drawer,122,1,113,36.743362831858406,17.009512570761743,0.46292748566861197,6,71,65,11.276785714285714,31.736842105263158,29.57894736842105,49.24324324324324
close_drawer,123,0,113,44.11504424778761,12.559065556517705,0.28468894842256787,12,53,41,5.892857142857143,32.5,50.0,50.0
close_drawer,124,1,113,28.858407079646017,18.923631925458057,0.6557406953623921,5,58,53,17.848214285714285,28.763157894736842,23.289473684210527,34.67567567567568
close_drawer,125,0,113,32.02654867256637,15.297324757143228,0.47764512228714695,4,54,50,14.848214285714286,36.0,29.789473684210527,30.243243243243242
close_drawer,126,0,113,25.035398230088497,17.45382236379469,0.6971657571964651,6,71,65,15.794642857142858,23.94736842105263,27.55263157894737,23.56756756756757
close_drawer,127,0,113,33.70796460176991,13.571626711981377,0.4026237381081375,4,53,49,13.044642857142858,28.473684210526315,32.89473684210526,39.91891891891892
close_drawer,128,1,113,38.5929203539823,10.570988155635067,0.2739100347596337,12,63,51,6.803571428571429,28.473684210526315,43.81578947368421,43.62162162162162
close_drawer,129,1,113,21.98230088495575,10.05382179865079,0.4573598483283169,3,49,46,8.044642857142858,19.36842105263158,23.86842105263158,22.72972972972973
close_drawer,130,1,113,26.309734513274336,15.857819402827825,0.6027358198854841,4,56,52,11.883928571428571,29.763157894736842,27.894736842105264,21.135135135135137
close_drawer,131,1,113,34.08849557522124,12.561042120486473,0.36848332284916185,4,53,49,7.946428571428571,22.157894736842106,38.28947368421053,42.027027027027025
close_drawer,132,1,113,37.150442477876105,16.847688972022798,0.45349901234839834,4,65,61,13.794642857142858,32.28947368421053,39.63157894736842,39.5945945945946
close_drawer,133,0,113,18.63716814159292,13.830876031675897,0.7421125316141389,4,52,48,14.116071428571429,23.0,16.157894736842106,16.7027027027027
close_drawer,134,0,113,22.495575221238937,8.004560529528804,0.3558282218083222,4,37,33,6.008928571428571,22.710526315789473,18.736842105263158,26.135135135135137
close_drawer,135,1,113,30.309734513274336,14.441263179874596,0.4764562742557166,4,52,48,12.544642857142858,28.81578947368421,29.473684210526315,32.7027027027027
close_drawer,136,1,113,26.964601769911503,14.891899088757329,0.5522758769378333,4,53,49,14.258928571428571,23.68421052631579,25.736842105263158,31.594594594594593
close_drawer,137,1,113,39.32743362831859,19.812145411416626,0.503774174502718,5,70,65,18.205357142857142,30.36842105263158,40.63157894736842,47.189189189189186
close_drawer,138,0,113,26.300884955752213,15.986656468991923,0.6078372076029903,6,65,59,15.491071428571429,27.5,19.289473684210527,32.270270270270274
close_drawer,139,1,113,46.991150442477874,7.8407778817873925,0.16685647846364884,16,58,42,3.3839285714285716,40.0,50.63157894736842,50.432432432432435
close_drawer,140,1,113,38.63716814159292,12.659643878522825,0.32765454839053576,12,54,42,6.392857142857143,29.736842105263158,35.63157894736842,50.86486486486486
close_drawer,141,1,113,24.98230088495575,13.791739416109111,0.5520604158768436,6,60,54,12.857142857142858,22.710526315789473,21.710526315789473,30.675675675675677
close_drawer,142,1,113,33.283185840707965,13.114518757461118,0.3940283487352051,4,49,45,10.803571428571429,29.68421052631579,35.68421052631579,34.513513513513516
close_drawer,143,1,113,24.98230088495575,13.791739416109111,0.5520604158768436,6,60,54,12.857142857142858,22.710526315789473,21.710526315789473,30.675675675675677
close_drawer,144,1,113,21.98230088495575,10.05382179865079,0.4573598483283169,3,49,46,8.044642857142858,19.36842105263158,23.86842105263158,22.72972972972973
close_drawer,145,1,113,31.72566371681416,15.458335545388328,0.48725018594947866,4,54,50,13.267857142857142,27.07894736842105,32.89473684210526,35.2972972972973
close_drawer,146,1,113,33.89380530973451,18.378692372071207,0.542243404189046,5,63,58,15.517857142857142,25.18421052631579,36.81578947368421,39.83783783783784
close_drawer,147,0,113,22.495575221238937,8.004560529528804,0.3558282218083222,4,37,33,6.008928571428571,22.710526315789473,18.736842105263158,26.135135135135137
close_drawer,148,1,113,34.72566371681416,13.240623857458576,0.3812921753039804,5,70,65,11.973214285714286,29.42105263157895,34.86842105263158,40.027027027027025
close_drawer,149,1,113,33.283185840707965,13.114518757461118,0.3940283487352051,4,49,45,10.803571428571429,29.68421052631579,35.68421052631579,34.513513513513516
close_drawer,150,1,113,40.575221238938056,8.321850234336997,0.20509685419412882,15,62,47,5.651785714285714,35.6578947368421,44.526315789473685,41.567567567567565
close_drawer,151,1,113,30.309734513274336,14.441263179874596,0.4764562742557166,4,52,48,12.544642857142858,28.81578947368421,29.473684210526315,32.7027027027027
close_drawer,152,1,113,36.84070796460177,11.318843534911712,0.3072374055837193,5,53,48,8.303571428571429,26.57894736842105,43.86842105263158,40.16216216216216
close_drawer,153,1,113,46.991150442477874,7.8407778817873925,0.16685647846364884,16,58,42,3.3839285714285716,40.0,50.63157894736842,50.432432432432435
close_drawer,154,1,113,26.309734513274336,15.857819402827825,0.6027358198854841,4,56,52,11.883928571428571,29.763157894736842,27.894736842105264,21.135135135135137
close_drawer,155,1,113,38.469026548672566,12.416853232004309,0.3227753428149268,4,56,52,6.553571428571429,25.789473684210527,43.81578947368421,46.0
close_drawer,156,1,113,36.13274336283186,9.60964156761485,0.2659538322656081,14,57,43,9.696428571428571,34.8421052631579,35.89473684210526,37.7027027027027
close_drawer,157,1,113,41.43362831858407,13.36014155653021,0.322446816721041,5,59,54,10.946428571428571,38.21052631578947,46.921052631578945,39.108108108108105
close_drawer,158,0,113,18.72566371681416,15.18863559073535,0.8111133373124265,4,53,49,12.285714285714286,22.289473684210527,24.13157894736842,9.513513513513514
close_drawer,159,1,113,42.65486725663717,8.11070516396173,0.19014723724640573,14,56,42,6.357142857142857,38.78947368421053,45.078947368421055,44.13513513513514
close_drawer,160,1,113,26.194690265486727,11.52055370402948,0.4398049218092335,3,54,51,9.446428571428571,21.789473684210527,25.44736842105263,31.486486486486488
close_drawer,161,1,113,30.0,10.543630380135694,0.35145434600452313,5,55,50,6.241071428571429,25.18421052631579,35.1578947368421,29.64864864864865
close_drawer,162,1,113,24.300884955752213,19.80296078504478,0.8149069805936127,5,55,50,15.8125,22.763157894736842,26.0,24.135135135135137
close_drawer,163,1,113,29.486725663716815,15.34564308998139,0.5204254709387446,5,54,49,11.473214285714286,18.026315789473685,39.05263157894737,31.43243243243243
close_drawer,164,1,113,36.13274336283186,9.60964156761485,0.2659538322656081,14,57,43,9.696428571428571,34.8421052631579,35.89473684210526,37.7027027027027
close_drawer,165,0,113,31.345132743362832,10.32204438101378,0.329302940444539,10,57,47,8.553571428571429,27.05263157894737,31.026315789473685,36.08108108108108
close_drawer,166,0,113,32.902654867256636,15.214667237451172,0.4624145771468484,4,71,67,12.125,31.210526315789473,32.526315789473685,35.027027027027025
close_drawer,167,1,113,33.283185840707965,13.114518757461118,0.3940283487352051,4,49,45,10.803571428571429,29.68421052631579,35.68421052631579,34.513513513513516
close_drawer,168,1,113,20.743362831858406,15.191275302901005,0.7323439032541867,4,53,49,13.589285714285714,14.710526315789474,24.289473684210527,23.2972972972973
close_drawer,169,1,113,35.3716814159292,12.769013025015578,0.36099536448005015,3,60,57,11.705357142857142,30.63157894736842,35.421052631578945,40.189189189189186
close_drawer,170,1,113,27.01769911504425,10.769493378348045,0.39860882795719915,4,72,68,6.223214285714286,23.42105263157895,24.05263157894737,33.75675675675676
close_drawer,171,1,113,48.716814159292035,10.250377956812063,0.21040739493547014,20,68,48,4.857142857142857,42.10526315789474,51.76315789473684,52.37837837837838
close_drawer,172,1,113,37.95575221238938,8.60066819850209,0.22659722695983592,4,62,58,6.125,36.078947368421055,38.26315789473684,39.567567567567565
close_drawer,173,1,113,46.94690265486726,11.422567871461064,0.24330823175779456,5,66,61,7.714285714285714,38.973684210526315,49.21052631578947,52.810810810810814
close_drawer,174,1,113,35.3716814159292,12.769013025015578,0.36099536448005015,3,60,57,11.705357142857142,30.63157894736842,35.421052631578945,40.189189189189186
close_drawer,175,1,113,40.92920353982301,10.01301525949552,0.2446423187725392,22,53,31,4.142857142857143,31.289473684210527,46.31578947368421,45.2972972972973
close_drawer,176,1,113,30.309734513274336,14.441263179874596,0.4764562742557166,4,52,48,12.544642857142858,28.81578947368421,29.473684210526315,32.7027027027027
close_drawer,177,0,113,16.41592920353982,10.848698518016384,0.660864114574583,5,48,43,8.678571428571429,18.44736842105263,14.842105263157896,15.945945945945946
close_drawer,178,1,113,30.0,10.543630380135694,0.35145434600452313,5,55,50,6.241071428571429,25.18421052631579,35.1578947368421,29.64864864864865
close_drawer,179,1,113,40.19469026548673,13.588033782420696,0.3380554419668733,5,64,59,6.553571428571429,29.157894736842106,44.026315789473685,47.5945945945946
close_drawer,180,0,113,29.47787610619469,12.144482228008744,0.4119863379660727,4,72,68,9.1875,30.36842105263158,28.289473684210527,29.783783783783782
close_drawer,181,1,113,37.150442477876105,16.847688972022798,0.45349901234839834,4,65,61,13.794642857142858,32.28947368421053,39.63157894736842,39.5945945945946
close_drawer,182,0,113,16.150442477876105,10.568128105895594,0.6543553292965492,4,47,43,8.758928571428571,20.44736842105263,16.394736842105264,11.486486486486486
close_drawer,183,1,113,40.584070796460175,19.799761178374137,0.4878702601736323,5,65,60,13.910714285714286,26.263157894736842,45.973684210526315,49.75675675675676
close_drawer,184,1,113,28.17699115044248,11.88084655403939,0.4216506471753929,4,67,63,9.267857142857142,25.736842105263158,22.44736842105263,36.567567567567565
close_drawer,185,1,113,39.796460176991154,13.618804862275276,0.3422114630725164,7,68,61,10.982142857142858,29.157894736842106,47.68421052631579,42.62162162162162
close_drawer,186,1,113,32.78761061946903,20.50920420500803,0.6255168893835107,5,65,60,19.589285714285715,31.973684210526315,41.71052631578947,24.45945945945946
close_drawer,187,1,113,37.95575221238938,8.60066819850209,0.22659722695983592,4,62,58,6.125,36.078947368421055,38.26315789473684,39.567567567567565
close_drawer,188,0,113,21.654867256637168,14.36858046671267,0.6635266010374057,6,62,56,13.017857142857142,20.236842105263158,23.05263157894737,21.675675675675677
close_drawer,189,1,113,37.2212389380531,8.764100661901091,0.23545967065972975,14,51,37,6.133928571428571,33.0,39.5,39.21621621621622
close_drawer,190,1,113,18.513274336283185,12.331781405845375,0.666104827371189,3,58,55,9.080357142857142,20.842105263157894,20.973684210526315,13.594594594594595
close_drawer,191,1,113,35.32743362831859,12.254991742848144,0.3468973113581764,4,55,51,7.633928571428571,26.236842105263158,37.421052631578945,42.513513513513516
close_drawer,192,1,113,28.265486725663717,11.692231517569402,0.4136575333391805,4,58,54,9.446428571428571,22.973684210526315,30.31578947368421,31.594594594594593
close_drawer,193,1,113,38.29203539823009,15.521427618817174,0.4053434991741023,6,71,65,8.0625,23.81578947368421,41.31578947368421,50.054054054054056
close_drawer,194,1,113,37.10619469026549,12.508660951275086,0.33710438528358805,3,53,50,10.732142857142858,34.1578947368421,37.89473684210526,39.32432432432432
close_drawer,195,1,113,39.8141592920354,11.6227947171312,0.291926162043971,5,59,54,7.3125,31.973684210526315,43.026315789473685,44.567567567567565
close_drawer,196,0,113,21.353982300884955,8.943203632978827,0.41880729818757045,4,47,43,7.482142857142857,23.842105263157894,21.63157894736842,18.513513513513512
close_drawer,197,1,113,35.32743362831859,12.254991742848144,0.3468973113581764,4,55,51,7.633928571428571,26.236842105263158,37.421052631578945,42.513513513513516
close_drawer,198,1,113,28.265486725663717,11.692231517569402,0.4136575333391805,4,58,54,9.446428571428571,22.973684210526315,30.31578947368421,31.594594594594593
close_drawer,199,1,113,36.65486725663717,8.77523658910508,0.2394016742078402,6,58,52,6.401785714285714,30.473684210526315,39.578947368421055,40.0
pick_coke_can,100,0,80,20.975,8.3710438417201,0.39909624990322284,6,45,39,6.341772151898734,22.444444444444443,21.40740740740741,19.0
pick_coke_can,101,1,80,33.0375,15.733279815410391,0.47622489036429483,4,80,76,15.89873417721519,28.703703703703702,30.14814814814815,40.53846153846154
pick_coke_can,102,1,80,18.9125,12.899800143800679,0.6820779983503332,5,51,46,9.341772151898734,16.88888888888889,15.0,25.076923076923077
pick_coke_can,103,0,80,30.15,12.819028824368873,0.42517508538536897,6,75,69,14.164556962025317,32.333333333333336,26.814814814814813,31.346153846153847
pick_coke_can,104,0,80,26.675,18.78880983457973,0.7043602562166722,6,79,73,17.746835443037973,22.037037037037038,33.55555555555556,24.346153846153847
pick_coke_can,105,0,80,23.1,14.173566946961516,0.6135743267082907,4,68,64,13.594936708860759,23.333333333333332,22.77777777777778,23.192307692307693
pick_coke_can,106,0,80,26.2375,19.41600097213636,0.7400095653982414,6,80,74,16.82278481012658,29.14814814814815,20.40740740740741,29.26923076923077
pick_coke_can,107,0,80,30.725,23.373582844741623,0.760734999015187,5,71,66,22.49367088607595,21.37037037037037,36.81481481481482,34.11538461538461
pick_coke_can,108,0,80,22.2625,10.261266673759142,0.46092157995549204,6,58,52,8.151898734177216,31.14814814814815,17.666666666666668,17.807692307692307
pick_coke_can,109,1,80,41.65,19.29902847295687,0.46336202816222977,5,73,68,19.60759493670886,30.925925925925927,54.111111111111114,39.84615384615385
pick_coke_can,110,1,80,26.45,15.534558249271203,0.5873178922219737,6,75,69,14.291139240506329,18.62962962962963,31.88888888888889,28.923076923076923
pick_coke_can,111,0,80,19.0625,4.788903188622631,0.2512211508785642,8,26,18,3.3164556962025316,19.11111111111111,21.74074074074074,16.23076923076923
pick_coke_can,112,1,80,22.325,7.132276985647711,0.3194748929741416,12,41,29,5.658227848101266,19.85185185185185,21.88888888888889,25.346153846153847
pick_coke_can,113,0,80,26.0,6.218922736294446,0.23918933601132483,10,39,29,5.594936708860759,23.22222222222222,26.48148148148148,28.384615384615383
pick_coke_can,114,0,80,19.4,10.258654882585729,0.5287966434322541,4,56,52,8.367088607594937,22.962962962962962,17.37037037037037,17.807692307692307
pick_coke_can,115,1,80,19.85,11.909135149119772,0.5999564306861346,7,72,65,10.253164556962025,20.703703703703702,18.59259259259259,20.26923076923077
pick_coke_can,116,0,80,15.7,7.032780389006897,0.4479477954781463,6,38,32,6.253164556962025,19.185185185185187,14.666666666666666,13.153846153846153
pick_coke_can,117,0,80,36.7625,21.360152006715683,0.581030996442453,3,77,74,15.518987341772151,23.25925925925926,37.44444444444444,50.07692307692308
pick_coke_can,118,1,80,21.8125,4.51412713046498,0.20695138707002775,14,35,21,1.7848101265822784,16.85185185185185,23.185185185185187,25.53846153846154
pick_coke_can,119,0,80,19.65,4.806506007486103,0.24460590368886023,9,34,25,3.9873417721518987,18.40740740740741,18.37037037037037,22.26923076923077
pick_coke_can,120,0,80,19.5875,4.346532382255997,0.2219033762479131,13,29,16,4.063291139240507,18.555555555555557,19.666666666666668,20.576923076923077
pick_coke_can,121,1,80,42.875,18.28344538099972,0.4264360438717136,5,72,67,15.253164556962025,36.55555555555556,46.148148148148145,46.03846153846154
pick_coke_can,122,1,80,22.525,11.64793436622992,0.5171114036062118,2,52,50,13.329113924050633,24.0,18.48148148148148,25.192307692307693
pick_coke_can,123,0,80,21.5375,12.760234862650451,0.5924659251375717,6,77,71,12.278481012658228,23.77777777777778,15.851851851851851,25.115384615384617
pick_coke_can,124,1,80,24.1375,10.147344172245267,0.4203974799480173,9,70,61,9.531645569620252,25.666666666666668,22.77777777777778,23.96153846153846
pick_coke_can,125,0,80,24.475,16.76452728233039,0.6849653639358688,6,85,79,16.139240506329113,15.925925925925926,26.85185185185185,30.884615384615383
pick_coke_can,126,1,80,42.975,19.826103374087406,0.46134039264892157,5,70,65,16.860759493670887,31.22222222222222,55.44444444444444,42.23076923076923
pick_coke_can,127,0,80,14.9125,6.665571524633128,0.4469788113752307,11,52,41,4.924050632911392,15.148148148148149,14.703703703703704,14.884615384615385
pick_coke_can,128,0,80,20.1875,5.650428634183428,0.27989739364376115,5,39,34,4.974683544303797,20.77777777777778,19.74074074074074,20.03846153846154
pick_coke_can,129,1,80,22.6375,7.640752171743302,0.3375263245386329,8,37,29,8.50632911392405,21.074074074074073,25.0,21.807692307692307
pick_coke_can,130,0,80,37.1875,21.558115496258015,0.579714030151476,5,73,68,23.126582278481013,31.333333333333332,32.96296296296296,47.65384615384615
pick_coke_can,131,1,80,21.0,9.714679613862724,0.4626037911363202,6,57,51,8.949367088607595,20.925925925925927,23.37037037037037,18.615384615384617
pick_coke_can,132,1,80,35.05,17.24739110706312,0.49207963215586653,6,74,68,13.164556962025317,25.703703703703702,43.925925925925924,35.53846153846154
pick_coke_can,133,0,80,24.0,11.770726400694224,0.49044693336225936,6,72,66,10.582278481012658,22.296296296296298,19.814814814814813,30.115384615384617
pick_coke_can,134,0,80,25.725,13.64274074370689,0.5303300580644077,1,61,60,13.60759493670886,19.22222222222222,29.666666666666668,28.384615384615383
pick_coke_can,135,0,80,22.5,6.178592072632728,0.27460409211701015,12,30,18,5.886075949367089,23.11111111111111,22.333333333333332,22.03846153846154
pick_coke_can,136,0,80,42.125,20.285077643430405,0.4815448698737188,2,78,76,18.11392405063291,36.2962962962963,35.074074074074076,55.5
pick_coke_can,137,0,80,21.525,9.189634105882563,0.426928413745996,8,36,28,9.367088607594937,20.88888888888889,23.59259259259259,20.03846153846154
pick_coke_can,138,0,80,17.3875,13.197058147556977,0.7589968740507248,6,79,73,13.037974683544304,18.25925925925926,15.148148148148149,18.807692307692307
pick_coke_can,139,1,80,23.575,15.552150172886064,0.6596882363896528,5,68,63,17.620253164556964,21.85185185185185,23.11111111111111,25.846153846153847
pick_coke_can,140,1,80,17.1125,8.811914874191647,0.5149402410046251,6,75,69,5.556962025316456,18.51851851851852,15.407407407407407,17.423076923076923
pick_coke_can,141,0,80,25.5375,5.567638076419838,0.21801813319314098,12,33,21,5.7215189873417724,24.185185185185187,25.666666666666668,26.807692307692307
pick_coke_can,142,0,80,22.1375,11.591746794594851,0.5236249257863287,6,56,50,12.379746835443038,22.85185185185185,19.88888888888889,23.73076923076923
pick_coke_can,143,0,80,27.05,13.261692953767254,0.49026591326311475,6,66,60,13.531645569620252,24.814814814814813,28.74074074074074,27.615384615384617
pick_coke_can,144,0,80,13.5625,11.641352745707863,0.8583485895452803,5,44,39,8.531645569620252,22.814814814814813,10.444444444444445,7.1923076923076925
pick_coke_can,145,1,80,26.65,13.361418337886139,0.5013665417593298,5,61,56,12.924050632911392,28.962962962962962,26.333333333333332,24.576923076923077
pick_coke_can,146,1,80,18.35,10.056216982543683,0.5480227238443424,2,48,46,6.7594936708860756,14.25925925925926,20.037037037037038,20.846153846153847
pick_coke_can,147,1,80,25.5875,13.06588472894201,0.5106354559430194,5,65,60,9.60759493670886,29.37037037037037,28.185185185185187,18.96153846153846
pick_coke_can,148,1,80,25.8625,13.716544526592694,0.5303642156246571,4,63,59,14.075949367088608,19.037037037037038,29.25925925925926,29.423076923076923
pick_coke_can,149,0,80,20.6125,13.16006625173293,0.6384507581192446,5,81,76,11.772151898734178,24.703703703703702,19.0,18.03846153846154
pick_coke_can,150,0,80,25.225,7.679477521290104,0.3044391485149694,12,48,36,6.69620253164557,25.703703703703702,24.333333333333332,25.653846153846153
pick_coke_can,151,0,80,23.0125,7.741921192443127,0.3364224309589626,6,40,34,7.620253164556962,26.555555555555557,21.77777777777778,20.615384615384617
pick_coke_can,152,0,80,26.25,10.79177927869172,0.4111154010930179,6,58,52,10.962025316455696,26.22222222222222,27.25925925925926,25.23076923076923
pick_coke_can,153,1,80,21.425,7.451132464263402,0.3477774779119441,12,46,34,8.0,21.88888888888889,20.666666666666668,21.73076923076923
pick_coke_can,154,1,80,30.3125,14.890092133697495,0.4912195343075462,6,80,74,14.721518987341772,25.962962962962962,31.48148148148148,33.61538461538461
pick_coke_can,155,0,80,35.6375,15.486480999568624,0.4345557628781094,3,88,85,13.835443037974683,28.296296296296298,38.148148148148145,40.65384615384615
pick_coke_can,156,1,80,16.8,5.102450391723569,0.30371728522164104,6,30,24,4.3544303797468356,14.037037037037036,18.88888888888889,17.5
pick_coke_can,157,0,80,24.1875,7.426462398073527,0.30703720508831117,10,34,24,8.025316455696203,22.77777777777778,26.074074074074073,23.692307692307693
pick_coke_can,158,0,80,17.3125,12.306089701850869,0.7108210658108806,1,62,61,8.886075949367088,24.51851851851852,14.0,13.26923076923077
pick_coke_can,159,0,80,27.975,10.707444839923296,0.3827504857881428,12,41,29,8.848101265822784,27.925925925925927,28.74074074074074,27.23076923076923
pick_coke_can,160,0,80,23.1125,7.867645375205976,0.34040650622849006,7,39,32,5.379746835443038,29.59259259259259,20.22222222222222,19.384615384615383
pick_coke_can,161,0,80,24.1625,12.26625834352106,0.5076568378073899,7,80,73,9.89873417721519,24.296296296296298,28.59259259259259,19.423076923076923
pick_coke_can,162,1,80,18.7875,10.37990095087617,0.5524897379042538,4,55,51,11.354430379746836,18.48148148148148,17.962962962962962,19.96153846153846
pick_coke_can,163,0,80,19.9125,14.20492322224939,0.7133671423602957,4,71,67,12.455696202531646,27.48148148148148,20.11111111111111,11.846153846153847
pick_coke_can,164,0,80,23.25,15.692753104538413,0.6749571227758457,5,76,71,15.240506329113924,19.037037037037038,29.0,21.653846153846153
pick_coke_can,165,1,80,19.9375,7.316665480258067,0.36698008678410365,12,35,23,1.5569620253164558,27.40740740740741,16.037037037037038,16.23076923076923
pick_coke_can,166,0,80,23.1375,9.014909525336346,0.3896233182209118,6,40,34,7.3164556962025316,29.62962962962963,20.51851851851852,19.115384615384617
pick_coke_can,167,0,80,32.3375,6.2388776033834805,0.19293011529597157,12,41,29,5.430379746835443,29.666666666666668,32.96296296296296,34.46153846153846
pick_coke_can,168,0,80,31.95,22.158463394378227,0.6935356304969711,1,85,84,19.10126582278481,27.925925925925927,25.88888888888889,42.42307692307692
pick_coke_can,169,0,80,27.125,18.454250865315558,0.6803410457259191,3,81,78,16.227848101265824,19.14814814814815,24.59259259259259,38.03846153846154
pick_coke_can,170,0,80,14.775,7.7861656160140855,0.5269824444002765,2,45,43,6.050632911392405,16.296296296296298,12.962962962962964,15.076923076923077
pick_coke_can,171,0,80,26.0625,13.788893855201003,0.5290702678254582,5,58,53,12.936708860759493,23.037037037037038,26.11111111111111,29.153846153846153
pick_coke_can,172,0,80,37.0125,15.645681313065277,0.42271344310882203,4,65,61,12.924050632911392,27.14814814814815,43.48148148148148,40.53846153846154
pick_coke_can,173,1,80,31.375,17.548771324511584,0.5593233888290545,2,69,67,16.329113924050635,26.703703703703702,37.074074074074076,30.307692307692307
pick_coke_can,174,0,80,24.9125,16.918328633467315,0.679110030445251,6,78,72,15.518987341772151,18.296296296296298,29.25925925925926,27.26923076923077
pick_coke_can,175,0,80,22.7375,10.328048883985783,0.4542297475089954,5,68,63,9.60759493670886,22.814814814814813,23.74074074074074,21.615384615384617
pick_coke_can,176,1,80,25.75,15.980065706998829,0.6205850759999545,5,87,82,11.012658227848101,17.925925925925927,26.185185185185187,33.42307692307692
pick_coke_can,177,0,80,28.875,10.84017412221778,0.37541728561793175,7,50,43,9.08860759493671,31.48148148148148,27.48148148148148,27.615384615384617
pick_coke_can,178,0,80,37.1125,22.22723203077702,0.5989149755682592,4,74,70,16.27848101265823,19.25925925925926,47.74074074074074,44.61538461538461
pick_coke_can,179,0,80,23.2375,7.5020726302802485,0.3228433622498224,9,40,31,7.151898734177215,25.296296296296298,23.296296296296298,21.03846153846154
pick_coke_can,180,0,80,25.5875,12.915778867338974,0.5047690812833991,5,80,75,12.367088607594937,23.0,23.74074074074074,30.192307692307693
pick_coke_can,181,0,80,36.0875,21.35017198408481,0.5916223618728039,3,82,79,20.924050632911392,26.77777777777778,43.407407407407405,38.15384615384615
pick_coke_can,182,0,80,26.3,19.58787890507801,0.7447862701550574,5,71,66,17.860759493670887,22.62962962962963,24.703703703703702,31.76923076923077
pick_coke_can,183,1,80,27.15,19.38240181195303,0.7139006192247894,3,87,84,18.417721518987342,28.666666666666668,27.85185185185185,24.846153846153847
pick_coke_can,184,0,80,52.1875,15.575697215534205,0.2984564735910746,6,73,67,10.987341772151899,40.81481481481482,57.407407407407405,58.57692307692308
pick_coke_can,185,1,80,22.7875,6.512859874893671,0.2858084421236937,8,39,31,6.151898734177215,21.62962962962963,21.22222222222222,25.615384615384617
pick_coke_can,186,0,80,25.9,9.999499987499375,0.3860810805984315,6,50,44,10.886075949367088,28.814814814814813,27.88888888888889,20.807692307692307
pick_coke_can,187,0,80,27.4875,16.304902445277005,0.593175168541228,3,79,76,7.860759493670886,28.703703703703702,36.74074074074074,16.615384615384617
pick_coke_can,188,0,80,18.3375,2.534480962643042,0.1382130040977801,15,35,20,1.2531645569620253,19.48148148148148,17.666666666666668,17.846153846153847
pick_coke_can,189,0,80,22.5375,3.9049447819399448,0.17326432754031923,8,33,25,2.9746835443037973,22.074074074074073,23.59259259259259,21.923076923076923
pick_coke_can,190,1,80,25.95,16.577771261541763,0.6388351160517057,3,80,77,16.31645569620253,30.814814814814813,26.25925925925926,20.576923076923077
pick_coke_can,191,1,80,32.0125,9.247288453919884,0.28886492632315136,6,64,58,7.886075949367089,32.25925925925926,31.296296296296298,32.5
pick_coke_can,192,0,80,35.1625,16.886713527208304,0.48024780738594536,6,76,70,13.69620253164557,22.59259259259259,42.51851851851852,40.57692307692308
pick_coke_can,193,1,80,24.7,11.275415735129236,0.45649456417527273,6,79,73,9.291139240506329,29.51851851851852,22.37037037037037,22.115384615384617
pick_coke_can,194,0,80,26.2625,18.631789869736078,0.7094446404468759,3,81,78,19.632911392405063,27.814814814814813,22.37037037037037,28.692307692307693
pick_coke_can,195,0,80,27.325,13.481260141396278,0.4933672512862316,11,71,60,14.772151898734178,23.0,31.11111111111111,27.884615384615383
pick_coke_can,196,1,80,17.4625,7.344970643236092,0.42061392373578194,6,41,35,6.6835443037974684,19.74074074074074,18.48148148148148,14.038461538461538
pick_coke_can,197,0,80,25.3125,16.41081484113449,0.6483284875509921,5,79,74,14.278481012658228,28.444444444444443,26.185185185185187,21.153846153846153
pick_coke_can,198,0,80,18.9375,9.926408905037109,0.524166806866646,6,74,68,9.79746835443038,20.037037037037038,19.074074074074073,17.653846153846153
pick_coke_can,199,0,80,24.1375,5.330909279850859,0.220855899734888,14,40,26,5.30379746835443,25.14814814814815,23.037037037037038,24.23076923076923
move_near,100,1,80,33.3625,26.879008422000986,0.8056652955264441,10,97,87,19.27848101265823,39.370370370370374,35.55555555555556,24.846153846153847
move_near,101,0,80,52.7125,27.398993480600705,0.5197817117495984,17,105,88,25.27848101265823,52.333333333333336,50.888888888888886,55.0
move_near,102,0,80,57.5,21.063594185228695,0.3663233771344121,8,91,83,16.037974683544302,50.074074074074076,70.25925925925925,51.96153846153846
move_near,103,0,80,48.075,10.456786074124304,0.21750985073581494,16,69,53,10.417721518987342,44.333333333333336,50.03703703703704,49.92307692307692
move_near,104,0,80,44.575,20.72665855848453,0.4649839272795183,17,93,76,21.759493670886076,40.96296296296296,46.925925925925924,45.88461538461539
move_near,105,0,80,57.5,21.063594185228695,0.3663233771344121,8,91,83,16.037974683544302,50.074074074074076,70.25925925925925,51.96153846153846
move_near,106,1,80,37.575,12.810908437733836,0.34094234032558446,18,71,53,10.91139240506329,30.296296296296298,36.44444444444444,46.30769230769231
move_near,107,0,80,46.3125,22.291026081138572,0.4813177021568383,8,86,78,19.40506329113924,44.074074074074076,54.03703703703704,40.61538461538461
move_near,108,1,80,32.0625,23.249915994471895,0.7251435787749518,14,91,77,13.0,51.96296296296296,18.444444444444443,25.53846153846154
move_near,109,0,80,46.4625,25.09927476541902,0.5402049989866886,8,87,79,21.0,30.11111111111111,46.18518518518518,63.73076923076923
move_near,110,0,80,57.5,21.063594185228695,0.3663233771344121,8,91,83,16.037974683544302,50.074074074074076,70.25925925925925,51.96153846153846
move_near,111,0,80,29.525,19.080077961056656,0.6462346472838834,8,77,69,17.468354430379748,34.111111111111114,32.55555555555556,21.615384615384617
move_near,112,1,80,50.225,14.724957555117095,0.2931798418141781,22,92,70,13.240506329113924,41.48148148148148,54.48148148148148,54.88461538461539
move_near,113,0,80,47.2625,19.322748090010386,0.40883889108723376,12,100,88,20.82278481012658,45.7037037037037,51.148148148148145,44.84615384615385
move_near,114,1,80,31.425,10.861370769843004,0.3456283458979476,9,60,51,6.949367088607595,39.074074074074076,26.62962962962963,28.46153846153846
move_near,115,0,80,32.075,16.69863392616294,0.5206121255233964,11,76,65,18.632911392405063,33.44444444444444,28.59259259259259,34.26923076923077
move_near,116,1,80,61.0125,24.873928997044278,0.40768578565120717,4,105,101,20.72151898734177,49.74074074074074,70.11111111111111,63.26923076923077
move_near,117,1,80,37.575,12.810908437733836,0.34094234032558446,18,71,53,10.91139240506329,30.296296296296298,36.44444444444444,46.30769230769231
move_near,118,0,80,57.5,21.063594185228695,0.3663233771344121,8,91,83,16.037974683544302,50.074074074074076,70.25925925925925,51.96153846153846
move_near,119,1,80,54.7625,23.16152183579481,0.4229449319478623,8,91,83,15.20253164556962,37.44444444444444,58.51851851851852,68.84615384615384
move_near,120,1,80,32.2375,12.592898544417801,0.39062888078845454,10,73,63,12.835443037974683,40.111111111111114,28.925925925925927,27.5
move_near,121,1,80,54.7625,23.16152183579481,0.4229449319478623,8,91,83,15.20253164556962,37.44444444444444,58.51851851851852,68.84615384615384
move_near,122,1,80,17.85,10.098390960940263,0.5657361882879699,8,64,56,8.974683544303797,14.703703703703704,20.074074074074073,18.807692307692307
move_near,123,1,80,24.95,9.300403217065375,0.37276165198658817,7,51,44,8.0,20.814814814814813,26.666666666666668,27.46153846153846
move_near,124,1,80,22.1875,13.890728697588187,0.6260610117222845,6,68,62,13.594936708860759,26.814814814814813,17.25925925925926,22.5
move_near,125,1,80,30.075,18.261828358628275,0.607209587984315,8,74,66,10.89873417721519,38.03703703703704,21.51851851851852,30.692307692307693
move_near,126,1,80,42.3375,11.56281080663348,0.2731103822056919,18,72,54,13.113924050632912,40.74074074074074,43.148148148148145,43.15384615384615
move_near,127,1,80,50.55,22.57648112527725,0.4466168372952968,18,95,77,14.341772151898734,38.111111111111114,43.25925925925926,71.03846153846153
move_near,128,0,80,32.075,16.69863392616294,0.5206121255233964,11,76,65,18.632911392405063,33.44444444444444,28.59259259259259,34.26923076923077
move_near,129,0,80,52.7125,27.398993480600705,0.5197817117495984,17,105,88,25.27848101265823,52.333333333333336,50.888888888888886,55.0
move_near,130,1,80,43.075,23.974869655537233,0.5565843216607599,16,89,73,13.49367088607595,37.333333333333336,33.629629629629626,58.84615384615385
move_near,131,1,80,37.3125,20.626799163951734,0.5528120378948539,12,97,85,18.31645569620253,35.22222222222222,37.629629629629626,39.15384615384615
move_near,132,1,80,48.175,18.142336536400155,0.376592351559941,19,87,68,14.316455696202532,53.407407407407405,40.333333333333336,50.88461538461539
move_near,133,0,80,35.45,19.83362044610111,0.5594815358561667,14,89,75,11.949367088607595,48.81481481481482,32.407407407407405,24.73076923076923
move_near,134,1,80,32.0625,23.249915994471895,0.7251435787749518,14,91,77,13.0,51.96296296296296,18.444444444444443,25.53846153846154
move_near,135,1,80,52.975,22.306375209791483,0.4210736235920997,12,94,82,20.265822784810126,47.629629629629626,43.111111111111114,68.76923076923077
move_near,136,0,80,51.05,25.438111172019045,0.49829796615120564,22,100,78,20.924050632911392,49.96296296296296,50.77777777777778,52.46153846153846
move_near,137,0,80,47.0125,26.643241990230845,0.5667267639506693,14,105,91,13.772151898734178,27.48148148148148,41.03703703703704,73.5
move_near,138,1,80,29.475,9.474934036709701,0.32145662550329773,4,58,54,8.481012658227849,33.0,26.555555555555557,28.846153846153847
move_near,139,1,80,26.775,8.523460271509453,0.31833651807691704,13,48,35,5.417721518987341,32.370370370370374,26.703703703703702,21.03846153846154
move_near,140,1,80,45.9875,10.88978162085907,0.2367987305432796,23,79,56,9.037974683544304,46.629629629629626,50.0,41.15384615384615
move_near,141,0,80,52.8125,20.73649786608144,0.39264374657669,9,90,81,17.79746835443038,37.48148148148148,62.51851851851852,58.65384615384615
move_near,142,1,80,48.8875,13.901433154534823,0.2843555746261278,24,86,62,13.91139240506329,45.333333333333336,55.629629629629626,45.57692307692308
move_near,143,1,80,22.1875,13.890728697588187,0.6260610117222845,6,68,62,13.594936708860759,26.814814814814813,17.25925925925926,22.5
move_near,144,1,80,32.2375,12.592898544417801,0.39062888078845454,10,73,63,12.835443037974683,40.111111111111114,28.925925925925927,27.5
move_near,145,1,80,61.0125,24.873928997044278,0.40768578565120717,4,105,101,20.72151898734177,49.74074074074074,70.11111111111111,63.26923076923077
move_near,146,1,80,37.4625,20.471287056509173,0.5464474356091872,8,94,86,15.987341772151899,50.666666666666664,40.333333333333336,20.76923076923077
move_near,147,1,80,47.2125,12.427483403730621,0.26322443004989404,23,79,56,11.924050632911392,42.55555555555556,47.25925925925926,52.0
move_near,148,0,80,43.5875,10.808207240333616,0.24796575257433015,21,66,45,10.632911392405063,39.25925925925926,41.96296296296296,49.76923076923077
move_near,149,0,80,37.075,14.230051827031414,0.3838179858943065,9,65,56,13.987341772151899,33.2962962962963,39.44444444444444,38.53846153846154
move_near,150,1,80,50.225,14.724957555117095,0.2931798418141781,22,92,70,13.240506329113924,41.48148148148148,54.48148148148148,54.88461538461539
move_near,151,1,80,55.15,21.591144017860657,0.3914985316021878,9,92,83,16.810126582278482,45.51851851851852,54.18518518518518,66.15384615384616
move_near,152,1,80,31.625,24.977677534150367,0.7898079852695769,8,89,81,17.265822784810126,32.888888888888886,23.703703703703702,38.53846153846154
move_near,153,0,80,52.7125,27.398993480600705,0.5197817117495984,17,105,88,25.27848101265823,52.333333333333336,50.888888888888886,55.0
move_near,154,1,80,50.55,22.57648112527725,0.4466168372952968,18,95,77,14.341772151898734,38.111111111111114,43.25925925925926,71.03846153846153
move_near,155,1,80,31.9625,17.405059429660103,0.5445462473104452,4,76,72,14.265822784810126,41.18518518518518,24.51851851851852,30.115384615384617
move_near,156,1,80,44.25,10.796411440844592,0.24398669922812638,16,64,48,7.050632911392405,35.592592592592595,44.629629629629626,52.84615384615385
move_near,157,1,80,42.0875,9.318253256378043,0.22140191877346108,14,67,53,10.025316455696203,41.74074074074074,44.51851851851852,39.92307692307692
move_near,158,1,80,30.075,18.261828358628275,0.607209587984315,8,74,66,10.89873417721519,38.03703703703704,21.51851851851852,30.692307692307693
move_near,159,1,80,44.0125,14.733035795449627,0.33474662415108497,19,101,82,13.050632911392405,41.0,49.333333333333336,41.61538461538461
move_near,160,1,80,45.9875,10.88978162085907,0.2367987305432796,23,79,56,9.037974683544304,46.629629629629626,50.0,41.15384615384615
move_near,161,1,80,22.1875,13.890728697588187,0.6260610117222845,6,68,62,13.594936708860759,26.814814814814813,17.25925925925926,22.5
move_near,162,1,80,44.7625,24.253991295248706,0.5418372811002224,7,98,91,19.68354430379747,35.592592592592595,47.7037037037037,51.23076923076923
move_near,163,1,80,48.175,18.142336536400155,0.376592351559941,19,87,68,14.316455696202532,53.407407407407405,40.333333333333336,50.88461538461539
move_near,164,1,80,51.825,26.971640198549288,0.5204368586309558,9,110,101,25.455696202531644,43.22222222222222,46.666666666666664,66.11538461538461
move_near,165,0,80,57.5,21.063594185228695,0.3663233771344121,8,91,83,16.037974683544302,50.074074074074076,70.25925925925925,51.96153846153846
move_near,166,0,80,44.575,20.72665855848453,0.4649839272795183,17,93,76,21.759493670886076,40.96296296296296,46.925925925925924,45.88461538461539
move_near,167,0,80,36.7625,7.528684729087811,0.20479251218191935,14,49,35,6.1645569620253164,34.074074074074076,36.148148148148145,40.19230769230769
move_near,168,1,80,48.8875,13.901433154534823,0.2843555746261278,24,86,62,13.91139240506329,45.333333333333336,55.629629629629626,45.57692307692308
move_near,169,1,80,32.0625,23.249915994471895,0.7251435787749518,14,91,77,13.0,51.96296296296296,18.444444444444443,25.53846153846154
move_near,170,1,80,52.0125,19.66818099748932,0.3781433501079417,9,86,77,15.278481012658228,42.888888888888886,46.74074074074074,66.96153846153847
move_near,171,0,80,46.1875,19.887869261185323,0.4305898622178148,9,97,88,16.72151898734177,36.51851851851852,47.18518518518518,55.19230769230769
move_near,172,1,80,52.0125,19.66818099748932,0.3781433501079417,9,86,77,15.278481012658228,42.888888888888886,46.74074074074074,66.96153846153847
move_near,173,0,80,47.2625,19.322748090010386,0.40883889108723376,12,100,88,20.82278481012658,45.7037037037037,51.148148148148145,44.84615384615385
move_near,174,0,80,22.2875,8.593884089862977,0.3855921072288492,10,47,37,6.987341772151899,19.11111111111111,21.185185185185187,26.73076923076923
move_near,175,0,80,29.525,19.080077961056656,0.6462346472838834,8,77,69,17.468354430379748,34.111111111111114,32.55555555555556,21.615384615384617
move_near,176,0,80,57.5,21.063594185228695,0.3663233771344121,8,91,83,16.037974683544302,50.074074074074076,70.25925925925925,51.96153846153846
move_near,177,0,80,37.075,14.230051827031414,0.3838179858943065,9,65,56,13.987341772151899,33.2962962962963,39.44444444444444,38.53846153846154
move_near,178,0,80,52.8125,20.73649786608144,0.39264374657669,9,90,81,17.79746835443038,37.48148148148148,62.51851851851852,58.65384615384615
move_near,179,1,80,43.075,23.974869655537233,0.5565843216607599,16,89,73,13.49367088607595,37.333333333333336,33.629629629629626,58.84615384615385
move_near,180,0,80,37.075,14.230051827031414,0.3838179858943065,9,65,56,13.987341772151899,33.2962962962963,39.44444444444444,38.53846153846154
move_near,181,1,80,43.075,23.974869655537233,0.5565843216607599,16,89,73,13.49367088607595,37.333333333333336,33.629629629629626,58.84615384615385
move_near,182,1,80,49.6,24.113585382518295,0.4861609956152882,17,110,93,13.50632911392405,37.0,46.666666666666664,65.73076923076923
move_near,183,0,80,47.2625,19.322748090010386,0.40883889108723376,12,100,88,20.82278481012658,45.7037037037037,51.148148148148145,44.84615384615385
move_near,184,1,80,37.575,12.810908437733836,0.34094234032558446,18,71,53,10.91139240506329,30.296296296296298,36.44444444444444,46.30769230769231
move_near,185,0,80,57.5,21.063594185228695,0.3663233771344121,8,91,83,16.037974683544302,50.074074074074076,70.25925925925925,51.96153846153846
move_near,186,1,80,27.05,12.15925573380213,0.44951037832909907,9,78,69,9.531645569620252,20.185185185185187,31.814814814814813,29.23076923076923
move_near,187,0,80,37.325,11.303511622500327,0.30284023101139523,18,78,60,11.645569620253164,32.2962962962963,41.888888888888886,37.80769230769231
move_near,188,0,80,32.075,16.69863392616294,0.5206121255233964,11,76,65,18.632911392405063,33.44444444444444,28.59259259259259,34.26923076923077
move_near,189,0,80,23.725,20.04056823046692,0.8447025597667827,8,77,69,15.632911392405063,12.962962962962964,22.666666666666668,36.0
move_near,190,1,80,22.1875,13.890728697588187,0.6260610117222845,6,68,62,13.594936708860759,26.814814814814813,17.25925925925926,22.5
move_near,191,0,80,37.075,14.230051827031414,0.3838179858943065,9,65,56,13.987341772151899,33.2962962962963,39.44444444444444,38.53846153846154
move_near,192,1,80,51.3,26.21326000328841,0.5109797271596181,12,105,93,17.430379746835442,47.7037037037037,42.148148148148145,64.53846153846153
move_near,193,1,80,37.575,12.810908437733836,0.34094234032558446,18,71,53,10.91139240506329,30.296296296296298,36.44444444444444,46.30769230769231
move_near,194,1,80,48.175,18.142336536400155,0.376592351559941,19,87,68,14.316455696202532,53.407407407407405,40.333333333333336,50.88461538461539
move_near,195,1,80,50.55,22.57648112527725,0.4466168372952968,18,95,77,14.341772151898734,38.111111111111114,43.25925925925926,71.03846153846153
move_near,196,1,80,23.625,14.757519269850201,0.6246569003111196,9,72,63,9.341772151898734,31.11111111111111,17.814814814814813,21.884615384615383
move_near,197,0,80,36.65,11.544587476389099,0.3149955655222128,15,77,62,9.848101265822784,41.592592592592595,31.22222222222222,37.15384615384615
move_near,198,0,80,36.3375,11.147806678894284,0.30678518552168654,12,66,54,9.405063291139241,40.55555555555556,34.55555555555556,33.80769230769231
move_near,199,1,80,50.225,14.724957555117095,0.2931798418141781,22,92,70,13.240506329113924,41.48148148148148,54.48148148148148,54.88461538461539
