split,task,seed,layer,scale,mean_count,top_alignment,top_minus_random,synonym_residual_cosine,target_residual_cosine,semantic_separation,synonym_mask_jaccard,target_mask_jaccard,mask_jaccard_separation
exploration,move_near,1,9,0.75,17.666666666666668,0.10474408654994477,0.12297116064132106,0.934528649617962,0.7775490012597502,0.1569796483582119,0.8895330112721417,0.8298245614035089,0.059708449868632885
exploration,move_near,1,9,1.0,23.666666666666668,0.23630824066665268,0.2254134437166754,0.9776348741915052,0.7656986918074894,0.2119361823840159,0.9371345029239766,0.8664838274345915,0.07065067548938515
exploration,move_near,1,9,1.25,29.666666666666668,0.35617389639977565,0.31716687035693314,0.9644300123570878,0.9531352930572189,0.011294719299868916,0.9111111111111111,0.8712728906864399,0.03983822042467141
exploration,move_near,1,11,0.75,17.666666666666668,0.4001902100375938,0.41841728412897017,0.8664329003554793,0.7558064948456392,0.11062640550984011,0.8240740740740741,0.7141025641025641,0.10997150997150999
exploration,move_near,1,11,1.0,23.666666666666668,0.35221972926834355,0.34132493231836625,0.795248141915057,0.7383979246938153,0.05685021722124176,0.8584946236559139,0.7601981351981352,0.09829648845777876
exploration,move_near,1,11,1.25,29.666666666666668,0.46915246305174446,0.4301454370089019,0.7445479474624932,0.5326998335370386,0.21184811392545463,0.8866666666666667,0.8001991238550379,0.08646754281162883
exploration,move_near,1,14,0.75,17.666666666666668,0.15754306355552086,0.1757701376468971,0.8499576845793401,0.4432522619541423,0.40670542262519777,0.8796296296296297,0.6203367003367003,0.2592929292929293
exploration,move_near,1,14,1.0,23.666666666666668,0.3714179447339208,0.3605231477839436,0.9793564669375798,0.4829854195698224,0.49637104736775745,0.9232456140350878,0.7648484848484848,0.15839712918660287
exploration,move_near,1,14,1.25,29.666666666666668,0.38416678687541467,0.3451597608325722,0.9290512046041645,0.8278330482398957,0.10121815636426872,0.910909722971434,0.8241666666666667,0.08674305630476735
exploration,move_near,2,9,0.75,29.333333333333332,0.12089577625187237,0.005048572195195278,0.7765777753236542,0.7881688023420766,-0.011591027018422406,0.8265372620211329,0.8265372620211329,0.0
exploration,move_near,2,9,1.0,39.0,0.29465034794954853,0.1914372203492661,0.7811722211412059,0.7148532096311208,0.06631901151008505,0.8666666666666667,0.8156966490299823,0.050970017636684295
exploration,move_near,2,9,1.25,48.666666666666664,0.3034427157438115,0.24301517316950885,0.8468425113084078,0.7356743939766407,0.11116811733176717,0.8697329458973294,0.8690637945318972,0.000669151365432219
exploration,move_near,2,11,0.75,29.333333333333332,0.28904515351777654,0.17319794946109948,0.9847683757695225,0.8112546509110391,0.1735137248584834,0.9436781609195402,0.8265372620211329,0.11714089889840724
exploration,move_near,2,11,1.0,39.0,0.26664245036558903,0.1634293227653066,0.9202975553587849,0.7792818273809421,0.14101572797784281,0.9096816114359975,0.8491856542704,0.06049595716559734
exploration,move_near,2,11,1.25,48.666666666666664,0.2597583352346733,0.19933079266037065,0.9858342459138089,0.8805184377474143,0.10531580816639448,0.9462029267805413,0.8697329458973294,0.07646998088321195
exploration,move_near,2,14,0.75,29.333333333333332,0.20725559563333226,0.09140839157665515,0.9593391134544188,0.768042267592226,0.19129684586219267,0.9278051450465243,0.7939153439153439,0.13388980113118043
exploration,move_near,2,14,1.0,39.0,0.25376213014816046,0.15054900254787806,0.9557201253873947,0.8954287305261537,0.06029139486124102,0.9449103528050896,0.8236434108527132,0.12126694195237649
exploration,move_near,2,14,1.25,48.666666666666664,0.1894722922906464,0.12904474971634375,0.9580074839484188,0.8182841286844015,0.13972335526401738,0.9372044917257684,0.7871910371910372,0.15001345453473114
exploration,move_near,31,9,0.75,35.0,0.45294416433039925,0.14273101821670806,0.9745726430667871,0.8207332368921859,0.15383940617460132,0.9049645390070923,0.7985490561555469,0.10641548285154516
exploration,move_near,31,9,1.0,46.666666666666664,0.43099346974118813,0.1424582944399554,0.9078456057304268,0.9604766134075912,-0.05263100767716422,0.9246662078890889,0.846695869560408,0.07797033832868101
exploration,move_near,31,9,1.25,58.333333333333336,0.41184767247709636,0.13288524212912342,0.9398542453689455,0.950100081360045,-0.010245835991099553,0.9478482531114111,0.8672896538373546,0.08055859927405644
exploration,move_near,31,11,0.75,35.0,0.4034863653978416,0.09327321928415054,0.9590719411393214,0.8707577633253738,0.08831417781394757,0.8595813204508856,0.7403363661428178,0.11924495430806788
exploration,move_near,31,11,1.0,46.666666666666664,0.47130655870037125,0.18277138339913848,0.9482486385499977,0.8768315533678734,0.07141708518212424,0.8678755285898143,0.7429971988795518,0.12487832971026251
exploration,move_near,31,11,1.25,58.333333333333336,0.4497695377343485,0.17080710738637558,0.8859176806249036,0.8097025564337885,0.07621512419111509,0.9009290226681531,0.7960280886548169,0.10490093401333637
exploration,move_near,31,14,0.75,35.0,0.4390519224443418,0.12883877633065066,0.9694105202737937,0.8353113076000261,0.13409921267376765,0.8736772486772487,0.7459459459459459,0.12773130273130273
exploration,move_near,31,14,1.0,46.666666666666664,0.4262454413636787,0.137710266062446,0.9086156414208908,0.8236760807376996,0.08493956068319104,0.9140897932936367,0.8059901306060181,0.10809966268761866
exploration,move_near,31,14,1.25,58.333333333333336,0.43784682392881075,0.15888439358083772,0.9852355725146609,0.832964025670358,0.1522715468443028,0.9505466564963133,0.877187332259796,0.07335932423651721
exploration,move_near,73,9,0.75,38.333333333333336,0.4468458385409151,0.2096201872368368,0.8074671256174698,0.8544972017791101,-0.047030076161640344,0.8640993265993266,0.8470823095823096,0.017017017017017005
exploration,move_near,73,9,1.0,51.333333333333336,0.5305332153059618,0.3385450254566926,0.9171349428810408,0.9179536823164658,-0.0008187394354249496,0.9073359073359074,0.8880734942378777,0.019262413098029563
exploration,move_near,73,9,1.25,64.33333333333333,0.5250107854644867,0.33500509724249433,0.9912483592070647,0.956469332515093,0.0347790266919716,0.9364824717765895,0.9017471341937782,0.03473533758281122
exploration,move_near,73,11,0.75,38.333333333333336,0.49866719803173937,0.26144154672766107,0.99123325068162,0.7283642301673002,0.26286902051431976,0.9249213836477987,0.7928432191590087,0.1320781644887901
exploration,move_near,73,11,1.0,51.333333333333336,0.2986894373268652,0.10670124747759617,0.8494813277914023,0.6979804900422358,0.15150083774916653,0.8988855704883579,0.7843481252149983,0.11453744527335967
exploration,move_near,73,11,1.25,64.33333333333333,0.28592210898698434,0.09591642076499209,0.9787145781057807,0.6784727604171494,0.3002418176886312,0.9439711516790625,0.8271348022619928,0.11683634941706966
exploration,move_near,73,14,0.75,38.333333333333336,0.5177969480728704,0.2805712967687921,0.9465352947896709,0.7776962089461718,0.16883908584349913,0.9340388007054674,0.7295716769400981,0.20446712376536938
exploration,move_near,73,14,1.0,51.333333333333336,0.4099909059797145,0.21800271613044542,0.9933792372631977,0.853229373984952,0.14014986327824566,0.97629179331307,0.8376984126984127,0.13859338061465723
exploration,move_near,73,14,1.25,64.33333333333333,0.46724939791109404,0.2772437096891018,0.9893298687095139,0.9112277905338524,0.07810207817566162,0.9462169461717229,0.8368487131198995,0.10936823305182335
exploration,move_near,95,9,0.75,38.333333333333336,0.4468458385409151,0.2895673879846778,0.8074671256174698,0.8544972017791101,-0.047030076161640344,0.8640993265993266,0.8470823095823096,0.017017017017017005
exploration,move_near,95,9,1.0,51.333333333333336,0.5305332153059618,0.3655689062635661,0.9171349428810408,0.9179536823164658,-0.0008187394354249496,0.9073359073359074,0.8880734942378777,0.019262413098029563
exploration,move_near,95,9,1.25,64.33333333333333,0.5250107854644867,0.1901283492769171,0.9912483592070647,0.956469332515093,0.0347790266919716,0.9364824717765895,0.9017471341937782,0.03473533758281122
exploration,move_near,95,11,0.75,38.333333333333336,0.49866719803173937,0.341388747475502,0.99123325068162,0.7283642301673002,0.26286902051431976,0.9249213836477987,0.7928432191590087,0.1320781644887901
exploration,move_near,95,11,1.0,51.333333333333336,0.2986894373268652,0.13372512828446959,0.8494813277914023,0.6979804900422358,0.15150083774916653,0.8988855704883579,0.7843481252149983,0.11453744527335967
exploration,move_near,95,11,1.25,64.33333333333333,0.28592210898698434,-0.04896032720058511,0.9787145781057807,0.6784727604171494,0.3002418176886312,0.9439711516790625,0.8271348022619928,0.11683634941706966
exploration,move_near,95,14,0.75,38.333333333333336,0.5177969480728704,0.3605184975166331,0.9465352947896709,0.7776962089461718,0.16883908584349913,0.9340388007054674,0.7295716769400981,0.20446712376536938
exploration,move_near,95,14,1.0,51.333333333333336,0.4099909059797145,0.2450265969373188,0.9933792372631977,0.853229373984952,0.14014986327824566,0.97629179331307,0.8376984126984127,0.13859338061465723
exploration,move_near,95,14,1.25,64.33333333333333,0.46724939791109404,0.13236696172352458,0.9893298687095139,0.9112277905338524,0.07810207817566162,0.9462169461717229,0.8368487131198995,0.10936823305182335
exploration,move_near,98,9,0.75,42.0,0.27708362063568864,0.06614520212157131,0.9303863100094483,0.721728129890748,0.20865818011870033,0.9613526570048309,0.8389776200335207,0.12237503697131025
exploration,move_near,98,9,1.0,56.333333333333336,0.4223044949955372,0.16615953744798156,0.9521187940605859,0.9560241566398608,-0.003905362579274948,0.9708956996911381,0.9708956996911381,0.0
exploration,move_near,98,9,1.25,70.66666666666667,0.5444723129674504,0.3161481616823824,0.8589588728074166,0.8993100695672323,-0.04035119675981569,0.9253769876195506,0.9140800719748089,0.011296915644741742
exploration,move_near,98,11,0.75,42.0,0.469127376701491,0.2581889581873737,0.9404335108124376,0.7624598340789595,0.17797367673347828,0.8506441223832528,0.772346376270618,0.07829774611263483
exploration,move_near,98,11,1.0,56.333333333333336,0.5573787419631983,0.3012337844156426,0.9616430091083924,0.9188273609866274,0.042815648121764936,0.8624959270120561,0.8386926913242703,0.02380323568778579
exploration,move_near,98,11,1.25,70.66666666666667,0.5713913686217723,0.34306721733670426,0.9848444945355687,0.960362488961955,0.024482005573613613,0.8974358974358975,0.8588319088319087,0.038603988603988615
exploration,move_near,98,14,0.75,42.0,0.49487538320488866,0.2839369646907714,0.9827588091787476,0.792349720965087,0.19040908821366045,0.9075224292615597,0.7969943846083035,0.11052804465325627
exploration,move_near,98,14,1.0,56.333333333333336,0.4940166847657595,0.2378717272182039,0.9886492540037191,0.6590409287940197,0.32960832520969935,0.9100017067759003,0.7861333927510398,0.1238683140248605
exploration,move_near,98,14,1.25,70.66666666666667,0.49163433136322016,0.2633101800781522,0.9496912693204195,0.7446236680747441,0.20506760124567555,0.9499923722349352,0.8839249858344473,0.06606738640048786
exploration,move_near,99,9,0.75,19.666666666666668,0.1878868194468648,0.10506472877431171,0.9107552868268454,0.740400880112604,0.17035440671424132,0.8457049486461251,0.7111111111111111,0.13459383753501397
exploration,move_near,99,9,1.0,26.0,0.19899537604275627,0.10891869624786808,0.897621266164237,0.8133741659231761,0.08424710024106084,0.8940199335548172,0.6909237688847885,0.20309616467002897
exploration,move_near,99,9,1.25,32.333333333333336,0.27398168746856144,0.2283845825774368,0.8323855517393884,0.7136582355341483,0.11872731620524013,0.9128182090446243,0.7092946269416857,0.20352358210293842
exploration,move_near,99,11,0.75,19.666666666666668,0.19482169120686307,0.11199960053430995,0.9020525245159824,0.8406131074258415,0.061439417090140745,0.8849206349206349,0.6559006211180124,0.2290200138026225
exploration,move_near,99,11,1.0,26.0,0.2519678983793744,0.1618912185844862,0.8773847147250001,0.8037670671331103,0.07361764759188978,0.9333333333333332,0.7407592407592407,0.1925740925740926
exploration,move_near,99,11,1.25,32.333333333333336,0.21780913032433538,0.17221202543321068,0.9272528070030468,0.7711203858339565,0.15613242116909035,0.9683737646001797,0.6856641123882503,0.2827096522119294
exploration,move_near,99,14,0.75,19.666666666666668,0.17975582520015573,0.09693373452760264,0.836291981020166,0.769735012234801,0.06655696878536499,0.8849206349206349,0.6579124579124579,0.227008177008177
exploration,move_near,99,14,1.0,26.0,0.17785101707741138,0.0877743372825232,0.7477805640830262,0.7240850062827616,0.023695557800264482,0.8718524458700884,0.632967032967033,0.23888541290305523
exploration,move_near,99,14,1.25,32.333333333333336,0.211763769257316,0.16616666436619132,0.8711167077961517,0.7944222399094119,0.07669446788673973,0.889033189033189,0.6992026509267889,0.18983053810640016
exploration,open_drawer,11,9,0.75,33.666666666666664,0.2631711268510843,-0.009068954402990567,0.9699775437343497,0.8542182227191207,0.11575932101522916,0.8792800967937083,0.8113334953947545,0.06794660139895381
exploration,open_drawer,11,9,1.0,45.0,0.34325962074722866,0.1711842095747791,0.9511056343485712,0.912135718102594,0.0389699162459772,0.948641975308642,0.8825803825803825,0.06606159272825944
exploration,open_drawer,11,9,1.25,56.333333333333336,0.405085315560201,0.23227812920882948,0.9575082054451859,0.9162175717619059,0.0412906336832799,0.9394081063085271,0.9108617734143681,0.028546332894158977
exploration,open_drawer,11,11,0.75,33.666666666666664,0.2729543785580127,0.0007142973039378312,0.8983852362270319,0.8294733603561363,0.06891187587089553,0.9006265664160401,0.7647146978382225,0.13591186857781745
exploration,open_drawer,11,11,1.0,45.0,0.31760871037824806,0.14553329920579852,0.8701700782854455,0.847359676479904,0.02281040180554139,0.9000569196647629,0.8763182763182762,0.023738643346486493
exploration,open_drawer,11,11,1.25,56.333333333333336,0.4817329028455634,0.30892571649419187,0.957981112839896,0.7625112158101639,0.19546989702973214,0.9293478260869565,0.8637506284565108,0.06559719763044569
exploration,open_drawer,11,14,0.75,33.666666666666664,0.16941407839019096,-0.10282600286388384,0.908972408988541,0.8327694421302404,0.07620296685830048,0.9166666666666666,0.8385598141695704,0.07810685249709641
exploration,open_drawer,11,14,1.0,45.0,0.42025566794987435,0.2481802567774248,0.9136934842810002,0.8405457747195926,0.07314770956140759,0.9247186809450959,0.859783981266934,0.06493469967816212
exploration,open_drawer,11,14,1.25,56.333333333333336,0.37961399735813145,0.20680681100675993,0.9210677641345221,0.9354408713326244,-0.014373107198102327,0.9499845209039792,0.9193679634951537,0.030616557408825556
exploration,open_drawer,32,9,0.75,21.333333333333332,0.2503431967897616,0.20154549400963773,0.9352108133862113,0.8136065280419253,0.1216042853442858,0.8577777777777778,0.8087569971627943,0.04902078061498353
exploration,open_drawer,32,9,1.0,28.666666666666668,0.2689355054611173,0.1890424001661386,0.9462283131041161,0.8699019610986354,0.07632635200548084,0.8685465768799102,0.7913165266106442,0.07723005026926599
exploration,open_drawer,32,9,1.25,36.0,0.2848193865390798,0.22255491957659154,0.98622938774968,0.8229091947386865,0.16332019301099363,0.9595959595959597,0.8598756575801052,0.0997203020158544
exploration,open_drawer,32,11,0.75,21.333333333333332,0.3544874380997012,0.3056897353195773,0.837371270870976,0.7976628768362332,0.0397083940347428,0.7072678475577027,0.5856452726017943,0.1216225749559083
exploration,open_drawer,32,11,1.0,28.666666666666668,0.3454539730048721,0.26556086770989334,0.9292613180822976,0.8941030016220761,0.03515831646022146,0.7892105640584343,0.7105263157894738,0.07868424826896055
exploration,open_drawer,32,11,1.25,36.0,0.33578971914143807,0.2735252521789498,0.8912026964463161,0.8697837372397759,0.021418959206540245,0.8418918918918918,0.8264550264550264,0.015436865436865435
exploration,open_drawer,32,14,0.75,21.333333333333332,0.30593369282728394,0.2571359900471601,0.9039618139613642,0.841669515087139,0.062292298874225195,0.909903381642512,0.8040293040293042,0.105874077613208
exploration,open_drawer,32,14,1.0,28.666666666666668,0.2735818648022625,0.1936887595072838,0.9655330394944784,0.9674593712123362,-0.001926331717857684,0.8685465768799102,0.8293067226890756,0.03923985419083461
exploration,open_drawer,32,14,1.25,36.0,0.3341809817814807,0.2719165148189924,0.9636265589208942,0.920627614667934,0.042998944252960324,0.8990079365079365,0.8631964241720339,0.035811512335902594
exploration,open_drawer,56,9,0.75,28.0,0.16344425704278195,0.15481573025898684,0.8557612708167818,0.8221040339081976,0.03365723690858421,0.7719121836768895,0.7611111111111111,0.010801072565778483
exploration,open_drawer,56,9,1.0,37.0,0.3407131742371609,0.3212285711291059,0.9030173476813664,0.9281614902607193,-0.02514414257935275,0.8629942286157292,0.8496963562753036,0.013297872340425529
exploration,open_drawer,56,9,1.25,46.0,0.31977272662236134,0.26349608654469076,0.9988373146562354,0.8961211086977195,0.1027162059585159,0.978835978835979,0.8764205198987808,0.10241545893719806
exploration,open_drawer,56,11,0.75,28.0,0.29442350413212504,0.2857949773483299,0.8876742413576747,0.7642598719473161,0.12341436941035859,0.7397839109970047,0.6642754662840745,0.0755084447129301
exploration,open_drawer,56,11,1.0,37.0,0.2830927484964539,0.263608145388399,0.9220583993120464,0.8775259905968974,0.04453240871514896,0.8881224337439342,0.795424836601307,0.09269759714262715
exploration,open_drawer,56,11,1.25,46.0,0.37892380514444307,0.3226471650667725,0.921418737483409,0.8656802400785377,0.055738497404871246,0.8390948275862069,0.8061864061864062,0.03290842139980069
exploration,open_drawer,56,14,0.75,28.0,0.383886965144482,0.3752584383606869,0.753874766211721,0.8555098456133036,-0.10163507940158256,0.8740740740740741,0.8228690228690229,0.05120505120505118
exploration,open_drawer,56,14,1.0,37.0,0.4002717315665458,0.3807871284584908,0.9455490077413443,0.8760003627234965,0.0695486450178479,0.8951525054466231,0.8246963562753037,0.07045614917131941
exploration,open_drawer,56,14,1.25,46.0,0.3468761188326406,0.29059947875497,0.9765485967046831,0.919050254877453,0.057498341827230015,0.9255444427858222,0.8978764585960989,0.02766798418972331
exploration,open_drawer,93,9,0.75,28.333333333333332,0.27604110594437664,0.21693932218032744,0.9371394205745672,0.9253363648768277,0.01180305569773954,0.8163398692810456,0.8473317532141061,-0.030991883933060405
exploration,open_drawer,93,9,1.0,38.0,0.30816253869155935,0.21098387043228808,0.8901540979275117,0.8798365687022026,0.010317529225309078,0.8996184746800004,0.9181051786431151,-0.018486703963114692
exploration,open_drawer,93,9,1.25,47.666666666666664,0.2881204639648645,0.20332586578636758,0.9157287387963114,0.9488554990535011,-0.0331267602571896,0.909420508792072,0.9505494505494506,-0.041128941757378544
exploration,open_drawer,93,11,0.75,28.333333333333332,0.26329307335130864,0.20419128958725943,0.9191673938232912,0.8566965736903307,0.06247082013296035,0.7721538227694178,0.7115971747550695,0.06055664801434831
exploration,open_drawer,93,11,1.0,38.0,0.2823450032647257,0.18516633500545443,0.9406020128707807,0.9030444479597808,0.03755756491100004,0.9478114478114478,0.7728920409771473,0.1749194068343005
exploration,open_drawer,93,11,1.25,47.666666666666664,0.312014231731319,0.22721963355282201,0.9525869267844914,0.7839160694346639,0.16867085734982754,0.8992803855548953,0.8036961911201262,0.09558419443476918
exploration,open_drawer,93,14,0.75,28.333333333333332,0.3290252706998296,0.26992348693578044,0.9452915764663657,0.8316753756152488,0.11361620085111686,0.9210372960372961,0.8525861194440821,0.06845117659321391
exploration,open_drawer,93,14,1.0,38.0,0.30007742040917124,0.20289875214989994,0.9847816146051933,0.9356196393182143,0.04916197528697893,0.9386243386243386,0.8990851915380218,0.03953914708631686
exploration,open_drawer,93,14,1.25,47.666666666666664,0.30053674083171084,0.21574214265321387,0.9305791498828616,0.9624086098432992,-0.031829459960437546,0.8945054945054944,0.8732816890711628,0.02122380543433174
exploration,open_drawer,95,9,0.75,35.333333333333336,0.3787120371179944,0.3036338473738442,0.8513049056544114,0.7825862473038047,0.06871865835060693,0.9278752436647174,0.7366660799155079,0.19120916374920952
exploration,open_drawer,95,9,1.0,47.333333333333336,0.43875727763067235,0.3430343079962881,0.8925603643970953,0.8654970793126626,0.027063285084432676,0.8684967320261437,0.8045480000367219,0.06394873198942193
exploration,open_drawer,95,9,1.25,59.333333333333336,0.39478504200612624,0.27311408132730325,0.9366339273123919,0.9088353657243498,0.027798561588042243,0.8938172043010754,0.8643765508684864,0.02944065343258891
exploration,open_drawer,95,11,0.75,35.333333333333336,0.4378885003492073,0.3628103106050571,0.8884383325401979,0.8418083412963653,0.04662999124383264,0.8600503337345442,0.6409362107523756,0.21911412298216862
exploration,open_drawer,95,11,1.0,47.333333333333336,0.41899000105909073,0.3232670314247064,0.9755759966378778,0.9043957334119824,0.0711802632258954,0.9210457516339869,0.6783894944576625,0.24265625717632447
exploration,open_drawer,95,11,1.25,59.333333333333336,0.4006398477158127,0.27896888703698974,0.9834968502027217,0.7989654038733033,0.18453144632941829,0.9045533668253128,0.7396597955421486,0.16489357128316443
exploration,open_drawer,95,14,0.75,35.333333333333336,0.3584095652748545,0.28333137553070425,0.9095287799184829,0.8698009236065203,0.03972785631196255,0.8762446657183499,0.792512608302082,0.08373205741626792
exploration,open_drawer,95,14,1.0,47.333333333333336,0.3715244944223675,0.2758015247879832,0.91915733533647,0.9043228108187003,0.014834524517769898,0.9319727891156463,0.8045480000367219,0.1274247890789244
exploration,open_drawer,95,14,1.25,59.333333333333336,0.39696977130958055,0.2752988106307576,0.8994926774419589,0.8677741537473525,0.03171852369460645,0.9245381212594328,0.8195522774327122,0.10498584382672053
exploration,open_drawer,97,9,0.75,24.666666666666668,0.36356867049012864,0.32659638537241037,0.8816867810539245,0.8731169273065675,0.00856985374735697,0.9099206349206349,0.7359625668449198,0.17395806807571512
exploration,open_drawer,97,9,1.0,32.666666666666664,0.39052197846393527,0.37013636283757023,0.9599725849198776,0.8491712198958212,0.11080136502405642,0.9523809523809524,0.8644665650315367,0.08791438734941559
exploration,open_drawer,97,9,1.25,40.666666666666664,0.3459079375287921,0.34483933171128084,0.9419003755838831,0.9073947735009248,0.03450560208295824,0.922956645344705,0.8703284732696498,0.052628172075055324
exploration,open_drawer,97,11,0.75,24.666666666666668,0.4459382891761579,0.40896600405843975,0.9566772282869271,0.6745339791113829,0.2821432491755441,0.9099206349206349,0.6343434343434343,0.27557720057720053
exploration,open_drawer,97,11,1.0,32.666666666666664,0.3177333891853944,0.2973477735590293,0.9328313338775018,0.8678754197601793,0.06495591411732249,0.9021239650170468,0.7584415584415584,0.14368240657548836
exploration,open_drawer,97,11,1.25,40.666666666666664,0.3174890808180994,0.3164204750005882,0.974728293170077,0.9404493071208724,0.034278986049204575,0.9152427905720267,0.7895783229116562,0.1256644676603705
exploration,open_drawer,97,14,0.75,24.666666666666668,0.2783557940658605,0.24138350894814228,0.9501324292713832,0.808239861430148,0.1418925678412352,0.9068736141906873,0.7510606060606061,0.15581300813008128
exploration,open_drawer,97,14,1.0,32.666666666666664,0.28288261141188314,0.2624969957855181,0.8670408908271264,0.8932064667416638,-0.02616557591453746,0.873015873015873,0.8126788465771516,0.06033702643872133
exploration,open_drawer,97,14,1.25,40.666666666666664,0.2959062430501,0.29483763723258877,0.9688580525091965,0.8743195782692715,0.09453847423992497,0.9010034990427146,0.758006126427179,0.1429973726155357
exploration,open_drawer,99,9,0.75,28.0,0.2620042390234219,0.29456432417673145,0.9126789060492135,0.9421632676298617,-0.029484361580648155,0.902020202020202,0.9095238095238095,-0.007503607503607494
exploration,open_drawer,99,9,1.0,37.0,0.30233271394264966,0.2221485890781368,0.968218182591456,0.9289284542426084,0.03928972834884755,0.8778730703259005,0.8404040404040405,0.03746902992186011
exploration,open_drawer,99,9,1.25,46.0,0.2840392284333116,0.20894733032446178,0.9350896867689515,0.9060849070338514,0.02900477973510022,0.8926501418177334,0.846749226006192,0.04590091581154143
exploration,open_drawer,99,11,0.75,28.0,0.23615977179007708,0.26871985694338657,0.9494509025220387,0.9103852053278992,0.03906569719413955,0.8092592592592593,0.7938121047877145,0.01544715447154473
exploration,open_drawer,99,11,1.0,37.0,0.29218305616148327,0.21199893129697042,0.9520703998594939,0.9294038735183258,0.022666526341168353,0.8861244019138756,0.8344664853623421,0.051657916551533546
exploration,open_drawer,99,11,1.25,46.0,0.28849022009522385,0.21339832198637407,0.9229965858220531,0.9037566704600534,0.01923991536199972,0.899551066217733,0.8331652661064425,0.06638580011129036
exploration,open_drawer,99,14,0.75,28.0,0.3862096710910035,0.41876975624431306,0.9380988269978814,0.9508286104365435,-0.012729783438662193,0.8992458521870287,0.8254985754985755,0.07374727668845316
exploration,open_drawer,99,14,1.0,37.0,0.3273569727041851,0.24717284783967228,0.9663828590412837,0.9297118075652021,0.03667105147608148,0.9050089445438282,0.8902097902097902,0.014799154334038075
exploration,open_drawer,99,14,1.25,46.0,0.28792778149943477,0.21283588339058493,0.9715963508752395,0.9676788342654737,0.0039175166097658405,0.9144488361879666,0.8782300618121514,0.036218774375815256
exploration,pick_coke_can,0,9,0.75,14.333333333333334,0.39767338888574794,0.32196675450979356,0.781645751570661,0.42721439076598583,0.35443136080467513,0.7549019607843137,0.40952380952380957,0.34537815126050414
exploration,pick_coke_can,0,9,1.0,19.333333333333332,0.4579958476910977,0.3875777482275827,0.9120333860633889,0.43885125762733335,0.47318212843605556,0.8714285714285714,0.4160854045911517,0.4553431668374197
exploration,pick_coke_can,0,9,1.25,24.333333333333332,0.41228532440541193,0.390902191421842,0.7823973021577563,0.445636081439073,0.33676122071868325,0.8260073260073261,0.46296296296296297,0.3630443630443631
exploration,pick_coke_can,0,11,0.75,14.333333333333334,0.43620388445919134,0.3604972500832369,0.9599847056750809,0.7477193597395438,0.21226534593553703,0.8694444444444445,0.41750841750841755,0.451936026936027
exploration,pick_coke_can,0,11,1.0,19.333333333333332,0.4281709663140845,0.35775286685056956,0.9241647971679422,0.727589222439785,0.19657557472815734,0.9047619047619048,0.4536162687886826,0.45114563597322216
exploration,pick_coke_can,0,11,1.25,24.333333333333332,0.4331262096624365,0.4117430766788666,0.93942147670292,0.6771317520713572,0.2622897246315627,0.8736182336182337,0.5211795373085696,0.3524386963096641
exploration,pick_coke_can,0,14,0.75,14.333333333333334,0.4829923181955085,0.4072856838195542,0.9018574407860281,0.5593927878084258,0.34246465297760226,0.9138888888888889,0.44945250827603767,0.46443638061285125
exploration,pick_coke_can,0,14,1.0,19.333333333333332,0.3539275468060545,0.2835094473425395,0.866754648276037,0.49111436556662014,0.3756402827094169,0.8714285714285714,0.487673314339981,0.38375525708859043
exploration,pick_coke_can,0,14,1.25,24.333333333333332,0.42159277774471055,0.4002096447611407,0.7828358817666231,0.5543925613793647,0.22844332038725845,0.825261158594492,0.5545128706419029,0.27074828795258904
exploration,pick_coke_can,1,9,0.75,19.666666666666668,0.2567918372888002,0.21531955948646195,0.9253728873394653,0.9343916484158464,-0.009018761076381221,0.8136629452418926,0.7628680396643782,0.050794905577514315
exploration,pick_coke_can,1,9,1.0,26.666666666666668,0.20316673942663666,0.21736719594612672,0.8962464801886099,0.8726465555280615,0.023599924660548388,0.8845785440613027,0.8400835945663531,0.044494949494949476
exploration,pick_coke_can,1,9,1.25,33.666666666666664,0.1666921861958708,0.22142960058309605,0.8951717095273274,0.6759040842853844,0.21926762524194288,0.8994708994708995,0.8394431297657104,0.06002776970518905
exploration,pick_coke_can,1,11,0.75,19.666666666666668,0.32541477259579826,0.28394249479346007,0.9813249331065753,0.7137144330594327,0.26761050004714265,0.9074074074074074,0.6371184371184371,0.2702889702889703
exploration,pick_coke_can,1,11,1.0,26.666666666666668,0.3048950923569658,0.3190955488764559,0.9736113857456629,0.7964130473035073,0.17719833844215557,0.9155844155844156,0.6815476190476191,0.23403679653679654
exploration,pick_coke_can,1,11,1.25,33.666666666666664,0.24357358665769213,0.29831100104491737,0.8725890576028653,0.881067513727022,-0.008478456124156689,0.8513638123394222,0.7874043674317273,0.06395944490769485
exploration,pick_coke_can,1,14,0.75,19.666666666666668,0.4020429961823897,0.3605707183800515,0.9700974338793534,0.5480454599652735,0.42205197391407995,0.9339774557165862,0.5711819045152379,0.3627955512013483
exploration,pick_coke_can,1,14,1.0,26.666666666666668,0.3741036040119638,0.38830406053145383,0.9536940434084302,0.6830161690064734,0.27067787440195684,0.9269073220686123,0.7186365286855483,0.2082707933830641
exploration,pick_coke_can,1,14,1.25,33.666666666666664,0.3732857243213498,0.4280231387085751,0.9628702199292357,0.6958690390579302,0.26700118087130553,0.8711717224699128,0.7408762548081435,0.13029546766176947
exploration,pick_coke_can,30,9,0.75,22.0,0.2979031115486365,0.1698506853247724,0.9319959608618286,0.914818891136298,0.01717706972553068,0.7796690307328605,0.7934640522875817,-0.013795021554721195
exploration,pick_coke_can,30,9,1.0,29.333333333333332,0.3267891687286646,0.1852557816318301,0.9921813389544399,0.893869897475974,0.09831144147846593,0.9781420765027322,0.8380952380952381,0.14004683840749413
exploration,pick_coke_can,30,9,1.25,36.666666666666664,0.3464049789188756,0.1213512212290135,0.9745334710258904,0.9407029306765354,0.03383054034935492,0.9090261886600559,0.8911111111111111,0.017915077548944763
exploration,pick_coke_can,30,11,0.75,22.0,0.43422486210295164,0.30617243587908755,0.8946959031084698,0.7807645440965724,0.11393135901189733,0.8425925925925926,0.7690058479532164,0.07358674463937621
exploration,pick_coke_can,30,11,1.0,29.333333333333332,0.33383997686883515,0.19230658977200069,0.9519172117784805,0.8315489989944864,0.12036821278399408,0.88125,0.8222222222222223,0.05902777777777779
exploration,pick_coke_can,30,11,1.25,36.666666666666664,0.3046361074389767,0.07958234974911454,0.8293167596470176,0.8191183305618904,0.0101984290851271,0.8413675213675215,0.7688888888888888,0.07247863247863247
exploration,pick_coke_can,30,14,0.75,22.0,0.37789253407718304,0.24984010785331892,0.8566012481695636,0.6953221491612297,0.161279099008334,0.7870370370370371,0.6686868686868687,0.11835016835016836
exploration,pick_coke_can,30,14,1.0,29.333333333333332,0.40576470181109864,0.26423131471426414,0.8620292514895221,0.7629089462234052,0.09912030526611705,0.8354497354497354,0.7666666666666666,0.06878306878306882
exploration,pick_coke_can,30,14,1.25,36.666666666666664,0.4092452436335754,0.18419148594371335,0.9019526915607233,0.8160277351636269,0.0859249563970964,0.874025974025974,0.7827777777777779,0.09124819624819624
exploration,pick_coke_can,59,9,0.75,28.666666666666668,0.17035764446573917,-0.00037111846698131834,0.8949857239660771,0.9412406479752261,-0.046254924009148955,0.9257294429708223,0.8095598982298489,0.11616954474097334
exploration,pick_coke_can,59,9,1.0,38.333333333333336,0.17756426293084737,0.12047041009719217,0.9181370272539091,0.9450491054156465,-0.026912078161737425,0.8641663477484371,0.8159631019387117,0.04820324580972557
exploration,pick_coke_can,59,9,1.25,48.0,0.17346083745347574,0.1757711858404697,0.9263084020701254,0.8935942527577544,0.032714149312371044,0.9196934865900382,0.8549642079053843,0.06472927868465395
exploration,pick_coke_can,59,11,0.75,28.666666666666668,0.19611889569924337,0.025390132766522872,0.946206584158909,0.667150496660427,0.27905608749848193,0.8897387669801463,0.6200435729847494,0.2696951939953969
exploration,pick_coke_can,59,11,1.0,38.333333333333336,0.22465101803904242,0.1675571652053872,0.9133328810828739,0.823830556215782,0.0895023248670919,0.9150849150849151,0.6674005119582113,0.24768440312670384
exploration,pick_coke_can,59,11,1.25,48.0,0.12540423097200348,0.12771457935899747,0.9523435879573937,0.8468919387853782,0.10545164917201551,0.8805744520030233,0.742880658436214,0.1376937935668094
exploration,pick_coke_can,59,14,0.75,28.666666666666668,0.1626407212414744,-0.00808804169124606,0.9238299184433547,0.7731061884783378,0.15072372996501693,0.8813440527726243,0.7254901960784315,0.15585385669419283
exploration,pick_coke_can,59,14,1.0,38.333333333333336,0.21060351413072068,0.15350966129706548,0.8526505508332605,0.7570038034501628,0.09564674738309774,0.8457079152731325,0.7161809997630894,0.12952691551004333
exploration,pick_coke_can,59,14,1.25,48.0,0.11675504191822035,0.11906539030521433,0.9227614229751362,0.8761366581946648,0.04662476478047136,0.8675132275132276,0.7672358444968655,0.100277383016362
exploration,pick_coke_can,96,9,0.75,14.666666666666666,0.4114696925674937,0.37660445411839444,0.8659314431580203,0.6289872335746196,0.2369442095834006,0.9359267734553777,0.5765656565656566,0.359361116889721
exploration,pick_coke_can,96,9,1.0,19.666666666666668,0.4486610198737851,0.41115800162290755,0.9730598601536524,0.5460094360911559,0.42705042406249644,0.855873015873016,0.6950844854070661,0.16078853046594985
exploration,pick_coke_can,96,9,1.25,24.666666666666668,0.4014753423633099,0.39334408515980784,0.9928460039349652,0.8146369863639347,0.17820901757103055,0.9487179487179488,0.741427432216906,0.2072905165010428
exploration,pick_coke_can,96,11,0.75,14.666666666666666,0.5200021682004261,0.4851369297513268,0.9759358491717723,0.5030376755802036,0.4728981735915689,0.9444444444444445,0.4905094905094905,0.453934953934954
exploration,pick_coke_can,96,11,1.0,19.666666666666668,0.4933463941938938,0.45584337594301627,0.9697728198427785,0.5851366920406091,0.3846361278021695,0.9511111111111111,0.5820271682340648,0.3690839428770463
exploration,pick_coke_can,96,11,1.25,24.666666666666668,0.5061619184688904,0.49803066126538836,0.9051117770494597,0.6514914237374764,0.25362035331198324,0.8746438746438746,0.6177886576907384,0.2568552169531362
exploration,pick_coke_can,96,14,0.75,14.666666666666666,0.41699668474678836,0.382131446297689,0.8122397152284438,0.33225642116575554,0.47998329406268825,0.7158730158730159,0.331143951833607,0.3847290640394088
exploration,pick_coke_can,96,14,1.0,19.666666666666668,0.48631376671775167,0.44881074846687413,0.8427063694604149,0.2598556977011665,0.5828506717592484,0.9057071960297768,0.38552188552188554,0.5201853105078911
exploration,pick_coke_can,96,14,1.25,24.666666666666668,0.4260334107830432,0.41790215357954114,0.7696324469673873,0.42699653837839796,0.34263590858898946,0.7531475748194015,0.4777777777777777,0.2753697970416236
exploration,pick_coke_can,97,9,0.75,14.333333333333334,0.3686461172785523,0.29727743349012553,0.9913190852442835,0.7320600809572984,0.2592590042869851,0.9666666666666667,0.8138528138528138,0.15281385281385282
exploration,pick_coke_can,97,9,1.0,19.0,0.36662191674684524,0.16479184389067134,0.9043648591847981,0.7797338958137211,0.1246309633710771,0.9743589743589745,0.8032153032153032,0.17114367114367116
exploration,pick_coke_can,97,9,1.25,23.666666666666668,0.34138191152576836,0.17164496180835945,0.9907207882396251,0.902681676877863,0.08803911136176197,0.9185606060606061,0.8263888888888888,0.0921717171717172
exploration,pick_coke_can,97,11,0.75,14.333333333333334,0.2664314046278867,0.19506272083945994,0.8979565073032111,0.5175361965310407,0.38042031077217037,0.9315789473684211,0.572463768115942,0.359115179252479
exploration,pick_coke_can,97,11,1.0,19.0,0.2800645485104649,0.07823447565429097,0.9112610447024352,0.5022548742731217,0.40900617042931353,0.8736182336182337,0.6794745484400657,0.19414368517816796
exploration,pick_coke_can,97,11,1.25,23.666666666666668,0.29376227504826674,0.12402532533085779,0.937205125470832,0.6276733367469288,0.30953178872390313,0.9178885630498534,0.6549019607843137,0.26298660226553966
exploration,pick_coke_can,97,14,0.75,14.333333333333334,0.21379595834443296,0.1424272745560062,0.9644069018571001,0.5716812540138161,0.3927256478432842,0.9,0.5780952380952381,0.3219047619047619
exploration,pick_coke_can,97,14,1.0,19.0,0.17006037968720156,-0.0317696931689724,0.8379502206869934,0.6576668550661084,0.180283365620885,0.8252611585944919,0.5541666666666667,0.27109449192782525
exploration,pick_coke_can,97,14,1.25,23.666666666666668,0.20946168635213877,0.039724736634729814,0.8673424740830799,0.6642212969879263,0.2031211770951535,0.8215367965367966,0.6274351274351274,0.19410166910166915
validation,move_near,0,9,0.75,28.0,0.013729405709630457,0.014092582773761088,0.9791787732651301,0.9034434623872518,0.07573531087787828,0.9393939393939394,0.8536257717843396,0.08576816760959986
validation,move_near,0,9,1.0,37.0,0.0017146137601189067,-0.10327033411395246,0.9399031282679903,0.9086202843711731,0.031282843896817236,0.9301751363766867,0.837037037037037,0.09313809933964974
validation,move_near,0,9,1.25,46.0,0.03303418944891303,-0.05415806448603847,0.9846186545092341,0.8998699268409002,0.08474872766833404,0.9607843137254902,0.866146848602989,0.09463746512250122
validation,move_near,0,11,0.75,28.0,0.08670920528427957,0.08707238234841021,0.771143750969487,0.7112758615829283,0.059867889386558515,0.8430353959765725,0.7818265470439384,0.06120884893263412
validation,move_near,0,11,1.0,37.0,0.1093945230275785,0.00440957515350715,0.9816569121688415,0.907465694185377,0.07419121798346455,0.9601571268237935,0.8054324993240574,0.15472462749973623
validation,move_near,0,11,1.25,46.0,0.10918656342200898,0.021994309487057495,0.9664531503631134,0.8734895926829566,0.09296355768015678,0.90061115355233,0.838458554248028,0.06215259930430209
validation,move_near,0,14,0.75,28.0,-0.0342539766328979,-0.03389079956876726,0.9107110620689505,0.8948613272553994,0.015849734813551158,0.9036414565826331,0.7957049486461251,0.10793650793650796
validation,move_near,0,14,1.0,37.0,0.009704767984298776,-0.0952801798897726,0.8946183307907751,0.9144541550634555,-0.019835824272680307,0.8711018228259607,0.8404304482735855,0.03067137455237523
validation,move_near,0,14,1.25,46.0,0.04490016141693146,-0.042292092518020026,0.9365087619663387,0.9332468365351794,0.0032619254311593293,0.8943722943722943,0.8319262890341322,0.06244600533816221
validation,move_near,13,9,0.75,23.666666666666668,0.2675317905010161,0.11232981788143818,0.9204218188502274,0.9177162717511119,0.002705547099115598,0.8333333333333334,0.7735247208931421,0.05980861244019139
validation,move_near,13,9,1.0,31.666666666666668,0.2826784219571596,0.16811040798458884,0.9267138799239402,0.9477888978474659,-0.021075017923525768,0.8992592592592592,0.8377684407096172,0.06149081854964211
validation,move_near,13,9,1.25,39.666666666666664,0.3208977133100523,0.16327802310087455,0.8560584182421672,0.9171494149872688,-0.0610909967451014,0.8944444444444445,0.8207565284178188,0.07368791602662572
validation,move_near,13,11,0.75,23.666666666666668,0.2878505843730736,0.13264861175349563,0.8856210618943736,0.9504491687531016,-0.06482810685872804,0.8450142450142449,0.8326371484266222,0.012377096587622908
validation,move_near,13,11,1.0,31.666666666666668,0.31887745271104223,0.20430943873847152,0.929906192936743,0.9676586732904072,-0.03775248035366415,0.8933333333333334,0.8352550663871418,0.05807826694619148
validation,move_near,13,11,1.25,39.666666666666664,0.36716231784113335,0.20954262763195555,0.9066095717364867,0.8119556781282885,0.0946538936081982,0.9251821493624771,0.7726101634683724,0.1525719858941048
validation,move_near,13,14,0.75,23.666666666666668,0.2576831665105585,0.10248119389098061,0.9546478904704534,0.8599179904279627,0.09472990004249064,0.9153153153153153,0.7412085769980506,0.17410673831726467
validation,move_near,13,14,1.0,31.666666666666668,0.2841345336947427,0.16956651972217196,0.9814408236132284,0.8629472013809264,0.11849362223230193,0.8933333333333334,0.7276532990818705,0.16568003425146285
validation,move_near,13,14,1.25,39.666666666666664,0.32126824585957325,0.16364855565039554,0.9234758397840371,0.815976651574463,0.10749918820957409,0.9139784946236559,0.7493279569892474,0.1646505376344086
validation,move_near,89,9,0.75,28.333333333333332,0.2821112664076031,0.20169203204324784,0.9763246269420701,0.8544191671713951,0.12190545977067506,0.9301860974274767,0.85365203913591,0.07653405829156663
validation,move_near,89,9,1.0,38.333333333333336,0.29217854491161993,0.12345136764440941,0.9317573500482825,0.8999144747064829,0.03184287534179964,0.9269920734251147,0.851579656252745,0.07541241717236975
validation,move_near,89,9,1.25,48.333333333333336,0.26331979158527513,0.09389334853399911,0.9456850295678255,0.9301807761861091,0.015504253381716496,0.936941005910561,0.8731868708265247,0.06375413508403627
validation,move_near,89,11,0.75,28.333333333333332,0.3116881313889411,0.23126889702458583,0.842989113164817,0.7511066683750857,0.09188244478973129,0.7931578947368422,0.6787501787501787,0.11440771598666333
validation,move_near,89,11,1.0,38.333333333333336,0.31596134416022276,0.1472341668930122,0.7874545479892406,0.7350922417226485,0.05236230626659203,0.847251258226868,0.7795670995670996,0.0676841586597684
validation,move_near,89,11,1.25,48.333333333333336,0.2687544730693138,0.0993280300180378,0.9216458700498965,0.8568307480526228,0.06481512199727384,0.9282639885222381,0.8347455822865659,0.09351840623567227
validation,move_near,89,14,0.75,28.333333333333332,0.26214685599914256,0.18172762163478737,0.9723722532489577,0.780374268792762,0.19199798445619562,0.8907407407407407,0.7597465886939571,0.13099415204678364
validation,move_near,89,14,1.0,38.333333333333336,0.2513395961797594,0.0826124189125488,0.9793841368884552,0.8482965922553533,0.13108754463310177,0.947888252409529,0.7994614512471655,0.14842680116236348
validation,move_near,89,14,1.25,48.333333333333336,0.27645615515235605,0.10702971210108003,0.9389432526894487,0.846523237907793,0.09242001478165567,0.8788766788766789,0.7391551688220117,0.13972151005466713
validation,open_drawer,0,9,0.75,24.333333333333332,0.3187808026022112,0.277028623644575,0.9308689134214281,0.9650966418431041,-0.034227728421676096,0.851510496671787,0.8194302961705339,0.03208020050125315
validation,open_drawer,0,9,1.0,32.666666666666664,0.27072410679000813,0.2718033456199826,0.9578107245468269,0.8213060231014925,0.13650470144533453,0.9149206349206348,0.8384406920992286,0.07647994282140624
validation,open_drawer,0,9,1.25,41.0,0.3425152600756011,0.2113153847523309,0.963263982723617,0.934928540225282,0.028335442498334935,0.8787360787360786,0.8847058823529412,-0.0059698036168624275
validation,open_drawer,0,11,0.75,24.333333333333332,0.3857559220215487,0.3440037430639124,0.9905490245299613,0.8414477739601955,0.14910125056976578,0.9153439153439153,0.6599206349206349,0.2554232804232804
validation,open_drawer,0,11,1.0,32.666666666666664,0.37478109399611287,0.3758603328260874,0.9679586054889633,0.903440488692626,0.06451811679633719,0.9199260235845602,0.6897860593512767,0.2301399642332834
validation,open_drawer,0,11,1.25,41.0,0.3706806103281557,0.23948073500488543,0.9403284809459893,0.9107755085595941,0.02955297238639513,0.8965811965811966,0.7579992800118586,0.13858191656933797
validation,open_drawer,0,14,0.75,24.333333333333332,0.37310193242653034,0.3313497534688941,0.8991776793298274,0.8943135970028345,0.004864082326992869,0.8736772486772487,0.8324074074074074,0.04126984126984127
validation,open_drawer,0,14,1.0,32.666666666666664,0.34078203642185567,0.3418612752518302,0.935323076248855,0.8640215858450278,0.0713014904038272,0.9322179322179323,0.8721001221001221,0.060117810117810144
validation,open_drawer,0,14,1.25,41.0,0.34753734248802237,0.2163374671647522,0.9835099346362596,0.9540466412609022,0.02946329337535732,0.9373219373219372,0.8398449536969461,0.09747698362499124
validation,open_drawer,1,9,0.75,27.0,0.29305608931855537,0.06018275624172228,0.9636633561747222,0.9370055318229539,0.02665782435176837,0.9277777777777777,0.8452467883705205,0.08253098940725719
validation,open_drawer,1,9,1.0,36.0,0.310949721594748,0.13810871237496772,0.9679614813535387,0.9518056083310124,0.01615587302252634,0.929876775271512,0.8875487329434698,0.042328042328042326
validation,open_drawer,1,9,1.25,45.0,0.28832999209111443,0.08858252061213782,0.9669342233854376,0.9384772429932116,0.028456980392226067,0.9178197064989518,0.9197662201208301,-0.0019465136218782912
validation,open_drawer,1,11,0.75,27.0,0.294737925957144,0.06186459288031088,0.9508441649803386,0.9350920290780995,0.015752135902239155,0.8381226053639846,0.776096096096096,0.06202650926788855
validation,open_drawer,1,11,1.0,36.0,0.2883437493059848,0.11550274008620454,0.891280363873883,0.8706647797849376,0.02061558408894537,0.8431098617145129,0.742601111750048,0.10050874996446497
validation,open_drawer,1,11,1.25,45.0,0.36750094460015287,0.16775347312117628,0.9381560744277854,0.9207242583214414,0.017431816106343884,0.864763625414032,0.8051501302275296,0.05961349518650231
validation,open_drawer,1,14,0.75,27.0,0.335671586492307,0.10279825341547388,0.9448450709641868,0.8588860581451545,0.08595901281903229,0.8861111111111111,0.8325396825396826,0.05357142857142857
validation,open_drawer,1,14,1.0,36.0,0.3733909615401369,0.20054995232035663,0.9879429618463273,0.8861734391839073,0.10176952266242008,0.9259259259259259,0.8309409888357256,0.09498493709020028
validation,open_drawer,1,14,1.25,45.0,0.38291217297859176,0.1831647014996152,0.938826762144227,0.8936527321454891,0.04517402999873773,0.8931342907533383,0.8682733255903988,0.0248609651629396
validation,open_drawer,2,9,0.75,25.0,0.24391884483501744,0.04580062700108986,0.9774570807962834,0.963390510513284,0.014066570282999439,0.9568094740508534,0.8774509803921569,0.07935849365869652
validation,open_drawer,2,9,1.0,33.0,0.1954302961770655,0.0036761456420412084,0.897006893308772,0.9767201686753371,-0.07971327536656507,0.9090909090909092,0.9037629037629037,0.005328005328005332
validation,open_drawer,2,9,1.25,41.0,0.1255558021184908,-0.04449040137689401,0.9814281746931789,0.9727014604585591,0.008726714234619829,0.9743589743589745,0.9104983067247218,0.06386066763425254
validation,open_drawer,2,11,0.75,25.0,0.15036637935916689,-0.047751838474760666,0.8376549394819147,0.6362763581298606,0.2013785813520541,0.7758102930516723,0.5803418803418804,0.19546841270979198
validation,open_drawer,2,11,1.0,33.0,0.08986938892970897,-0.1018847616053153,0.965269418329736,0.8890349989890293,0.07623441934070678,0.8324989518853734,0.7378946185821817,0.09460433330319151
validation,open_drawer,2,11,1.25,41.0,0.18641007603061124,0.016363872535226448,0.937476501599224,0.8019408490426495,0.13553565255657454,0.8847053342650826,0.7715555968646405,0.11314973740044225
validation,open_drawer,2,14,0.75,25.0,0.15441885037346167,-0.04369936746046588,0.9706547875066289,0.90553269700988,0.06512209049674882,0.8961291413116971,0.76661220043573,0.1295169408759672
validation,open_drawer,2,14,1.0,33.0,0.14336311548042147,-0.048391035054602814,0.984929542873375,0.8541487373613849,0.1307808055119901,0.9238095238095237,0.8299088445429909,0.0939006792665329
validation,open_drawer,2,14,1.25,41.0,0.16786348548013094,-0.00218271801525384,0.9907156054021183,0.967735261757182,0.022980343644936136,0.9466050571171865,0.8734373210563687,0.07316773606081783
validation,pick_coke_can,3,9,0.75,29.666666666666668,0.3192979132286764,0.22706359195817435,0.9019077474968249,0.7636830698316031,0.13822467766522184,0.8666579600365677,0.7810708898944193,0.0855870701421485
validation,pick_coke_can,3,9,1.0,39.333333333333336,0.25813049727000864,0.1587108219627422,0.901443133426786,0.8333048446240022,0.06813828880278368,0.887099567099567,0.811372348581651,0.0757272185179162
validation,pick_coke_can,3,9,1.25,49.0,0.23710563572046073,0.225738432321309,0.9948781087821161,0.8280692547891763,0.16680885399293985,0.9646515816728582,0.8701668701668702,0.0944847115059881
validation,pick_coke_can,3,11,0.75,29.666666666666668,0.2140174321577939,0.12178311088729181,0.969383748050408,0.8660716468667141,0.10331210118369379,0.8947008547008547,0.7811965811965812,0.11350427350427354
validation,pick_coke_can,3,11,1.0,39.333333333333336,0.20069288155995432,0.10127320625268788,0.9279295959221385,0.8403805572039716,0.08754903871816688,0.884640522875817,0.7819964349376113,0.10264408793820556
validation,pick_coke_can,3,11,1.25,49.0,0.19765727718032253,0.1862900737811708,0.922727300093034,0.9036060194283783,0.019121280664655793,0.8789910175956687,0.8600808913308914,0.018910126264777394
validation,pick_coke_can,3,14,0.75,29.666666666666668,0.31608158029512196,0.2238472590246198,0.9508976167200077,0.8652547597435231,0.0856428569764847,0.8542735042735043,0.8547793726741095,-0.0005058684006052546
validation,pick_coke_can,3,14,1.0,39.333333333333336,0.27647521833529454,0.1770555430280281,0.7921254741702191,0.8674087465600567,-0.07528327238983772,0.8017636684303352,0.8162621692033456,-0.01449850077301055
validation,pick_coke_can,3,14,1.25,49.0,0.20419260790174495,0.19282540450259322,0.6117954768972212,0.9037191744579487,-0.2919236975607274,0.87164640453677,0.874525501768944,-0.002879097232174018
validation,pick_coke_can,5,9,0.75,7.333333333333333,0.471701242728138,0.4253821509990125,0.8769863481828851,0.7810888752764665,0.09589747290641841,0.7449494949494949,0.7261904761904763,0.01875901875901877
validation,pick_coke_can,5,9,1.0,9.666666666666666,0.5250373492250725,0.3719250537026448,0.9165589853564863,0.876075803808687,0.04048318154779925,0.8690476190476191,0.7611111111111111,0.10793650793650793
validation,pick_coke_can,5,9,1.25,12.0,0.48696877251382853,0.36209804336170487,0.9565317161928614,0.9035202624838278,0.05301145370903352,0.9052287581699346,0.772514619883041,0.13271413828689368
validation,pick_coke_can,5,11,0.75,7.333333333333333,0.4667298021756654,0.4204107104465398,0.9898221986737781,0.8037939182677988,0.1860282804059793,0.9166666666666666,0.6944444444444443,0.22222222222222224
validation,pick_coke_can,5,11,1.0,9.666666666666666,0.5055830886366205,0.3524707931141929,0.8468319594998036,0.7538142337445212,0.0930177257552826,0.7954545454545454,0.6648148148148149,0.13063973063973064
validation,pick_coke_can,5,11,1.25,12.0,0.602107117442054,0.47723638828993026,0.9478565710519362,0.8250735389631713,0.12278303208876495,0.7840166369578134,0.5944055944055945,0.18961104255221906
validation,pick_coke_can,5,14,0.75,7.333333333333333,0.4086741350721803,0.36235504334305485,0.9056175679212942,0.8135261350723221,0.09209143284897209,0.7449494949494949,0.75,-0.005050505050505046
validation,pick_coke_can,5,14,1.0,9.666666666666666,0.44444910933548304,0.29133681381305543,0.8091637540169442,0.7802044898441635,0.028959264172780608,0.8023809523809523,0.7894736842105262,0.01290726817042607
validation,pick_coke_can,5,14,1.25,12.0,0.38404158297122754,0.2591708538191037,0.8245216646000921,0.8038987447664899,0.02062291983360215,0.8703703703703703,0.7626262626262627,0.10774410774410775
validation,pick_coke_can,95,9,0.75,27.333333333333332,0.47223989873786043,0.3528111454371505,0.972309215812443,0.37280328275748514,0.5995059330549579,0.8902200297549134,0.6203703703703703,0.26984965938454314
validation,pick_coke_can,95,9,1.0,36.333333333333336,0.4719057133751523,0.32792133779470206,0.9882210618671833,0.48920984815674656,0.4990112137104368,0.8903441191576785,0.6796547081650433,0.21068941099263538
validation,pick_coke_can,95,9,1.25,45.333333333333336,0.508358190054483,0.29345524104632953,0.9449591706609048,0.45461396384220426,0.4903452068187006,0.8667049011876596,0.739269406392694,0.12743549479496571
validation,pick_coke_can,95,11,0.75,27.333333333333332,0.49754503766085173,0.3781162843601417,0.9701295801614971,0.42038783159485266,0.5497417485666443,0.8612794612794613,0.5035897435897435,0.35768971768971775
validation,pick_coke_can,95,11,1.0,36.333333333333336,0.5007269137128632,0.3567425381324129,0.9694840042300381,0.4557536148306544,0.5137303893993836,0.8729271727772477,0.625,0.24792717277724774
validation,pick_coke_can,95,11,1.25,45.333333333333336,0.5230890901523163,0.3081861411441628,0.9135174663955669,0.5729340141569833,0.34058345223858355,0.8715627095908786,0.6766488413547238,0.1949138682361549
validation,pick_coke_can,95,14,0.75,27.333333333333332,0.38337991351448464,0.26395116021377457,0.6010816854932632,0.6055329329308505,-0.0044512474375873285,0.8384800384800385,0.6930846930846931,0.1453953453953454
validation,pick_coke_can,95,14,1.0,36.333333333333336,0.40327008456353347,0.2592857089830832,0.9745284692430204,0.594625410702752,0.37990305854026846,0.9335332333833083,0.6873501751797898,0.24618305820351852
validation,pick_coke_can,95,14,1.25,45.333333333333336,0.542524505566237,0.3276215565580834,0.897590575778795,0.5671294591700748,0.3304611166087202,0.909199476322764,0.6990192820565255,0.2101801942662385
validation,pick_coke_can,99,9,0.75,14.0,0.165059877226271,0.17841481116687666,0.7728767830002115,0.7928158626652025,-0.01993907966499116,0.7348272642390289,0.7348272642390289,0.0
validation,pick_coke_can,99,9,1.0,18.666666666666668,0.16818405673042006,0.2647888308383045,0.8653531693256311,0.8454038673189851,0.01994930200664602,0.7038407329105003,0.7523255813953488,-0.048484848484848485
validation,pick_coke_can,99,9,1.25,23.333333333333332,0.1361175160507119,0.03487125807950486,0.8064743912620713,0.7848899947875059,0.02158439647456541,0.7306397306397305,0.6764568764568764,0.05418285418285418
validation,pick_coke_can,99,11,0.75,14.0,0.3460375764494634,0.35939251039006903,0.8079982647637017,0.7745954601955094,0.03340280456819237,0.7532467532467533,0.6216931216931217,0.13155363155363156
validation,pick_coke_can,99,11,1.0,18.666666666666668,0.25706457314052944,0.35366934724841387,0.9765308870732841,0.780068458646483,0.19646242842680106,0.9100529100529101,0.7053140096618358,0.20473890039107426
validation,pick_coke_can,99,11,1.25,23.333333333333332,0.2801188681434457,0.17887261017223866,0.8908805709277824,0.9248540676772921,-0.033973496749509634,0.8475700400228702,0.7081529581529581,0.1394170818699121
validation,pick_coke_can,99,14,0.75,14.0,0.33933982400139423,0.3526947579419999,0.9579317598876053,0.47730043382256976,0.48063132606503567,0.8839285714285715,0.7189542483660131,0.16497432306255838
validation,pick_coke_can,99,14,1.0,18.666666666666668,0.31086200530135055,0.40746677940923504,0.9885895676615379,0.8753701135421469,0.11321945411939116,0.8712121212121212,0.6623847167325428,0.20882740447957837
validation,pick_coke_can,99,14,1.25,23.333333333333332,0.37626327327245224,0.2750170153012452,0.9306323844247583,0.7407289032438839,0.18990348118087452,0.8356902356902358,0.5833333333333334,0.2523569023569024
