id,layer,mode,k,replacements
open_drawer__000__step_011,11,raw,64,0
open_drawer__000__step_011,11,raw,109,0
open_drawer__000__step_011,11,raw,154,0
open_drawer__000__step_011,11,corners,64,1
open_drawer__000__step_011,11,corners,109,2
open_drawer__000__step_011,11,corners,154,3
open_drawer__000__step_011,11,gaussian,64,13
open_drawer__000__step_011,11,gaussian,109,16
open_drawer__000__step_011,11,gaussian,154,19
open_drawer__000__step_011,11,both,64,14
open_drawer__000__step_011,11,both,109,18
open_drawer__000__step_011,11,both,154,20
open_drawer__000__step_011,7,raw,64,0
open_drawer__000__step_011,7,raw,109,0
open_drawer__000__step_011,7,raw,154,0
open_drawer__000__step_011,7,corners,64,2
open_drawer__000__step_011,7,corners,109,4
open_drawer__000__step_011,7,corners,154,4
open_drawer__000__step_011,7,gaussian,64,18
open_drawer__000__step_011,7,gaussian,109,25
open_drawer__000__step_011,7,gaussian,154,27
open_drawer__000__step_011,7,both,64,18
open_drawer__000__step_011,7,both,109,24
open_drawer__000__step_011,7,both,154,27
open_drawer__000__step_056,11,raw,64,0
open_drawer__000__step_056,11,raw,109,0
open_drawer__000__step_056,11,raw,154,0
open_drawer__000__step_056,11,corners,64,1
open_drawer__000__step_056,11,corners,109,2
open_drawer__000__step_056,11,corners,154,3
open_drawer__000__step_056,11,gaussian,64,13
open_drawer__000__step_056,11,gaussian,109,20
open_drawer__000__step_056,11,gaussian,154,27
open_drawer__000__step_056,11,both,64,14
open_drawer__000__step_056,11,both,109,21
open_drawer__000__step_056,11,both,154,27
open_drawer__000__step_056,7,raw,64,0
open_drawer__000__step_056,7,raw,109,0
open_drawer__000__step_056,7,raw,154,0
open_drawer__000__step_056,7,corners,64,2
open_drawer__000__step_056,7,corners,109,3
open_drawer__000__step_056,7,corners,154,3
open_drawer__000__step_056,7,gaussian,64,15
open_drawer__000__step_056,7,gaussian,109,27
open_drawer__000__step_056,7,gaussian,154,24
open_drawer__000__step_056,7,both,64,16
open_drawer__000__step_056,7,both,109,27
open_drawer__000__step_056,7,both,154,24
open_drawer__000__step_101,11,raw,64,0
open_drawer__000__step_101,11,raw,109,0
open_drawer__000__step_101,11,raw,154,0
open_drawer__000__step_101,11,corners,64,0
open_drawer__000__step_101,11,corners,109,1
open_drawer__000__step_101,11,corners,154,3
open_drawer__000__step_101,11,gaussian,64,9
open_drawer__000__step_101,11,gaussian,109,18
open_drawer__000__step_101,11,gaussian,154,26
open_drawer__000__step_101,11,both,64,9
open_drawer__000__step_101,11,both,109,19
open_drawer__000__step_101,11,both,154,27
open_drawer__000__step_101,7,raw,64,0
open_drawer__000__step_101,7,raw,109,0
open_drawer__000__step_101,7,raw,154,0
open_drawer__000__step_101,7,corners,64,2
open_drawer__000__step_101,7,corners,109,3
open_drawer__000__step_101,7,corners,154,3
open_drawer__000__step_101,7,gaussian,64,13
open_drawer__000__step_101,7,gaussian,109,19
open_drawer__000__step_101,7,gaussian,154,19
open_drawer__000__step_101,7,both,64,15
open_drawer__000__step_101,7,both,109,20
open_drawer__000__step_101,7,both,154,21
open_drawer__011__step_011,11,raw,64,0
open_drawer__011__step_011,11,raw,109,0
open_drawer__011__step_011,11,raw,154,0
open_drawer__011__step_011,11,corners,64,2
open_drawer__011__step_011,11,corners,109,2
open_drawer__011__step_011,11,corners,154,2
open_drawer__011__step_011,11,gaussian,64,6
open_drawer__011__step_011,11,gaussian,109,17
open_drawer__011__step_011,11,gaussian,154,23
open_drawer__011__step_011,11,both,64,6
open_drawer__011__step_011,11,both,109,15
open_drawer__011__step_011,11,both,154,23
open_drawer__011__step_011,7,raw,64,0
open_drawer__011__step_011,7,raw,109,0
open_drawer__011__step_011,7,raw,154,0
open_drawer__011__step_011,7,corners,64,3
open_drawer__011__step_011,7,corners,109,3
open_drawer__011__step_011,7,corners,154,3
open_drawer__011__step_011,7,gaussian,64,11
open_drawer__011__step_011,7,gaussian,109,19
open_drawer__011__step_011,7,gaussian,154,28
open_drawer__011__step_011,7,both,64,12
open_drawer__011__step_011,7,both,109,20
open_drawer__011__step_011,7,both,154,28
open_drawer__011__step_056,11,raw,64,0
open_drawer__011__step_056,11,raw,109,0
open_drawer__011__step_056,11,raw,154,0
open_drawer__011__step_056,11,corners,64,3
open_drawer__011__step_056,11,corners,109,3
open_drawer__011__step_056,11,corners,154,3
open_drawer__011__step_056,11,gaussian,64,10
open_drawer__011__step_056,11,gaussian,109,21
open_drawer__011__step_056,11,gaussian,154,22
open_drawer__011__step_056,11,both,64,12
open_drawer__011__step_056,11,both,109,20
open_drawer__011__step_056,11,both,154,23
open_drawer__011__step_056,7,raw,64,0
open_drawer__011__step_056,7,raw,109,0
open_drawer__011__step_056,7,raw,154,0
open_drawer__011__step_056,7,corners,64,3
open_drawer__011__step_056,7,corners,109,3
open_drawer__011__step_056,7,corners,154,3
open_drawer__011__step_056,7,gaussian,64,16
open_drawer__011__step_056,7,gaussian,109,23
open_drawer__011__step_056,7,gaussian,154,30
open_drawer__011__step_056,7,both,64,17
open_drawer__011__step_056,7,both,109,24
open_drawer__011__step_056,7,both,154,30
open_drawer__011__step_101,11,raw,64,0
open_drawer__011__step_101,11,raw,109,0
open_drawer__011__step_101,11,raw,154,0
open_drawer__011__step_101,11,corners,64,2
open_drawer__011__step_101,11,corners,109,3
open_drawer__011__step_101,11,corners,154,3
open_drawer__011__step_101,11,gaussian,64,8
open_drawer__011__step_101,11,gaussian,109,19
open_drawer__011__step_101,11,gaussian,154,21
open_drawer__011__step_101,11,both,64,8
open_drawer__011__step_101,11,both,109,18
open_drawer__011__step_101,11,both,154,22
open_drawer__011__step_101,7,raw,64,0
open_drawer__011__step_101,7,raw,109,0
open_drawer__011__step_101,7,raw,154,0
open_drawer__011__step_101,7,corners,64,3
open_drawer__011__step_101,7,corners,109,3
open_drawer__011__step_101,7,corners,154,4
open_drawer__011__step_101,7,gaussian,64,9
open_drawer__011__step_101,7,gaussian,109,17
open_drawer__011__step_101,7,gaussian,154,21
open_drawer__011__step_101,7,both,64,10
open_drawer__011__step_101,7,both,109,15
open_drawer__011__step_101,7,both,154,22
open_drawer__032__step_011,11,raw,64,0
open_drawer__032__step_011,11,raw,109,0
open_drawer__032__step_011,11,raw,154,0
open_drawer__032__step_011,11,corners,64,1
open_drawer__032__step_011,11,corners,109,1
open_drawer__032__step_011,11,corners,154,2
open_drawer__032__step_011,11,gaussian,64,8
open_drawer__032__step_011,11,gaussian,109,17
open_drawer__032__step_011,11,gaussian,154,23
open_drawer__032__step_011,11,both,64,8
open_drawer__032__step_011,11,both,109,16
open_drawer__032__step_011,11,both,154,22
open_drawer__032__step_011,7,raw,64,0
open_drawer__032__step_011,7,raw,109,0
open_drawer__032__step_011,7,raw,154,0
open_drawer__032__step_011,7,corners,64,2
open_drawer__032__step_011,7,corners,109,3
open_drawer__032__step_011,7,corners,154,4
open_drawer__032__step_011,7,gaussian,64,14
open_drawer__032__step_011,7,gaussian,109,28
open_drawer__032__step_011,7,gaussian,154,28
open_drawer__032__step_011,7,both,64,17
open_drawer__032__step_011,7,both,109,27
open_drawer__032__step_011,7,both,154,28
open_drawer__032__step_056,11,raw,64,0
open_drawer__032__step_056,11,raw,109,0
open_drawer__032__step_056,11,raw,154,0
open_drawer__032__step_056,11,corners,64,1
open_drawer__032__step_056,11,corners,109,3
open_drawer__032__step_056,11,corners,154,4
open_drawer__032__step_056,11,gaussian,64,6
open_drawer__032__step_056,11,gaussian,109,18
open_drawer__032__step_056,11,gaussian,154,21
open_drawer__032__step_056,11,both,64,6
open_drawer__032__step_056,11,both,109,19
open_drawer__032__step_056,11,both,154,21
open_drawer__032__step_056,7,raw,64,0
open_drawer__032__step_056,7,raw,109,0
open_drawer__032__step_056,7,raw,154,0
open_drawer__032__step_056,7,corners,64,3
open_drawer__032__step_056,7,corners,109,4
open_drawer__032__step_056,7,corners,154,4
open_drawer__032__step_056,7,gaussian,64,13
open_drawer__032__step_056,7,gaussian,109,20
open_drawer__032__step_056,7,gaussian,154,18
open_drawer__032__step_056,7,both,64,12
open_drawer__032__step_056,7,both,109,20
open_drawer__032__step_056,7,both,154,18
open_drawer__032__step_101,11,raw,64,0
open_drawer__032__step_101,11,raw,109,0
open_drawer__032__step_101,11,raw,154,0
open_drawer__032__step_101,11,corners,64,1
open_drawer__032__step_101,11,corners,109,2
open_drawer__032__step_101,11,corners,154,3
open_drawer__032__step_101,11,gaussian,64,8
open_drawer__032__step_101,11,gaussian,109,15
open_drawer__032__step_101,11,gaussian,154,23
open_drawer__032__step_101,11,both,64,8
open_drawer__032__step_101,11,both,109,16
open_drawer__032__step_101,11,both,154,23
open_drawer__032__step_101,7,raw,64,0
open_drawer__032__step_101,7,raw,109,0
open_drawer__032__step_101,7,raw,154,0
open_drawer__032__step_101,7,corners,64,3
open_drawer__032__step_101,7,corners,109,4
open_drawer__032__step_101,7,corners,154,4
open_drawer__032__step_101,7,gaussian,64,13
open_drawer__032__step_101,7,gaussian,109,18
open_drawer__032__step_101,7,gaussian,154,21
open_drawer__032__step_101,7,both,64,14
open_drawer__032__step_101,7,both,109,18
open_drawer__032__step_101,7,both,154,21
open_drawer__095__step_011,11,raw,64,0
open_drawer__095__step_011,11,raw,109,0
open_drawer__095__step_011,11,raw,154,0
open_drawer__095__step_011,11,corners,64,1
open_drawer__095__step_011,11,corners,109,1
open_drawer__095__step_011,11,corners,154,2
open_drawer__095__step_011,11,gaussian,64,9
open_drawer__095__step_011,11,gaussian,109,20
open_drawer__095__step_011,11,gaussian,154,28
open_drawer__095__step_011,11,both,64,9
open_drawer__095__step_011,11,both,109,19
open_drawer__095__step_011,11,both,154,28
open_drawer__095__step_011,7,raw,64,0
open_drawer__095__step_011,7,raw,109,0
open_drawer__095__step_011,7,raw,154,0
open_drawer__095__step_011,7,corners,64,3
open_drawer__095__step_011,7,corners,109,3
open_drawer__095__step_011,7,corners,154,3
open_drawer__095__step_011,7,gaussian,64,14
open_drawer__095__step_011,7,gaussian,109,21
open_drawer__095__step_011,7,gaussian,154,25
open_drawer__095__step_011,7,both,64,15
open_drawer__095__step_011,7,both,109,21
open_drawer__095__step_011,7,both,154,26
open_drawer__095__step_056,11,raw,64,0
open_drawer__095__step_056,11,raw,109,0
open_drawer__095__step_056,11,raw,154,0
open_drawer__095__step_056,11,corners,64,1
open_drawer__095__step_056,11,corners,109,3
open_drawer__095__step_056,11,corners,154,3
open_drawer__095__step_056,11,gaussian,64,15
open_drawer__095__step_056,11,gaussian,109,23
open_drawer__095__step_056,11,gaussian,154,25
open_drawer__095__step_056,11,both,64,15
open_drawer__095__step_056,11,both,109,23
open_drawer__095__step_056,11,both,154,26
open_drawer__095__step_056,7,raw,64,0
open_drawer__095__step_056,7,raw,109,0
open_drawer__095__step_056,7,raw,154,0
open_drawer__095__step_056,7,corners,64,3
open_drawer__095__step_056,7,corners,109,3
open_drawer__095__step_056,7,corners,154,3
open_drawer__095__step_056,7,gaussian,64,18
open_drawer__095__step_056,7,gaussian,109,23
open_drawer__095__step_056,7,gaussian,154,24
open_drawer__095__step_056,7,both,64,18
open_drawer__095__step_056,7,both,109,23
open_drawer__095__step_056,7,both,154,25
open_drawer__095__step_101,11,raw,64,0
open_drawer__095__step_101,11,raw,109,0
open_drawer__095__step_101,11,raw,154,0
open_drawer__095__step_101,11,corners,64,1
open_drawer__095__step_101,11,corners,109,2
open_drawer__095__step_101,11,corners,154,3
open_drawer__095__step_101,11,gaussian,64,15
open_drawer__095__step_101,11,gaussian,109,18
open_drawer__095__step_101,11,gaussian,154,21
open_drawer__095__step_101,11,both,64,16
open_drawer__095__step_101,11,both,109,16
open_drawer__095__step_101,11,both,154,24
open_drawer__095__step_101,7,raw,64,0
open_drawer__095__step_101,7,raw,109,0
open_drawer__095__step_101,7,raw,154,0
open_drawer__095__step_101,7,corners,64,3
open_drawer__095__step_101,7,corners,109,3
open_drawer__095__step_101,7,corners,154,4
open_drawer__095__step_101,7,gaussian,64,21
open_drawer__095__step_101,7,gaussian,109,25
open_drawer__095__step_101,7,gaussian,154,24
open_drawer__095__step_101,7,both,64,19
open_drawer__095__step_101,7,both,109,25
open_drawer__095__step_101,7,both,154,25
open_drawer__097__step_011,11,raw,64,0
open_drawer__097__step_011,11,raw,109,0
open_drawer__097__step_011,11,raw,154,0
open_drawer__097__step_011,11,corners,64,1
open_drawer__097__step_011,11,corners,109,1
open_drawer__097__step_011,11,corners,154,3
open_drawer__097__step_011,11,gaussian,64,9
open_drawer__097__step_011,11,gaussian,109,24
open_drawer__097__step_011,11,gaussian,154,24
open_drawer__097__step_011,11,both,64,10
open_drawer__097__step_011,11,both,109,24
open_drawer__097__step_011,11,both,154,24
open_drawer__097__step_011,7,raw,64,0
open_drawer__097__step_011,7,raw,109,0
open_drawer__097__step_011,7,raw,154,0
open_drawer__097__step_011,7,corners,64,3
open_drawer__097__step_011,7,corners,109,3
open_drawer__097__step_011,7,corners,154,3
open_drawer__097__step_011,7,gaussian,64,15
open_drawer__097__step_011,7,gaussian,109,26
open_drawer__097__step_011,7,gaussian,154,31
open_drawer__097__step_011,7,both,64,17
open_drawer__097__step_011,7,both,109,27
open_drawer__097__step_011,7,both,154,32
open_drawer__097__step_056,11,raw,64,0
open_drawer__097__step_056,11,raw,109,0
open_drawer__097__step_056,11,raw,154,0
open_drawer__097__step_056,11,corners,64,2
open_drawer__097__step_056,11,corners,109,2
open_drawer__097__step_056,11,corners,154,3
open_drawer__097__step_056,11,gaussian,64,14
open_drawer__097__step_056,11,gaussian,109,22
open_drawer__097__step_056,11,gaussian,154,20
open_drawer__097__step_056,11,both,64,14
open_drawer__097__step_056,11,both,109,22
open_drawer__097__step_056,11,both,154,20
open_drawer__097__step_056,7,raw,64,0
open_drawer__097__step_056,7,raw,109,0
open_drawer__097__step_056,7,raw,154,0
open_drawer__097__step_056,7,corners,64,3
open_drawer__097__step_056,7,corners,109,3
open_drawer__097__step_056,7,corners,154,3
open_drawer__097__step_056,7,gaussian,64,17
open_drawer__097__step_056,7,gaussian,109,18
open_drawer__097__step_056,7,gaussian,154,24
open_drawer__097__step_056,7,both,64,18
open_drawer__097__step_056,7,both,109,17
open_drawer__097__step_056,7,both,154,24
open_drawer__097__step_101,11,raw,64,0
open_drawer__097__step_101,11,raw,109,0
open_drawer__097__step_101,11,raw,154,0
open_drawer__097__step_101,11,corners,64,2
open_drawer__097__step_101,11,corners,109,2
open_drawer__097__step_101,11,corners,154,3
open_drawer__097__step_101,11,gaussian,64,15
open_drawer__097__step_101,11,gaussian,109,21
open_drawer__097__step_101,11,gaussian,154,19
open_drawer__097__step_101,11,both,64,15
open_drawer__097__step_101,11,both,109,20
open_drawer__097__step_101,11,both,154,19
open_drawer__097__step_101,7,raw,64,0
open_drawer__097__step_101,7,raw,109,0
open_drawer__097__step_101,7,raw,154,0
open_drawer__097__step_101,7,corners,64,3
open_drawer__097__step_101,7,corners,109,3
open_drawer__097__step_101,7,corners,154,3
open_drawer__097__step_101,7,gaussian,64,17
open_drawer__097__step_101,7,gaussian,109,22
open_drawer__097__step_101,7,gaussian,154,24
open_drawer__097__step_101,7,both,64,18
open_drawer__097__step_101,7,both,109,22
open_drawer__097__step_101,7,both,154,24
close_drawer__000__step_011,11,raw,64,0
close_drawer__000__step_011,11,raw,109,0
close_drawer__000__step_011,11,raw,154,0
close_drawer__000__step_011,11,corners,64,1
close_drawer__000__step_011,11,corners,109,2
close_drawer__000__step_011,11,corners,154,2
close_drawer__000__step_011,11,gaussian,64,13
close_drawer__000__step_011,11,gaussian,109,15
close_drawer__000__step_011,11,gaussian,154,25
close_drawer__000__step_011,11,both,64,13
close_drawer__000__step_011,11,both,109,17
close_drawer__000__step_011,11,both,154,25
close_drawer__000__step_011,7,raw,64,0
close_drawer__000__step_011,7,raw,109,0
close_drawer__000__step_011,7,raw,154,0
close_drawer__000__step_011,7,corners,64,2
close_drawer__000__step_011,7,corners,109,3
close_drawer__000__step_011,7,corners,154,3
close_drawer__000__step_011,7,gaussian,64,18
close_drawer__000__step_011,7,gaussian,109,20
close_drawer__000__step_011,7,gaussian,154,24
close_drawer__000__step_011,7,both,64,18
close_drawer__000__step_011,7,both,109,18
close_drawer__000__step_011,7,both,154,25
close_drawer__000__step_056,11,raw,64,0
close_drawer__000__step_056,11,raw,109,0
close_drawer__000__step_056,11,raw,154,0
close_drawer__000__step_056,11,corners,64,1
close_drawer__000__step_056,11,corners,109,2
close_drawer__000__step_056,11,corners,154,3
close_drawer__000__step_056,11,gaussian,64,12
close_drawer__000__step_056,11,gaussian,109,17
close_drawer__000__step_056,11,gaussian,154,23
close_drawer__000__step_056,11,both,64,12
close_drawer__000__step_056,11,both,109,19
close_drawer__000__step_056,11,both,154,23
close_drawer__000__step_056,7,raw,64,0
close_drawer__000__step_056,7,raw,109,0
close_drawer__000__step_056,7,raw,154,0
close_drawer__000__step_056,7,corners,64,2
close_drawer__000__step_056,7,corners,109,3
close_drawer__000__step_056,7,corners,154,3
close_drawer__000__step_056,7,gaussian,64,19
close_drawer__000__step_056,7,gaussian,109,24
close_drawer__000__step_056,7,gaussian,154,27
close_drawer__000__step_056,7,both,64,20
close_drawer__000__step_056,7,both,109,24
close_drawer__000__step_056,7,both,154,28
close_drawer__000__step_101,11,raw,64,0
close_drawer__000__step_101,11,raw,109,0
close_drawer__000__step_101,11,raw,154,0
close_drawer__000__step_101,11,corners,64,1
close_drawer__000__step_101,11,corners,109,2
close_drawer__000__step_101,11,corners,154,3
close_drawer__000__step_101,11,gaussian,64,10
close_drawer__000__step_101,11,gaussian,109,18
close_drawer__000__step_101,11,gaussian,154,24
close_drawer__000__step_101,11,both,64,10
close_drawer__000__step_101,11,both,109,19
close_drawer__000__step_101,11,both,154,24
close_drawer__000__step_101,7,raw,64,0
close_drawer__000__step_101,7,raw,109,0
close_drawer__000__step_101,7,raw,154,0
close_drawer__000__step_101,7,corners,64,2
close_drawer__000__step_101,7,corners,109,3
close_drawer__000__step_101,7,corners,154,3
close_drawer__000__step_101,7,gaussian,64,21
close_drawer__000__step_101,7,gaussian,109,21
close_drawer__000__step_101,7,gaussian,154,24
close_drawer__000__step_101,7,both,64,22
close_drawer__000__step_101,7,both,109,21
close_drawer__000__step_101,7,both,154,25
close_drawer__001__step_011,11,raw,64,0
close_drawer__001__step_011,11,raw,109,0
close_drawer__001__step_011,11,raw,154,0
close_drawer__001__step_011,11,corners,64,1
close_drawer__001__step_011,11,corners,109,1
close_drawer__001__step_011,11,corners,154,2
close_drawer__001__step_011,11,gaussian,64,8
close_drawer__001__step_011,11,gaussian,109,19
close_drawer__001__step_011,11,gaussian,154,24
close_drawer__001__step_011,11,both,64,8
close_drawer__001__step_011,11,both,109,19
close_drawer__001__step_011,11,both,154,24
close_drawer__001__step_011,7,raw,64,0
close_drawer__001__step_011,7,raw,109,0
close_drawer__001__step_011,7,raw,154,0
close_drawer__001__step_011,7,corners,64,2
close_drawer__001__step_011,7,corners,109,2
close_drawer__001__step_011,7,corners,154,3
close_drawer__001__step_011,7,gaussian,64,15
close_drawer__001__step_011,7,gaussian,109,20
close_drawer__001__step_011,7,gaussian,154,24
close_drawer__001__step_011,7,both,64,15
close_drawer__001__step_011,7,both,109,18
close_drawer__001__step_011,7,both,154,24
close_drawer__001__step_056,11,raw,64,0
close_drawer__001__step_056,11,raw,109,0
close_drawer__001__step_056,11,raw,154,0
close_drawer__001__step_056,11,corners,64,1
close_drawer__001__step_056,11,corners,109,2
close_drawer__001__step_056,11,corners,154,2
close_drawer__001__step_056,11,gaussian,64,14
close_drawer__001__step_056,11,gaussian,109,25
close_drawer__001__step_056,11,gaussian,154,29
close_drawer__001__step_056,11,both,64,14
close_drawer__001__step_056,11,both,109,24
close_drawer__001__step_056,11,both,154,29
close_drawer__001__step_056,7,raw,64,0
close_drawer__001__step_056,7,raw,109,0
close_drawer__001__step_056,7,raw,154,0
close_drawer__001__step_056,7,corners,64,2
close_drawer__001__step_056,7,corners,109,2
close_drawer__001__step_056,7,corners,154,3
close_drawer__001__step_056,7,gaussian,64,17
close_drawer__001__step_056,7,gaussian,109,22
close_drawer__001__step_056,7,gaussian,154,31
close_drawer__001__step_056,7,both,64,17
close_drawer__001__step_056,7,both,109,21
close_drawer__001__step_056,7,both,154,31
close_drawer__001__step_101,11,raw,64,0
close_drawer__001__step_101,11,raw,109,0
close_drawer__001__step_101,11,raw,154,0
close_drawer__001__step_101,11,corners,64,1
close_drawer__001__step_101,11,corners,109,2
close_drawer__001__step_101,11,corners,154,2
close_drawer__001__step_101,11,gaussian,64,17
close_drawer__001__step_101,11,gaussian,109,24
close_drawer__001__step_101,11,gaussian,154,27
close_drawer__001__step_101,11,both,64,17
close_drawer__001__step_101,11,both,109,24
close_drawer__001__step_101,11,both,154,27
close_drawer__001__step_101,7,raw,64,0
close_drawer__001__step_101,7,raw,109,0
close_drawer__001__step_101,7,raw,154,0
close_drawer__001__step_101,7,corners,64,2
close_drawer__001__step_101,7,corners,109,2
close_drawer__001__step_101,7,corners,154,3
close_drawer__001__step_101,7,gaussian,64,17
close_drawer__001__step_101,7,gaussian,109,22
close_drawer__001__step_101,7,gaussian,154,27
close_drawer__001__step_101,7,both,64,17
close_drawer__001__step_101,7,both,109,22
close_drawer__001__step_101,7,both,154,27
close_drawer__009__step_011,11,raw,64,0
close_drawer__009__step_011,11,raw,109,0
close_drawer__009__step_011,11,raw,154,0
close_drawer__009__step_011,11,corners,64,1
close_drawer__009__step_011,11,corners,109,2
close_drawer__009__step_011,11,corners,154,3
close_drawer__009__step_011,11,gaussian,64,16
close_drawer__009__step_011,11,gaussian,109,26
close_drawer__009__step_011,11,gaussian,154,26
close_drawer__009__step_011,11,both,64,16
close_drawer__009__step_011,11,both,109,26
close_drawer__009__step_011,11,both,154,26
close_drawer__009__step_011,7,raw,64,0
close_drawer__009__step_011,7,raw,109,0
close_drawer__009__step_011,7,raw,154,0
close_drawer__009__step_011,7,corners,64,2
close_drawer__009__step_011,7,corners,109,3
close_drawer__009__step_011,7,corners,154,3
close_drawer__009__step_011,7,gaussian,64,12
close_drawer__009__step_011,7,gaussian,109,25
close_drawer__009__step_011,7,gaussian,154,24
close_drawer__009__step_011,7,both,64,13
close_drawer__009__step_011,7,both,109,24
close_drawer__009__step_011,7,both,154,27
close_drawer__009__step_056,11,raw,64,0
close_drawer__009__step_056,11,raw,109,0
close_drawer__009__step_056,11,raw,154,0
close_drawer__009__step_056,11,corners,64,1
close_drawer__009__step_056,11,corners,109,2
close_drawer__009__step_056,11,corners,154,3
close_drawer__009__step_056,11,gaussian,64,13
close_drawer__009__step_056,11,gaussian,109,23
close_drawer__009__step_056,11,gaussian,154,22
close_drawer__009__step_056,11,both,64,13
close_drawer__009__step_056,11,both,109,23
close_drawer__009__step_056,11,both,154,24
close_drawer__009__step_056,7,raw,64,0
close_drawer__009__step_056,7,raw,109,0
close_drawer__009__step_056,7,raw,154,0
close_drawer__009__step_056,7,corners,64,2
close_drawer__009__step_056,7,corners,109,3
close_drawer__009__step_056,7,corners,154,3
close_drawer__009__step_056,7,gaussian,64,19
close_drawer__009__step_056,7,gaussian,109,21
close_drawer__009__step_056,7,gaussian,154,26
close_drawer__009__step_056,7,both,64,18
close_drawer__009__step_056,7,both,109,20
close_drawer__009__step_056,7,both,154,27
close_drawer__009__step_101,11,raw,64,0
close_drawer__009__step_101,11,raw,109,0
close_drawer__009__step_101,11,raw,154,0
close_drawer__009__step_101,11,corners,64,1
close_drawer__009__step_101,11,corners,109,2
close_drawer__009__step_101,11,corners,154,2
close_drawer__009__step_101,11,gaussian,64,14
close_drawer__009__step_101,11,gaussian,109,23
close_drawer__009__step_101,11,gaussian,154,22
close_drawer__009__step_101,11,both,64,14
close_drawer__009__step_101,11,both,109,23
close_drawer__009__step_101,11,both,154,22
close_drawer__009__step_101,7,raw,64,0
close_drawer__009__step_101,7,raw,109,0
close_drawer__009__step_101,7,raw,154,0
close_drawer__009__step_101,7,corners,64,2
close_drawer__009__step_101,7,corners,109,2
close_drawer__009__step_101,7,corners,154,4
close_drawer__009__step_101,7,gaussian,64,14
close_drawer__009__step_101,7,gaussian,109,24
close_drawer__009__step_101,7,gaussian,154,28
close_drawer__009__step_101,7,both,64,15
close_drawer__009__step_101,7,both,109,23
close_drawer__009__step_101,7,both,154,28
close_drawer__021__step_011,11,raw,64,0
close_drawer__021__step_011,11,raw,109,0
close_drawer__021__step_011,11,raw,154,0
close_drawer__021__step_011,11,corners,64,0
close_drawer__021__step_011,11,corners,109,1
close_drawer__021__step_011,11,corners,154,1
close_drawer__021__step_011,11,gaussian,64,12
close_drawer__021__step_011,11,gaussian,109,15
close_drawer__021__step_011,11,gaussian,154,25
close_drawer__021__step_011,11,both,64,12
close_drawer__021__step_011,11,both,109,15
close_drawer__021__step_011,11,both,154,25
close_drawer__021__step_011,7,raw,64,0
close_drawer__021__step_011,7,raw,109,0
close_drawer__021__step_011,7,raw,154,0
close_drawer__021__step_011,7,corners,64,2
close_drawer__021__step_011,7,corners,109,2
close_drawer__021__step_011,7,corners,154,3
close_drawer__021__step_011,7,gaussian,64,19
close_drawer__021__step_011,7,gaussian,109,23
close_drawer__021__step_011,7,gaussian,154,22
close_drawer__021__step_011,7,both,64,19
close_drawer__021__step_011,7,both,109,23
close_drawer__021__step_011,7,both,154,24
close_drawer__021__step_056,11,raw,64,0
close_drawer__021__step_056,11,raw,109,0
close_drawer__021__step_056,11,raw,154,0
close_drawer__021__step_056,11,corners,64,1
close_drawer__021__step_056,11,corners,109,2
close_drawer__021__step_056,11,corners,154,2
close_drawer__021__step_056,11,gaussian,64,10
close_drawer__021__step_056,11,gaussian,109,20
close_drawer__021__step_056,11,gaussian,154,22
close_drawer__021__step_056,11,both,64,10
close_drawer__021__step_056,11,both,109,19
close_drawer__021__step_056,11,both,154,23
close_drawer__021__step_056,7,raw,64,0
close_drawer__021__step_056,7,raw,109,0
close_drawer__021__step_056,7,raw,154,0
close_drawer__021__step_056,7,corners,64,2
close_drawer__021__step_056,7,corners,109,2
close_drawer__021__step_056,7,corners,154,3
close_drawer__021__step_056,7,gaussian,64,15
close_drawer__021__step_056,7,gaussian,109,23
close_drawer__021__step_056,7,gaussian,154,25
close_drawer__021__step_056,7,both,64,14
close_drawer__021__step_056,7,both,109,23
close_drawer__021__step_056,7,both,154,26
close_drawer__021__step_101,11,raw,64,0
close_drawer__021__step_101,11,raw,109,0
close_drawer__021__step_101,11,raw,154,0
close_drawer__021__step_101,11,corners,64,1
close_drawer__021__step_101,11,corners,109,2
close_drawer__021__step_101,11,corners,154,2
close_drawer__021__step_101,11,gaussian,64,11
close_drawer__021__step_101,11,gaussian,109,27
close_drawer__021__step_101,11,gaussian,154,21
close_drawer__021__step_101,11,both,64,11
close_drawer__021__step_101,11,both,109,27
close_drawer__021__step_101,11,both,154,21
close_drawer__021__step_101,7,raw,64,0
close_drawer__021__step_101,7,raw,109,0
close_drawer__021__step_101,7,raw,154,0
close_drawer__021__step_101,7,corners,64,2
close_drawer__021__step_101,7,corners,109,2
close_drawer__021__step_101,7,corners,154,3
close_drawer__021__step_101,7,gaussian,64,11
close_drawer__021__step_101,7,gaussian,109,21
close_drawer__021__step_101,7,gaussian,154,29
close_drawer__021__step_101,7,both,64,11
close_drawer__021__step_101,7,both,109,21
close_drawer__021__step_101,7,both,154,29
close_drawer__049__step_011,11,raw,64,0
close_drawer__049__step_011,11,raw,109,0
close_drawer__049__step_011,11,raw,154,0
close_drawer__049__step_011,11,corners,64,0
close_drawer__049__step_011,11,corners,109,1
close_drawer__049__step_011,11,corners,154,2
close_drawer__049__step_011,11,gaussian,64,12
close_drawer__049__step_011,11,gaussian,109,23
close_drawer__049__step_011,11,gaussian,154,21
close_drawer__049__step_011,11,both,64,11
close_drawer__049__step_011,11,both,109,23
close_drawer__049__step_011,11,both,154,21
close_drawer__049__step_011,7,raw,64,0
close_drawer__049__step_011,7,raw,109,0
close_drawer__049__step_011,7,raw,154,0
close_drawer__049__step_011,7,corners,64,2
close_drawer__049__step_011,7,corners,109,2
close_drawer__049__step_011,7,corners,154,3
close_drawer__049__step_011,7,gaussian,64,18
close_drawer__049__step_011,7,gaussian,109,27
close_drawer__049__step_011,7,gaussian,154,33
close_drawer__049__step_011,7,both,64,18
close_drawer__049__step_011,7,both,109,25
close_drawer__049__step_011,7,both,154,32
close_drawer__049__step_056,11,raw,64,0
close_drawer__049__step_056,11,raw,109,0
close_drawer__049__step_056,11,raw,154,0
close_drawer__049__step_056,11,corners,64,1
close_drawer__049__step_056,11,corners,109,1
close_drawer__049__step_056,11,corners,154,2
close_drawer__049__step_056,11,gaussian,64,15
close_drawer__049__step_056,11,gaussian,109,23
close_drawer__049__step_056,11,gaussian,154,23
close_drawer__049__step_056,11,both,64,15
close_drawer__049__step_056,11,both,109,23
close_drawer__049__step_056,11,both,154,23
close_drawer__049__step_056,7,raw,64,0
close_drawer__049__step_056,7,raw,109,0
close_drawer__049__step_056,7,raw,154,0
close_drawer__049__step_056,7,corners,64,2
close_drawer__049__step_056,7,corners,109,2
close_drawer__049__step_056,7,corners,154,3
close_drawer__049__step_056,7,gaussian,64,15
close_drawer__049__step_056,7,gaussian,109,25
close_drawer__049__step_056,7,gaussian,154,27
close_drawer__049__step_056,7,both,64,15
close_drawer__049__step_056,7,both,109,24
close_drawer__049__step_056,7,both,154,27
close_drawer__049__step_101,11,raw,64,0
close_drawer__049__step_101,11,raw,109,0
close_drawer__049__step_101,11,raw,154,0
close_drawer__049__step_101,11,corners,64,1
close_drawer__049__step_101,11,corners,109,2
close_drawer__049__step_101,11,corners,154,2
close_drawer__049__step_101,11,gaussian,64,14
close_drawer__049__step_101,11,gaussian,109,24
close_drawer__049__step_101,11,gaussian,154,25
close_drawer__049__step_101,11,both,64,14
close_drawer__049__step_101,11,both,109,24
close_drawer__049__step_101,11,both,154,26
close_drawer__049__step_101,7,raw,64,0
close_drawer__049__step_101,7,raw,109,0
close_drawer__049__step_101,7,raw,154,0
close_drawer__049__step_101,7,corners,64,2
close_drawer__049__step_101,7,corners,109,2
close_drawer__049__step_101,7,corners,154,4
close_drawer__049__step_101,7,gaussian,64,16
close_drawer__049__step_101,7,gaussian,109,25
close_drawer__049__step_101,7,gaussian,154,24
close_drawer__049__step_101,7,both,64,16
close_drawer__049__step_101,7,both,109,26
close_drawer__049__step_101,7,both,154,23
pick_coke_can__001__step_008,11,raw,64,0
pick_coke_can__001__step_008,11,raw,109,0
pick_coke_can__001__step_008,11,raw,154,0
pick_coke_can__001__step_008,11,corners,64,0
pick_coke_can__001__step_008,11,corners,109,1
pick_coke_can__001__step_008,11,corners,154,2
pick_coke_can__001__step_008,11,gaussian,64,20
pick_coke_can__001__step_008,11,gaussian,109,28
pick_coke_can__001__step_008,11,gaussian,154,31
pick_coke_can__001__step_008,11,both,64,20
pick_coke_can__001__step_008,11,both,109,28
pick_coke_can__001__step_008,11,both,154,31
pick_coke_can__001__step_008,7,raw,64,0
pick_coke_can__001__step_008,7,raw,109,0
pick_coke_can__001__step_008,7,raw,154,0
pick_coke_can__001__step_008,7,corners,64,1
pick_coke_can__001__step_008,7,corners,109,3
pick_coke_can__001__step_008,7,corners,154,3
pick_coke_can__001__step_008,7,gaussian,64,14
pick_coke_can__001__step_008,7,gaussian,109,20
pick_coke_can__001__step_008,7,gaussian,154,34
pick_coke_can__001__step_008,7,both,64,15
pick_coke_can__001__step_008,7,both,109,21
pick_coke_can__001__step_008,7,both,154,34
pick_coke_can__001__step_040,11,raw,64,0
pick_coke_can__001__step_040,11,raw,109,0
pick_coke_can__001__step_040,11,raw,154,0
pick_coke_can__001__step_040,11,corners,64,0
pick_coke_can__001__step_040,11,corners,109,0
pick_coke_can__001__step_040,11,corners,154,2
pick_coke_can__001__step_040,11,gaussian,64,10
pick_coke_can__001__step_040,11,gaussian,109,22
pick_coke_can__001__step_040,11,gaussian,154,24
pick_coke_can__001__step_040,11,both,64,10
pick_coke_can__001__step_040,11,both,109,22
pick_coke_can__001__step_040,11,both,154,24
pick_coke_can__001__step_040,7,raw,64,0
pick_coke_can__001__step_040,7,raw,109,0
pick_coke_can__001__step_040,7,raw,154,0
pick_coke_can__001__step_040,7,corners,64,1
pick_coke_can__001__step_040,7,corners,109,3
pick_coke_can__001__step_040,7,corners,154,3
pick_coke_can__001__step_040,7,gaussian,64,12
pick_coke_can__001__step_040,7,gaussian,109,15
pick_coke_can__001__step_040,7,gaussian,154,28
pick_coke_can__001__step_040,7,both,64,13
pick_coke_can__001__step_040,7,both,109,15
pick_coke_can__001__step_040,7,both,154,29
pick_coke_can__001__step_071,11,raw,64,0
pick_coke_can__001__step_071,11,raw,109,0
pick_coke_can__001__step_071,11,raw,154,0
pick_coke_can__001__step_071,11,corners,64,0
pick_coke_can__001__step_071,11,corners,109,0
pick_coke_can__001__step_071,11,corners,154,2
pick_coke_can__001__step_071,11,gaussian,64,8
pick_coke_can__001__step_071,11,gaussian,109,22
pick_coke_can__001__step_071,11,gaussian,154,25
pick_coke_can__001__step_071,11,both,64,8
pick_coke_can__001__step_071,11,both,109,21
pick_coke_can__001__step_071,11,both,154,25
pick_coke_can__001__step_071,7,raw,64,0
pick_coke_can__001__step_071,7,raw,109,0
pick_coke_can__001__step_071,7,raw,154,0
pick_coke_can__001__step_071,7,corners,64,1
pick_coke_can__001__step_071,7,corners,109,2
pick_coke_can__001__step_071,7,corners,154,3
pick_coke_can__001__step_071,7,gaussian,64,11
pick_coke_can__001__step_071,7,gaussian,109,14
pick_coke_can__001__step_071,7,gaussian,154,27
pick_coke_can__001__step_071,7,both,64,11
pick_coke_can__001__step_071,7,both,109,16
pick_coke_can__001__step_071,7,both,154,27
pick_coke_can__003__step_008,11,raw,64,0
pick_coke_can__003__step_008,11,raw,109,0
pick_coke_can__003__step_008,11,raw,154,0
pick_coke_can__003__step_008,11,corners,64,1
pick_coke_can__003__step_008,11,corners,109,2
pick_coke_can__003__step_008,11,corners,154,4
pick_coke_can__003__step_008,11,gaussian,64,13
pick_coke_can__003__step_008,11,gaussian,109,22
pick_coke_can__003__step_008,11,gaussian,154,26
pick_coke_can__003__step_008,11,both,64,14
pick_coke_can__003__step_008,11,both,109,23
pick_coke_can__003__step_008,11,both,154,26
pick_coke_can__003__step_008,7,raw,64,0
pick_coke_can__003__step_008,7,raw,109,0
pick_coke_can__003__step_008,7,raw,154,0
pick_coke_can__003__step_008,7,corners,64,1
pick_coke_can__003__step_008,7,corners,109,4
pick_coke_can__003__step_008,7,corners,154,4
pick_coke_can__003__step_008,7,gaussian,64,13
pick_coke_can__003__step_008,7,gaussian,109,21
pick_coke_can__003__step_008,7,gaussian,154,22
pick_coke_can__003__step_008,7,both,64,14
pick_coke_can__003__step_008,7,both,109,21
pick_coke_can__003__step_008,7,both,154,21
pick_coke_can__003__step_040,11,raw,64,0
pick_coke_can__003__step_040,11,raw,109,0
pick_coke_can__003__step_040,11,raw,154,0
pick_coke_can__003__step_040,11,corners,64,0
pick_coke_can__003__step_040,11,corners,109,1
pick_coke_can__003__step_040,11,corners,154,3
pick_coke_can__003__step_040,11,gaussian,64,16
pick_coke_can__003__step_040,11,gaussian,109,23
pick_coke_can__003__step_040,11,gaussian,154,26
pick_coke_can__003__step_040,11,both,64,16
pick_coke_can__003__step_040,11,both,109,23
pick_coke_can__003__step_040,11,both,154,26
pick_coke_can__003__step_040,7,raw,64,0
pick_coke_can__003__step_040,7,raw,109,0
pick_coke_can__003__step_040,7,raw,154,0
pick_coke_can__003__step_040,7,corners,64,1
pick_coke_can__003__step_040,7,corners,109,3
pick_coke_can__003__step_040,7,corners,154,3
pick_coke_can__003__step_040,7,gaussian,64,11
pick_coke_can__003__step_040,7,gaussian,109,21
pick_coke_can__003__step_040,7,gaussian,154,29
pick_coke_can__003__step_040,7,both,64,10
pick_coke_can__003__step_040,7,both,109,22
pick_coke_can__003__step_040,7,both,154,28
pick_coke_can__003__step_071,11,raw,64,0
pick_coke_can__003__step_071,11,raw,109,0
pick_coke_can__003__step_071,11,raw,154,0
pick_coke_can__003__step_071,11,corners,64,0
pick_coke_can__003__step_071,11,corners,109,1
pick_coke_can__003__step_071,11,corners,154,3
pick_coke_can__003__step_071,11,gaussian,64,16
pick_coke_can__003__step_071,11,gaussian,109,23
pick_coke_can__003__step_071,11,gaussian,154,22
pick_coke_can__003__step_071,11,both,64,16
pick_coke_can__003__step_071,11,both,109,23
pick_coke_can__003__step_071,11,both,154,22
pick_coke_can__003__step_071,7,raw,64,0
pick_coke_can__003__step_071,7,raw,109,0
pick_coke_can__003__step_071,7,raw,154,0
pick_coke_can__003__step_071,7,corners,64,1
pick_coke_can__003__step_071,7,corners,109,3
pick_coke_can__003__step_071,7,corners,154,3
pick_coke_can__003__step_071,7,gaussian,64,10
pick_coke_can__003__step_071,7,gaussian,109,22
pick_coke_can__003__step_071,7,gaussian,154,25
pick_coke_can__003__step_071,7,both,64,12
pick_coke_can__003__step_071,7,both,109,22
pick_coke_can__003__step_071,7,both,154,25
pick_coke_can__030__step_008,11,raw,64,0
pick_coke_can__030__step_008,11,raw,109,0
pick_coke_can__030__step_008,11,raw,154,0
pick_coke_can__030__step_008,11,corners,64,1
pick_coke_can__030__step_008,11,corners,109,3
pick_coke_can__030__step_008,11,corners,154,4
pick_coke_can__030__step_008,11,gaussian,64,14
pick_coke_can__030__step_008,11,gaussian,109,23
pick_coke_can__030__step_008,11,gaussian,154,25
pick_coke_can__030__step_008,11,both,64,14
pick_coke_can__030__step_008,11,both,109,23
pick_coke_can__030__step_008,11,both,154,26
pick_coke_can__030__step_008,7,raw,64,0
pick_coke_can__030__step_008,7,raw,109,0
pick_coke_can__030__step_008,7,raw,154,0
pick_coke_can__030__step_008,7,corners,64,3
pick_coke_can__030__step_008,7,corners,109,4
pick_coke_can__030__step_008,7,corners,154,4
pick_coke_can__030__step_008,7,gaussian,64,14
pick_coke_can__030__step_008,7,gaussian,109,24
pick_coke_can__030__step_008,7,gaussian,154,30
pick_coke_can__030__step_008,7,both,64,15
pick_coke_can__030__step_008,7,both,109,23
pick_coke_can__030__step_008,7,both,154,32
pick_coke_can__030__step_040,11,raw,64,0
pick_coke_can__030__step_040,11,raw,109,0
pick_coke_can__030__step_040,11,raw,154,0
pick_coke_can__030__step_040,11,corners,64,0
pick_coke_can__030__step_040,11,corners,109,2
pick_coke_can__030__step_040,11,corners,154,3
pick_coke_can__030__step_040,11,gaussian,64,12
pick_coke_can__030__step_040,11,gaussian,109,23
pick_coke_can__030__step_040,11,gaussian,154,27
pick_coke_can__030__step_040,11,both,64,12
pick_coke_can__030__step_040,11,both,109,23
pick_coke_can__030__step_040,11,both,154,29
pick_coke_can__030__step_040,7,raw,64,0
pick_coke_can__030__step_040,7,raw,109,0
pick_coke_can__030__step_040,7,raw,154,0
pick_coke_can__030__step_040,7,corners,64,2
pick_coke_can__030__step_040,7,corners,109,3
pick_coke_can__030__step_040,7,corners,154,3
pick_coke_can__030__step_040,7,gaussian,64,17
pick_coke_can__030__step_040,7,gaussian,109,21
pick_coke_can__030__step_040,7,gaussian,154,25
pick_coke_can__030__step_040,7,both,64,17
pick_coke_can__030__step_040,7,both,109,21
pick_coke_can__030__step_040,7,both,154,25
pick_coke_can__030__step_071,11,raw,64,0
pick_coke_can__030__step_071,11,raw,109,0
pick_coke_can__030__step_071,11,raw,154,0
pick_coke_can__030__step_071,11,corners,64,1
pick_coke_can__030__step_071,11,corners,109,1
pick_coke_can__030__step_071,11,corners,154,3
pick_coke_can__030__step_071,11,gaussian,64,19
pick_coke_can__030__step_071,11,gaussian,109,21
pick_coke_can__030__step_071,11,gaussian,154,26
pick_coke_can__030__step_071,11,both,64,20
pick_coke_can__030__step_071,11,both,109,21
pick_coke_can__030__step_071,11,both,154,26
pick_coke_can__030__step_071,7,raw,64,0
pick_coke_can__030__step_071,7,raw,109,0
pick_coke_can__030__step_071,7,raw,154,0
pick_coke_can__030__step_071,7,corners,64,2
pick_coke_can__030__step_071,7,corners,109,3
pick_coke_can__030__step_071,7,corners,154,3
pick_coke_can__030__step_071,7,gaussian,64,16
pick_coke_can__030__step_071,7,gaussian,109,24
pick_coke_can__030__step_071,7,gaussian,154,27
pick_coke_can__030__step_071,7,both,64,16
pick_coke_can__030__step_071,7,both,109,24
pick_coke_can__030__step_071,7,both,154,27
pick_coke_can__059__step_008,11,raw,64,0
pick_coke_can__059__step_008,11,raw,109,0
pick_coke_can__059__step_008,11,raw,154,0
pick_coke_can__059__step_008,11,corners,64,0
pick_coke_can__059__step_008,11,corners,109,1
pick_coke_can__059__step_008,11,corners,154,3
pick_coke_can__059__step_008,11,gaussian,64,14
pick_coke_can__059__step_008,11,gaussian,109,27
pick_coke_can__059__step_008,11,gaussian,154,22
pick_coke_can__059__step_008,11,both,64,14
pick_coke_can__059__step_008,11,both,109,27
pick_coke_can__059__step_008,11,both,154,22
pick_coke_can__059__step_008,7,raw,64,0
pick_coke_can__059__step_008,7,raw,109,0
pick_coke_can__059__step_008,7,raw,154,0
pick_coke_can__059__step_008,7,corners,64,1
pick_coke_can__059__step_008,7,corners,109,3
pick_coke_can__059__step_008,7,corners,154,4
pick_coke_can__059__step_008,7,gaussian,64,11
pick_coke_can__059__step_008,7,gaussian,109,24
pick_coke_can__059__step_008,7,gaussian,154,30
pick_coke_can__059__step_008,7,both,64,12
pick_coke_can__059__step_008,7,both,109,25
pick_coke_can__059__step_008,7,both,154,28
pick_coke_can__059__step_040,11,raw,64,0
pick_coke_can__059__step_040,11,raw,109,0
pick_coke_can__059__step_040,11,raw,154,0
pick_coke_can__059__step_040,11,corners,64,0
pick_coke_can__059__step_040,11,corners,109,1
pick_coke_can__059__step_040,11,corners,154,3
pick_coke_can__059__step_040,11,gaussian,64,19
pick_coke_can__059__step_040,11,gaussian,109,22
pick_coke_can__059__step_040,11,gaussian,154,21
pick_coke_can__059__step_040,11,both,64,18
pick_coke_can__059__step_040,11,both,109,22
pick_coke_can__059__step_040,11,both,154,21
pick_coke_can__059__step_040,7,raw,64,0
pick_coke_can__059__step_040,7,raw,109,0
pick_coke_can__059__step_040,7,raw,154,0
pick_coke_can__059__step_040,7,corners,64,2
pick_coke_can__059__step_040,7,corners,109,3
pick_coke_can__059__step_040,7,corners,154,3
pick_coke_can__059__step_040,7,gaussian,64,13
pick_coke_can__059__step_040,7,gaussian,109,24
pick_coke_can__059__step_040,7,gaussian,154,25
pick_coke_can__059__step_040,7,both,64,15
pick_coke_can__059__step_040,7,both,109,23
pick_coke_can__059__step_040,7,both,154,24
pick_coke_can__059__step_071,11,raw,64,0
pick_coke_can__059__step_071,11,raw,109,0
pick_coke_can__059__step_071,11,raw,154,0
pick_coke_can__059__step_071,11,corners,64,1
pick_coke_can__059__step_071,11,corners,109,1
pick_coke_can__059__step_071,11,corners,154,3
pick_coke_can__059__step_071,11,gaussian,64,15
pick_coke_can__059__step_071,11,gaussian,109,22
pick_coke_can__059__step_071,11,gaussian,154,26
pick_coke_can__059__step_071,11,both,64,16
pick_coke_can__059__step_071,11,both,109,21
pick_coke_can__059__step_071,11,both,154,26
pick_coke_can__059__step_071,7,raw,64,0
pick_coke_can__059__step_071,7,raw,109,0
pick_coke_can__059__step_071,7,raw,154,0
pick_coke_can__059__step_071,7,corners,64,2
pick_coke_can__059__step_071,7,corners,109,3
pick_coke_can__059__step_071,7,corners,154,3
pick_coke_can__059__step_071,7,gaussian,64,14
pick_coke_can__059__step_071,7,gaussian,109,27
pick_coke_can__059__step_071,7,gaussian,154,27
pick_coke_can__059__step_071,7,both,64,14
pick_coke_can__059__step_071,7,both,109,25
pick_coke_can__059__step_071,7,both,154,28
pick_coke_can__095__step_008,11,raw,64,0
pick_coke_can__095__step_008,11,raw,109,0
pick_coke_can__095__step_008,11,raw,154,0
pick_coke_can__095__step_008,11,corners,64,0
pick_coke_can__095__step_008,11,corners,109,2
pick_coke_can__095__step_008,11,corners,154,4
pick_coke_can__095__step_008,11,gaussian,64,12
pick_coke_can__095__step_008,11,gaussian,109,21
pick_coke_can__095__step_008,11,gaussian,154,21
pick_coke_can__095__step_008,11,both,64,12
pick_coke_can__095__step_008,11,both,109,21
pick_coke_can__095__step_008,11,both,154,21
pick_coke_can__095__step_008,7,raw,64,0
pick_coke_can__095__step_008,7,raw,109,0
pick_coke_can__095__step_008,7,raw,154,0
pick_coke_can__095__step_008,7,corners,64,2
pick_coke_can__095__step_008,7,corners,109,4
pick_coke_can__095__step_008,7,corners,154,4
pick_coke_can__095__step_008,7,gaussian,64,12
pick_coke_can__095__step_008,7,gaussian,109,19
pick_coke_can__095__step_008,7,gaussian,154,19
pick_coke_can__095__step_008,7,both,64,13
pick_coke_can__095__step_008,7,both,109,18
pick_coke_can__095__step_008,7,both,154,21
pick_coke_can__095__step_040,11,raw,64,0
pick_coke_can__095__step_040,11,raw,109,0
pick_coke_can__095__step_040,11,raw,154,0
pick_coke_can__095__step_040,11,corners,64,1
pick_coke_can__095__step_040,11,corners,109,2
pick_coke_can__095__step_040,11,corners,154,3
pick_coke_can__095__step_040,11,gaussian,64,11
pick_coke_can__095__step_040,11,gaussian,109,19
pick_coke_can__095__step_040,11,gaussian,154,33
pick_coke_can__095__step_040,11,both,64,12
pick_coke_can__095__step_040,11,both,109,19
pick_coke_can__095__step_040,11,both,154,35
pick_coke_can__095__step_040,7,raw,64,0
pick_coke_can__095__step_040,7,raw,109,0
pick_coke_can__095__step_040,7,raw,154,0
pick_coke_can__095__step_040,7,corners,64,2
pick_coke_can__095__step_040,7,corners,109,3
pick_coke_can__095__step_040,7,corners,154,3
pick_coke_can__095__step_040,7,gaussian,64,13
pick_coke_can__095__step_040,7,gaussian,109,26
pick_coke_can__095__step_040,7,gaussian,154,28
pick_coke_can__095__step_040,7,both,64,14
pick_coke_can__095__step_040,7,both,109,26
pick_coke_can__095__step_040,7,both,154,28
pick_coke_can__095__step_071,11,raw,64,0
pick_coke_can__095__step_071,11,raw,109,0
pick_coke_can__095__step_071,11,raw,154,0
pick_coke_can__095__step_071,11,corners,64,2
pick_coke_can__095__step_071,11,corners,109,2
pick_coke_can__095__step_071,11,corners,154,3
pick_coke_can__095__step_071,11,gaussian,64,14
pick_coke_can__095__step_071,11,gaussian,109,19
pick_coke_can__095__step_071,11,gaussian,154,31
pick_coke_can__095__step_071,11,both,64,14
pick_coke_can__095__step_071,11,both,109,20
pick_coke_can__095__step_071,11,both,154,31
pick_coke_can__095__step_071,7,raw,64,0
pick_coke_can__095__step_071,7,raw,109,0
pick_coke_can__095__step_071,7,raw,154,0
pick_coke_can__095__step_071,7,corners,64,2
pick_coke_can__095__step_071,7,corners,109,3
pick_coke_can__095__step_071,7,corners,154,3
pick_coke_can__095__step_071,7,gaussian,64,11
pick_coke_can__095__step_071,7,gaussian,109,25
pick_coke_can__095__step_071,7,gaussian,154,33
pick_coke_can__095__step_071,7,both,64,12
pick_coke_can__095__step_071,7,both,109,25
pick_coke_can__095__step_071,7,both,154,33
move_near__000__step_008,11,raw,64,0
move_near__000__step_008,11,raw,109,0
move_near__000__step_008,11,raw,154,0
move_near__000__step_008,11,corners,64,0
move_near__000__step_008,11,corners,109,0
move_near__000__step_008,11,corners,154,2
move_near__000__step_008,11,gaussian,64,8
move_near__000__step_008,11,gaussian,109,21
move_near__000__step_008,11,gaussian,154,18
move_near__000__step_008,11,both,64,8
move_near__000__step_008,11,both,109,21
move_near__000__step_008,11,both,154,18
move_near__000__step_008,7,raw,64,0
move_near__000__step_008,7,raw,109,0
move_near__000__step_008,7,raw,154,0
move_near__000__step_008,7,corners,64,1
move_near__000__step_008,7,corners,109,2
move_near__000__step_008,7,corners,154,4
move_near__000__step_008,7,gaussian,64,12
move_near__000__step_008,7,gaussian,109,22
move_near__000__step_008,7,gaussian,154,28
move_near__000__step_008,7,both,64,12
move_near__000__step_008,7,both,109,22
move_near__000__step_008,7,both,154,27
move_near__000__step_040,11,raw,64,0
move_near__000__step_040,11,raw,109,0
move_near__000__step_040,11,raw,154,0
move_near__000__step_040,11,corners,64,0
move_near__000__step_040,11,corners,109,0
move_near__000__step_040,11,corners,154,2
move_near__000__step_040,11,gaussian,64,13
move_near__000__step_040,11,gaussian,109,24
move_near__000__step_040,11,gaussian,154,23
move_near__000__step_040,11,both,64,13
move_near__000__step_040,11,both,109,24
move_near__000__step_040,11,both,154,23
move_near__000__step_040,7,raw,64,0
move_near__000__step_040,7,raw,109,0
move_near__000__step_040,7,raw,154,0
move_near__000__step_040,7,corners,64,1
move_near__000__step_040,7,corners,109,2
move_near__000__step_040,7,corners,154,2
move_near__000__step_040,7,gaussian,64,15
move_near__000__step_040,7,gaussian,109,29
move_near__000__step_040,7,gaussian,154,31
move_near__000__step_040,7,both,64,17
move_near__000__step_040,7,both,109,30
move_near__000__step_040,7,both,154,32
move_near__000__step_071,11,raw,64,0
move_near__000__step_071,11,raw,109,0
move_near__000__step_071,11,raw,154,0
move_near__000__step_071,11,corners,64,0
move_near__000__step_071,11,corners,109,0
move_near__000__step_071,11,corners,154,2
move_near__000__step_071,11,gaussian,64,15
move_near__000__step_071,11,gaussian,109,19
move_near__000__step_071,11,gaussian,154,28
move_near__000__step_071,11,both,64,15
move_near__000__step_071,11,both,109,19
move_near__000__step_071,11,both,154,28
move_near__000__step_071,7,raw,64,0
move_near__000__step_071,7,raw,109,0
move_near__000__step_071,7,raw,154,0
move_near__000__step_071,7,corners,64,1
move_near__000__step_071,7,corners,109,2
move_near__000__step_071,7,corners,154,2
move_near__000__step_071,7,gaussian,64,17
move_near__000__step_071,7,gaussian,109,21
move_near__000__step_071,7,gaussian,154,29
move_near__000__step_071,7,both,64,18
move_near__000__step_071,7,both,109,20
move_near__000__step_071,7,both,154,28
move_near__001__step_008,11,raw,64,0
move_near__001__step_008,11,raw,109,0
move_near__001__step_008,11,raw,154,0
move_near__001__step_008,11,corners,64,1
move_near__001__step_008,11,corners,109,1
move_near__001__step_008,11,corners,154,2
move_near__001__step_008,11,gaussian,64,15
move_near__001__step_008,11,gaussian,109,24
move_near__001__step_008,11,gaussian,154,25
move_near__001__step_008,11,both,64,15
move_near__001__step_008,11,both,109,24
move_near__001__step_008,11,both,154,25
move_near__001__step_008,7,raw,64,0
move_near__001__step_008,7,raw,109,0
move_near__001__step_008,7,raw,154,0
move_near__001__step_008,7,corners,64,2
move_near__001__step_008,7,corners,109,3
move_near__001__step_008,7,corners,154,3
move_near__001__step_008,7,gaussian,64,14
move_near__001__step_008,7,gaussian,109,25
move_near__001__step_008,7,gaussian,154,32
move_near__001__step_008,7,both,64,15
move_near__001__step_008,7,both,109,25
move_near__001__step_008,7,both,154,31
move_near__001__step_040,11,raw,64,0
move_near__001__step_040,11,raw,109,0
move_near__001__step_040,11,raw,154,0
move_near__001__step_040,11,corners,64,0
move_near__001__step_040,11,corners,109,1
move_near__001__step_040,11,corners,154,2
move_near__001__step_040,11,gaussian,64,13
move_near__001__step_040,11,gaussian,109,23
move_near__001__step_040,11,gaussian,154,16
move_near__001__step_040,11,both,64,13
move_near__001__step_040,11,both,109,23
move_near__001__step_040,11,both,154,17
move_near__001__step_040,7,raw,64,0
move_near__001__step_040,7,raw,109,0
move_near__001__step_040,7,raw,154,0
move_near__001__step_040,7,corners,64,1
move_near__001__step_040,7,corners,109,2
move_near__001__step_040,7,corners,154,4
move_near__001__step_040,7,gaussian,64,14
move_near__001__step_040,7,gaussian,109,21
move_near__001__step_040,7,gaussian,154,25
move_near__001__step_040,7,both,64,13
move_near__001__step_040,7,both,109,20
move_near__001__step_040,7,both,154,25
move_near__001__step_071,11,raw,64,0
move_near__001__step_071,11,raw,109,0
move_near__001__step_071,11,raw,154,0
move_near__001__step_071,11,corners,64,0
move_near__001__step_071,11,corners,109,1
move_near__001__step_071,11,corners,154,2
move_near__001__step_071,11,gaussian,64,13
move_near__001__step_071,11,gaussian,109,21
move_near__001__step_071,11,gaussian,154,16
move_near__001__step_071,11,both,64,13
move_near__001__step_071,11,both,109,21
move_near__001__step_071,11,both,154,16
move_near__001__step_071,7,raw,64,0
move_near__001__step_071,7,raw,109,0
move_near__001__step_071,7,raw,154,0
move_near__001__step_071,7,corners,64,1
move_near__001__step_071,7,corners,109,2
move_near__001__step_071,7,corners,154,3
move_near__001__step_071,7,gaussian,64,12
move_near__001__step_071,7,gaussian,109,20
move_near__001__step_071,7,gaussian,154,21
move_near__001__step_071,7,both,64,15
move_near__001__step_071,7,both,109,20
move_near__001__step_071,7,both,154,22
move_near__002__step_008,11,raw,64,0
move_near__002__step_008,11,raw,109,0
move_near__002__step_008,11,raw,154,0
move_near__002__step_008,11,corners,64,1
move_near__002__step_008,11,corners,109,1
move_near__002__step_008,11,corners,154,2
move_near__002__step_008,11,gaussian,64,14
move_near__002__step_008,11,gaussian,109,24
move_near__002__step_008,11,gaussian,154,22
move_near__002__step_008,11,both,64,15
move_near__002__step_008,11,both,109,25
move_near__002__step_008,11,both,154,22
move_near__002__step_008,7,raw,64,0
move_near__002__step_008,7,raw,109,0
move_near__002__step_008,7,raw,154,0
move_near__002__step_008,7,corners,64,2
move_near__002__step_008,7,corners,109,3
move_near__002__step_008,7,corners,154,3
move_near__002__step_008,7,gaussian,64,18
move_near__002__step_008,7,gaussian,109,24
move_near__002__step_008,7,gaussian,154,27
move_near__002__step_008,7,both,64,19
move_near__002__step_008,7,both,109,26
move_near__002__step_008,7,both,154,28
move_near__002__step_040,11,raw,64,0
move_near__002__step_040,11,raw,109,0
move_near__002__step_040,11,raw,154,0
move_near__002__step_040,11,corners,64,0
move_near__002__step_040,11,corners,109,1
move_near__002__step_040,11,corners,154,1
move_near__002__step_040,11,gaussian,64,15
move_near__002__step_040,11,gaussian,109,17
move_near__002__step_040,11,gaussian,154,21
move_near__002__step_040,11,both,64,15
move_near__002__step_040,11,both,109,17
move_near__002__step_040,11,both,154,21
move_near__002__step_040,7,raw,64,0
move_near__002__step_040,7,raw,109,0
move_near__002__step_040,7,raw,154,0
move_near__002__step_040,7,corners,64,2
move_near__002__step_040,7,corners,109,2
move_near__002__step_040,7,corners,154,3
move_near__002__step_040,7,gaussian,64,20
move_near__002__step_040,7,gaussian,109,22
move_near__002__step_040,7,gaussian,154,31
move_near__002__step_040,7,both,64,20
move_near__002__step_040,7,both,109,23
move_near__002__step_040,7,both,154,29
move_near__002__step_071,11,raw,64,0
move_near__002__step_071,11,raw,109,0
move_near__002__step_071,11,raw,154,0
move_near__002__step_071,11,corners,64,0
move_near__002__step_071,11,corners,109,1
move_near__002__step_071,11,corners,154,1
move_near__002__step_071,11,gaussian,64,13
move_near__002__step_071,11,gaussian,109,21
move_near__002__step_071,11,gaussian,154,21
move_near__002__step_071,11,both,64,13
move_near__002__step_071,11,both,109,21
move_near__002__step_071,11,both,154,21
move_near__002__step_071,7,raw,64,0
move_near__002__step_071,7,raw,109,0
move_near__002__step_071,7,raw,154,0
move_near__002__step_071,7,corners,64,2
move_near__002__step_071,7,corners,109,2
move_near__002__step_071,7,corners,154,3
move_near__002__step_071,7,gaussian,64,18
move_near__002__step_071,7,gaussian,109,22
move_near__002__step_071,7,gaussian,154,30
move_near__002__step_071,7,both,64,20
move_near__002__step_071,7,both,109,22
move_near__002__step_071,7,both,154,30
move_near__031__step_008,11,raw,64,0
move_near__031__step_008,11,raw,109,0
move_near__031__step_008,11,raw,154,0
move_near__031__step_008,11,corners,64,0
move_near__031__step_008,11,corners,109,1
move_near__031__step_008,11,corners,154,3
move_near__031__step_008,11,gaussian,64,11
move_near__031__step_008,11,gaussian,109,19
move_near__031__step_008,11,gaussian,154,21
move_near__031__step_008,11,both,64,11
move_near__031__step_008,11,both,109,19
move_near__031__step_008,11,both,154,21
move_near__031__step_008,7,raw,64,0
move_near__031__step_008,7,raw,109,0
move_near__031__step_008,7,raw,154,0
move_near__031__step_008,7,corners,64,1
move_near__031__step_008,7,corners,109,3
move_near__031__step_008,7,corners,154,3
move_near__031__step_008,7,gaussian,64,12
move_near__031__step_008,7,gaussian,109,17
move_near__031__step_008,7,gaussian,154,27
move_near__031__step_008,7,both,64,13
move_near__031__step_008,7,both,109,19
move_near__031__step_008,7,both,154,28
move_near__031__step_040,11,raw,64,0
move_near__031__step_040,11,raw,109,0
move_near__031__step_040,11,raw,154,0
move_near__031__step_040,11,corners,64,0
move_near__031__step_040,11,corners,109,1
move_near__031__step_040,11,corners,154,2
move_near__031__step_040,11,gaussian,64,13
move_near__031__step_040,11,gaussian,109,18
move_near__031__step_040,11,gaussian,154,26
move_near__031__step_040,11,both,64,13
move_near__031__step_040,11,both,109,18
move_near__031__step_040,11,both,154,26
move_near__031__step_040,7,raw,64,0
move_near__031__step_040,7,raw,109,0
move_near__031__step_040,7,raw,154,0
move_near__031__step_040,7,corners,64,1
move_near__031__step_040,7,corners,109,2
move_near__031__step_040,7,corners,154,3
move_near__031__step_040,7,gaussian,64,10
move_near__031__step_040,7,gaussian,109,23
move_near__031__step_040,7,gaussian,154,32
move_near__031__step_040,7,both,64,9
move_near__031__step_040,7,both,109,22
move_near__031__step_040,7,both,154,32
move_near__031__step_071,11,raw,64,0
move_near__031__step_071,11,raw,109,0
move_near__031__step_071,11,raw,154,0
move_near__031__step_071,11,corners,64,0
move_near__031__step_071,11,corners,109,1
move_near__031__step_071,11,corners,154,2
move_near__031__step_071,11,gaussian,64,13
move_near__031__step_071,11,gaussian,109,21
move_near__031__step_071,11,gaussian,154,29
move_near__031__step_071,11,both,64,13
move_near__031__step_071,11,both,109,21
move_near__031__step_071,11,both,154,29
move_near__031__step_071,7,raw,64,0
move_near__031__step_071,7,raw,109,0
move_near__031__step_071,7,raw,154,0
move_near__031__step_071,7,corners,64,2
move_near__031__step_071,7,corners,109,2
move_near__031__step_071,7,corners,154,3
move_near__031__step_071,7,gaussian,64,17
move_near__031__step_071,7,gaussian,109,26
move_near__031__step_071,7,gaussian,154,30
move_near__031__step_071,7,both,64,17
move_near__031__step_071,7,both,109,25
move_near__031__step_071,7,both,154,30
move_near__073__step_008,11,raw,64,0
move_near__073__step_008,11,raw,109,0
move_near__073__step_008,11,raw,154,0
move_near__073__step_008,11,corners,64,0
move_near__073__step_008,11,corners,109,1
move_near__073__step_008,11,corners,154,2
move_near__073__step_008,11,gaussian,64,11
move_near__073__step_008,11,gaussian,109,19
move_near__073__step_008,11,gaussian,154,26
move_near__073__step_008,11,both,64,11
move_near__073__step_008,11,both,109,19
move_near__073__step_008,11,both,154,26
move_near__073__step_008,7,raw,64,0
move_near__073__step_008,7,raw,109,0
move_near__073__step_008,7,raw,154,0
move_near__073__step_008,7,corners,64,2
move_near__073__step_008,7,corners,109,3
move_near__073__step_008,7,corners,154,3
move_near__073__step_008,7,gaussian,64,9
move_near__073__step_008,7,gaussian,109,25
move_near__073__step_008,7,gaussian,154,32
move_near__073__step_008,7,both,64,10
move_near__073__step_008,7,both,109,25
move_near__073__step_008,7,both,154,32
move_near__073__step_040,11,raw,64,0
move_near__073__step_040,11,raw,109,0
move_near__073__step_040,11,raw,154,0
move_near__073__step_040,11,corners,64,0
move_near__073__step_040,11,corners,109,0
move_near__073__step_040,11,corners,154,1
move_near__073__step_040,11,gaussian,64,7
move_near__073__step_040,11,gaussian,109,22
move_near__073__step_040,11,gaussian,154,19
move_near__073__step_040,11,both,64,7
move_near__073__step_040,11,both,109,22
move_near__073__step_040,11,both,154,19
move_near__073__step_040,7,raw,64,0
move_near__073__step_040,7,raw,109,0
move_near__073__step_040,7,raw,154,0
move_near__073__step_040,7,corners,64,2
move_near__073__step_040,7,corners,109,2
move_near__073__step_040,7,corners,154,3
move_near__073__step_040,7,gaussian,64,14
move_near__073__step_040,7,gaussian,109,17
move_near__073__step_040,7,gaussian,154,27
move_near__073__step_040,7,both,64,15
move_near__073__step_040,7,both,109,19
move_near__073__step_040,7,both,154,28
move_near__073__step_071,11,raw,64,0
move_near__073__step_071,11,raw,109,0
move_near__073__step_071,11,raw,154,0
move_near__073__step_071,11,corners,64,0
move_near__073__step_071,11,corners,109,1
move_near__073__step_071,11,corners,154,1
move_near__073__step_071,11,gaussian,64,12
move_near__073__step_071,11,gaussian,109,21
move_near__073__step_071,11,gaussian,154,20
move_near__073__step_071,11,both,64,12
move_near__073__step_071,11,both,109,21
move_near__073__step_071,11,both,154,20
move_near__073__step_071,7,raw,64,0
move_near__073__step_071,7,raw,109,0
move_near__073__step_071,7,raw,154,0
move_near__073__step_071,7,corners,64,2
move_near__073__step_071,7,corners,109,2
move_near__073__step_071,7,corners,154,3
move_near__073__step_071,7,gaussian,64,12
move_near__073__step_071,7,gaussian,109,20
move_near__073__step_071,7,gaussian,154,29
move_near__073__step_071,7,both,64,12
move_near__073__step_071,7,both,109,21
move_near__073__step_071,7,both,154,29
