state_id,task,seed,source_step,phase,outcome_category,instruction,m,arm,num_components,isolated_token_ratio,largest_component_ratio,boundary_edges_per_token,corner_ratio,outer_ring_ratio,feature_perturbation_total,selected_mean_relative_perturbation,centered_residual_norm,winner_flip_count,feature_perturbation_relative_global,selected_mean_patch_perturbation,standard_overlap,standard_jaccard,standard_residual_cosine,centered_residual_norm_per_dim,clean_action,guided_action,dimensions
google_robot_open_drawer__seed000__step011,google_robot_open_drawer,0,11,early,standard_only,open top drawer,35,standard_shr,1,0.0,1.0,0.8,0.0,0.0,156.14971923828125,0.8734515309333801,147.80491638183594,3,0.318734514006414,25.87281608581543,,,,"[56.79216766357422, 63.70088577270508, 74.88768005371094, 46.98314666748047, 61.356201171875, 54.616641998291016]","[0.0431963870718198, 0.06127561335966844, -0.11952758310589137, 0.1334953798166676, -0.021177038167037532, 0.18611462633808395, 0.996078431372549]","[0.006867016983382795, 0.06127561335966844, -0.11952758310589137, 0.18147129810849816, 0.07570486950173055, 0.18611462633808395, 0.996078431372549]","[{""action_delta"":-0.03632937008843701,""clean_action_value"":0.0431963870718198,""clean_margin"":0.1875,""clean_winner"":86,""dimension"":0,""guided_action_value"":0.006867016983382795,""guided_winner"":109,""guided_winner_clean_rank"":2,""inequality_predicts_flip"":true,""lambda_residual_advantage"":1.765625,""residual_advantage"":3.53125,""winner_flipped"":true},{""action_delta"":0.0,""clean_action_value"":0.06127561335966844,""clean_margin"":0.0,""clean_winner"":76,""dimension"":1,""guided_action_value"":0.06127561335966844,""guided_winner"":76,""guided_winner_clean_rank"":1,""inequality_predicts_flip"":false,""lambda_residual_advantage"":0.0,""residual_advantage"":0.0,""winner_flipped"":false},{""action_delta"":0.0,""clean_action_value"":-0.11952758310589137,""clean_margin"":0.0,""clean_winner"":192,""dimension"":2,""guided_action_value"":-0.11952758310589137,""guided_winner"":192,""guided_winner_clean_rank"":1,""inequality_predicts_flip"":false,""lambda_residual_advantage"":0.0,""residual_advantage"":0.0,""winner_flipped"":false},{""action_delta"":0.047975918291830566,""clean_action_value"":0.1334953798166676,""clean_margin"":0.125,""clean_winner"":124,""dimension"":3,""guided_action_value"":0.18147129810849816,""guided_winner"":111,""guided_winner_clean_rank"":2,""inequality_predicts_flip"":true,""lambda_residual_advantage"":1.4375,""residual_advantage"":2.875,""winner_flipped"":true},{""action_delta"":0.09688190766876809,""clean_action_value"":-0.021177038167037532,""clean_margin"":2.0625,""clean_winner"":124,""dimension"":4,""guided_action_value"":0.07570486950173055,""guided_winner"":92,""guided_winner_clean_rank"":3,""inequality_predicts_flip"":true,""lambda_residual_advantage"":2.625,""residual_advantage"":5.25,""winner_flipped"":true},{""action_delta"":0.0,""clean_action_value"":0.18611462633808395,""clean_margin"":0.0,""clean_winner"":76,""dimension"":5,""guided_action_value"":0.18611462633808395,""guided_winner"":76,""guided_winner_clean_rank"":1,""inequality_predicts_flip"":false,""lambda_residual_advantage"":0.0,""residual_advantage"":0.0,""winner_flipped"":false}]"
google_robot_open_drawer__seed000__step011,google_robot_open_drawer,0,11,early,standard_only,open top drawer,35,prompt_attn_shr,18,0.22857142857142856,0.14285714285714285,2.6285714285714286,0.02857142857142857,0.3142857142857143,138.9203643798828,0.778700053691864,142.70660400390625,1,0.2835657665105852,23.015090942382812,0.14285714285714285,0.07692307692307693,0.18125802278518677,"[51.059364318847656, 53.426090240478516, 58.91730499267578, 64.02698516845703, 60.15778732299805, 60.94346237182617]","[0.0431963870718198, 0.06127561335966844, -0.11952758310589137, 0.1334953798166676, -0.021177038167037532, 0.18611462633808395, 0.996078431372549]","[0.0431963870718198, 0.06127561335966844, -0.11952758310589137, 0.1334953798166676, -0.021177038167037532, 0.016170823365449505, 0.996078431372549]","[{""action_delta"":0.0,""clean_action_value"":0.0431963870718198,""clean_margin"":0.0,""clean_winner"":86,""dimension"":0,""guided_action_value"":0.0431963870718198,""guided_winner"":86,""guided_winner_clean_rank"":1,""inequality_predicts_flip"":false,""lambda_residual_advantage"":0.0,""residual_advantage"":0.0,""winner_flipped"":false},{""action_delta"":0.0,""clean_action_value"":0.06127561335966844,""clean_margin"":0.0,""clean_winner"":76,""dimension"":1,""guided_action_value"":0.06127561335966844,""guided_winner"":76,""guided_winner_clean_rank"":1,""inequality_predicts_flip"":false,""lambda_residual_advantage"":0.0,""residual_advantage"":0.0,""winner_flipped"":false},{""action_delta"":0.0,""clean_action_value"":-0.11952758310589137,""clean_margin"":0.0,""clean_winner"":192,""dimension"":2,""guided_action_value"":-0.11952758310589137,""guided_winner"":192,""guided_winner_clean_rank"":1,""inequality_predicts_flip"":false,""lambda_residual_advantage"":0.0,""residual_advantage"":0.0,""winner_flipped"":false},{""action_delta"":0.0,""clean_action_value"":0.1334953798166676,""clean_margin"":0.0,""clean_winner"":124,""dimension"":3,""guided_action_value"":0.1334953798166676,""guided_winner"":124,""guided_winner_clean_rank"":1,""inequality_predicts_flip"":false,""lambda_residual_advantage"":0.0,""residual_advantage"":0.0,""winner_flipped"":false},{""action_delta"":0.0,""clean_action_value"":-0.021177038167037532,""clean_margin"":0.0,""clean_winner"":124,""dimension"":4,""guided_action_value"":-0.021177038167037532,""guided_winner"":124,""guided_winner_clean_rank"":1,""inequality_predicts_flip"":false,""lambda_residual_advantage"":0.0,""residual_advantage"":0.0,""winner_flipped"":false},{""action_delta"":-0.16994380297263445,""clean_action_value"":0.18611462633808395,""clean_margin"":2.0,""clean_winner"":76,""dimension"":5,""guided_action_value"":0.016170823365449505,""guided_winner"":125,""guided_winner_clean_rank"":4,""inequality_predicts_flip"":true,""lambda_residual_advantage"":4.9375,""residual_advantage"":9.875,""winner_flipped"":true}]"
google_robot_open_drawer__seed000__step011,google_robot_open_drawer,0,11,early,standard_only,open top drawer,35,random_shr,24,0.4857142857142857,0.14285714285714285,3.0,0.0,0.37142857142857144,111.04143524169922,0.6791858077049255,53.16073226928711,0,0.2266589915690409,18.42774200439453,0.08571428571428572,0.04477611940298507,0.0846325233578682,"[25.003677368164062, 18.689455032348633, 31.43001937866211, 16.17887306213379, 17.04945182800293, 17.643648147583008]","[0.0431963870718198, 0.06127561335966844, -0.11952758310589137, 0.1334953798166676, -0.021177038167037532, 0.18611462633808395, 0.996078431372549]","[0.0431963870718198, 0.06127561335966844, -0.11952758310589137, 0.1334953798166676, -0.021177038167037532, 0.18611462633808395, 0.996078431372549]","[{""action_delta"":0.0,""clean_action_value"":0.0431963870718198,""clean_margin"":0.0,""clean_winner"":86,""dimension"":0,""guided_action_value"":0.0431963870718198,""guided_winner"":86,""guided_winner_clean_rank"":1,""inequality_predicts_flip"":false,""lambda_residual_advantage"":0.0,""residual_advantage"":0.0,""winner_flipped"":false},{""action_delta"":0.0,""clean_action_value"":0.06127561335966844,""clean_margin"":0.0,""clean_winner"":76,""dimension"":1,""guided_action_value"":0.06127561335966844,""guided_winner"":76,""guided_winner_clean_rank"":1,""inequality_predicts_flip"":false,""lambda_residual_advantage"":0.0,""residual_advantage"":0.0,""winner_flipped"":false},{""action_delta"":0.0,""clean_action_value"":-0.11952758310589137,""clean_margin"":0.0,""clean_winner"":192,""dimension"":2,""guided_action_value"":-0.11952758310589137,""guided_winner"":192,""guided_winner_clean_rank"":1,""inequality_predicts_flip"":false,""lambda_residual_advantage"":0.0,""residual_advantage"":0.0,""winner_flipped"":false},{""action_delta"":0.0,""clean_action_value"":0.1334953798166676,""clean_margin"":0.0,""clean_winner"":124,""dimension"":3,""guided_action_value"":0.1334953798166676,""guided_winner"":124,""guided_winner_clean_rank"":1,""inequality_predicts_flip"":false,""lambda_residual_advantage"":0.0,""residual_advantage"":0.0,""winner_flipped"":false},{""action_delta"":0.0,""clean_action_value"":-0.021177038167037532,""clean_margin"":0.0,""clean_winner"":124,""dimension"":4,""guided_action_value"":-0.021177038167037532,""guided_winner"":124,""guided_winner_clean_rank"":1,""inequality_predicts_flip"":false,""lambda_residual_advantage"":0.0,""residual_advantage"":0.0,""winner_flipped"":false},{""action_delta"":0.0,""clean_action_value"":0.18611462633808395,""clean_margin"":0.0,""clean_winner"":76,""dimension"":5,""guided_action_value"":0.18611462633808395,""guided_winner"":76,""guided_winner_clean_rank"":1,""inequality_predicts_flip"":false,""lambda_residual_advantage"":0.0,""residual_advantage"":0.0,""winner_flipped"":false}]"
google_robot_open_drawer__seed000__step056,google_robot_open_drawer,0,56,middle,standard_only,open top drawer,40,standard_shr,2,0.025,0.975,1.15,0.0,0.0,184.28004455566406,1.047499418258667,203.78216552734375,3,0.3649060618152099,28.469974517822266,,,,"[64.8335952758789, 89.68466186523438, 92.12010192871094, 84.11876678466797, 99.18096923828125, 62.30158996582031]","[-0.10528016894179233, -0.03558503808957701, -0.03305444768246485, -0.039956017084565865, 0.35121279443479, 0.20345583072304674, 0.0]","[-0.10528016894179233, 0.019263764538308997, -0.03305444768246485, -0.039956017084565865, 0.27552380406856486, -0.15030473873019246, 0.0]","[{""action_delta"":0.0,""clean_action_value"":-0.10528016894179233,""clean_margin"":0.0,""clean_winner"":180,""dimension"":0,""guided_action_value"":-0.10528016894179233,""guided_winner"":180,""guided_winner_clean_rank"":1,""inequality_predicts_flip"":false,""lambda_residual_advantage"":0.0,""residual_advantage"":0.0,""winner_flipped"":false},{""action_delta"":0.05484880262788601,""clean_action_value"":-0.03558503808957701,""clean_margin"":3.0,""clean_winner"":159,""dimension"":1,""guided_action_value"":0.019263764538308997,""guided_winner"":112,""guided_winner_clean_rank"":4,""inequality_predicts_flip"":true,""lambda_residual_advantage"":3.078125,""residual_advantage"":6.15625,""winner_flipped"":true},{""action_delta"":0.0,""clean_action_value"":-0.03305444768246485,""clean_margin"":0.0,""clean_winner"":143,""dimension"":2,""guided_action_value"":-0.03305444768246485,""guided_winner"":143,""guided_winner_clean_rank"":1,""inequality_predicts_flip"":false,""lambda_residual_advantage"":0.0,""residual_advantage"":0.0,""winner_flipped"":false},{""action_delta"":0.0,""clean_action_value"":-0.039956017084565865,""clean_margin"":0.0,""clean_winner"":171,""dimension"":3,""guided_action_value"":-0.039956017084565865,""guided_winner"":171,""guided_winner_clean_rank"":1,""inequality_predicts_flip"":false,""lambda_residual_advantage"":0.0,""residual_advantage"":0.0,""winner_flipped"":false},{""action_delta"":-0.07568899036622512,""clean_action_value"":0.35121279443479,""clean_margin"":2.0,""clean_winner"":0,""dimension"":4,""guided_action_value"":0.27552380406856486,""guided_winner"":26,""guided_winner_clean_rank"":5,""inequality_predicts_flip"":true,""lambda_residual_advantage"":8.234375,""residual_advantage"":16.46875,""winner_flipped"":true},{""action_delta"":-0.3537605694532392,""clean_action_value"":0.20345583072304674,""clean_margin"":2.125,""clean_winner"":71,""dimension"":5,""guided_action_value"":-0.15030473873019246,""guided_winner"":173,""guided_winner_clean_rank"":6,""inequality_predicts_flip"":true,""lambda_residual_advantage"":2.265625,""residual_advantage"":4.53125,""winner_flipped"":true}]"
google_robot_open_drawer__seed000__step056,google_robot_open_drawer,0,56,middle,standard_only,open top drawer,40,prompt_attn_shr,16,0.25,0.325,2.275,0.025,0.25,166.408203125,0.874363124370575,187.64016723632812,2,0.3295167537131076,25.77646827697754,0.375,0.23076923076923078,0.5837011337280273,"[73.65263366699219, 80.34070587158203, 100.02474975585938, 69.74990844726562, 78.55734252929688, 47.83549118041992]","[-0.10528016894179233, -0.03558503808957701, -0.03305444768246485, -0.039956017084565865, 0.35121279443479, 0.20345583072304674, 0.0]","[-0.10528016894179233, 0.004092819130595837, -0.03305444768246485, -0.039956017084565865, 0.27552380406856486, 0.20345583072304674, 0.0]","[{""action_delta"":0.0,""clean_action_value"":-0.10528016894179233,""clean_margin"":0.0,""clean_winner"":180,""dimension"":0,""guided_action_value"":-0.10528016894179233,""guided_winner"":180,""guided_winner_clean_rank"":1,""inequality_predicts_flip"":false,""lambda_residual_advantage"":0.0,""residual_advantage"":0.0,""winner_flipped"":false},{""action_delta"":0.03967785722017285,""clean_action_value"":-0.03558503808957701,""clean_margin"":1.125,""clean_winner"":159,""dimension"":1,""guided_action_value"":0.004092819130595837,""guided_winner"":125,""guided_winner_clean_rank"":2,""inequality_predicts_flip"":true,""lambda_residual_advantage"":1.96875,""residual_advantage"":3.9375,""winner_flipped"":true},{""action_delta"":0.0,""clean_action_value"":-0.03305444768246485,""clean_margin"":0.0,""clean_winner"":143,""dimension"":2,""guided_action_value"":-0.03305444768246485,""guided_winner"":143,""guided_winner_clean_rank"":1,""inequality_predicts_flip"":false,""lambda_residual_advantage"":0.0,""residual_advantage"":0.0,""winner_flipped"":false},{""action_delta"":0.0,""clean_action_value"":-0.039956017084565865,""clean_margin"":0.0,""clean_winner"":171,""dimension"":3,""guided_action_value"":-0.039956017084565865,""guided_winner"":171,""guided_winner_clean_rank"":1,""inequality_predicts_flip"":false,""lambda_residual_advantage"":0.0,""residual_advantage"":0.0,""winner_flipped"":false},{""action_delta"":-0.07568899036622512,""clean_action_value"":0.35121279443479,""clean_margin"":2.0,""clean_winner"":0,""dimension"":4,""guided_action_value"":0.27552380406856486,""guided_winner"":26,""guided_winner_clean_rank"":5,""inequality_predicts_flip"":true,""lambda_residual_advantage"":5.171875,""residual_advantage"":10.34375,""winner_flipped"":true},{""action_delta"":0.0,""clean_action_value"":0.20345583072304674,""clean_margin"":0.0,""clean_winner"":71,""dimension"":5,""guided_action_value"":0.20345583072304674,""guided_winner"":71,""guided_winner_clean_rank"":1,""inequality_predicts_flip"":false,""lambda_residual_advantage"":0.0,""residual_advantage"":0.0,""winner_flipped"":false}]"
google_robot_open_drawer__seed000__step056,google_robot_open_drawer,0,56,middle,standard_only,open top drawer,40,random_shr,23,0.375,0.15,2.95,0.0,0.15,136.82479858398438,0.6513935327529907,72.0042495727539,1,0.270936544053524,20.541202545166016,0.225,0.1267605633802817,0.07669070363044739,"[37.99427032470703, 37.70120620727539, 29.61272430419922, 20.31238555908203, 26.156648635864258, 18.600818634033203]","[-0.10528016894179233, -0.03558503808957701, -0.03305444768246485, -0.039956017084565865, 0.35121279443479, 0.20345583072304674, 0.0]","[-0.13687092554043323, -0.03558503808957701, -0.03305444768246485, -0.039956017084565865, 0.35121279443479, 0.20345583072304674, 0.0]","[{""action_delta"":-0.0315907565986409,""clean_action_value"":-0.10528016894179233,""clean_margin"":2.125,""clean_winner"":180,""dimension"":0,""guided_action_value"":-0.13687092554043323,""guided_winner"":200,""guided_winner_clean_rank"":3,""inequality_predicts_flip"":true,""lambda_residual_advantage"":2.375,""residual_advantage"":4.75,""winner_flipped"":true},{""action_delta"":0.0,""clean_action_value"":-0.03558503808957701,""clean_margin"":0.0,""clean_winner"":159,""dimension"":1,""guided_action_value"":-0.03558503808957701,""guided_winner"":159,""guided_winner_clean_rank"":1,""inequality_predicts_flip"":false,""lambda_residual_advantage"":0.0,""residual_advantage"":0.0,""winner_flipped"":false},{""action_delta"":0.0,""clean_action_value"":-0.03305444768246485,""clean_margin"":0.0,""clean_winner"":143,""dimension"":2,""guided_action_value"":-0.03305444768246485,""guided_winner"":143,""guided_winner_clean_rank"":1,""inequality_predicts_flip"":false,""lambda_residual_advantage"":0.0,""residual_advantage"":0.0,""winner_flipped"":false},{""action_delta"":0.0,""clean_action_value"":-0.039956017084565865,""clean_margin"":0.0,""clean_winner"":171,""dimension"":3,""guided_action_value"":-0.039956017084565865,""guided_winner"":171,""guided_winner_clean_rank"":1,""inequality_predicts_flip"":false,""lambda_residual_advantage"":0.0,""residual_advantage"":0.0,""winner_flipped"":false},{""action_delta"":0.0,""clean_action_value"":0.35121279443479,""clean_margin"":0.0,""clean_winner"":0,""dimension"":4,""guided_action_value"":0.35121279443479,""guided_winner"":0,""guided_winner_clean_rank"":1,""inequality_predicts_flip"":false,""lambda_residual_advantage"":0.0,""residual_advantage"":0.0,""winner_flipped"":false},{""action_delta"":0.0,""clean_action_value"":0.20345583072304674,""clean_margin"":0.0,""clean_winner"":71,""dimension"":5,""guided_action_value"":0.20345583072304674,""guided_winner"":71,""guided_winner_clean_rank"":1,""inequality_predicts_flip"":false,""lambda_residual_advantage"":0.0,""residual_advantage"":0.0,""winner_flipped"":false}]"
google_robot_open_drawer__seed000__step101,google_robot_open_drawer,0,101,late,standard_only,open top drawer,23,standard_shr,1,0.0,1.0,1.2173913043478262,0.0,0.0,140.17860412597656,0.8606448173522949,126.77598571777344,0,0.29853182735925915,28.7156925201416,,,,"[62.377235412597656, 75.12540435791016, 56.840091705322266, 39.60144805908203, 29.300861358642578, 29.66132354736328]","[0.0005488656636546407, -0.0005751640717774342, 0.00047595176743520096, 0.0006389907008292339, 1.5879135505492137e-05, -0.0011703810195131115, 0.996078431372549]","[0.0005488656636546407, -0.0005751640717774342, 0.00047595176743520096, 0.0006389907008292339, 1.5879135505492137e-05, -0.0011703810195131115, 0.996078431372549]","[{""action_delta"":0.0,""clean_action_value"":0.0005488656636546407,""clean_margin"":0.0,""clean_winner"":113,""dimension"":0,""guided_action_value"":0.0005488656636546407,""guided_winner"":113,""guided_winner_clean_rank"":1,""inequality_predicts_flip"":false,""lambda_residual_advantage"":0.0,""residual_advantage"":0.0,""winner_flipped"":false},{""action_delta"":0.0,""clean_action_value"":-0.0005751640717774342,""clean_margin"":0.0,""clean_winner"":129,""dimension"":1,""guided_action_value"":-0.0005751640717774342,""guided_winner"":129,""guided_winner_clean_rank"":1,""inequality_predicts_flip"":false,""lambda_residual_advantage"":0.0,""residual_advantage"":0.0,""winner_flipped"":false},{""action_delta"":0.0,""clean_action_value"":0.00047595176743520096,""clean_margin"":0.0,""clean_winner"":124,""dimension"":2,""guided_action_value"":0.00047595176743520096,""guided_winner"":124,""guided_winner_clean_rank"":1,""inequality_predicts_flip"":false,""lambda_residual_advantage"":0.0,""residual_advantage"":0.0,""winner_flipped"":false},{""action_delta"":0.0,""clean_action_value"":0.0006389907008292339,""clean_margin"":0.0,""clean_winner"":160,""dimension"":3,""guided_action_value"":0.0006389907008292339,""guided_winner"":160,""guided_winner_clean_rank"":1,""inequality_predicts_flip"":false,""lambda_residual_advantage"":0.0,""residual_advantage"":0.0,""winner_flipped"":false},{""action_delta"":0.0,""clean_action_value"":1.5879135505492137e-05,""clean_margin"":0.0,""clean_winner"":117,""dimension"":4,""guided_action_value"":1.5879135505492137e-05,""guided_winner"":117,""guided_winner_clean_rank"":1,""inequality_predicts_flip"":false,""lambda_residual_advantage"":0.0,""residual_advantage"":0.0,""winner_flipped"":false},{""action_delta"":0.0,""clean_action_value"":-0.0011703810195131115,""clean_margin"":0.0,""clean_winner"":130,""dimension"":5,""guided_action_value"":-0.0011703810195131115,""guided_winner"":130,""guided_winner_clean_rank"":1,""inequality_predicts_flip"":false,""lambda_residual_advantage"":0.0,""residual_advantage"":0.0,""winner_flipped"":false}]"
google_robot_open_drawer__seed000__step101,google_robot_open_drawer,0,101,late,standard_only,open top drawer,23,prompt_attn_shr,16,0.5217391304347826,0.17391304347826086,3.0434782608695654,0.043478260869565216,0.30434782608695654,104.45734405517578,0.7405880689620972,109.57335662841797,0,0.22245792784369564,21.325092315673828,0.17391304347826086,0.09523809523809523,0.16032986342906952,"[64.98928833007812, 51.33516311645508, 47.85054016113281, 34.53395080566406, 28.531972885131836, 29.173128128051758]","[0.0005488656636546407, -0.0005751640717774342, 0.00047595176743520096, 0.0006389907008292339, 1.5879135505492137e-05, -0.0011703810195131115, 0.996078431372549]","[0.0005488656636546407, -0.0005751640717774342, 0.00047595176743520096, 0.0006389907008292339, 1.5879135505492137e-05, -0.0011703810195131115, 0.996078431372549]","[{""action_delta"":0.0,""clean_action_value"":0.0005488656636546407,""clean_margin"":0.0,""clean_winner"":113,""dimension"":0,""guided_action_value"":0.0005488656636546407,""guided_winner"":113,""guided_winner_clean_rank"":1,""inequality_predicts_flip"":false,""lambda_residual_advantage"":0.0,""residual_advantage"":0.0,""winner_flipped"":false},{""action_delta"":0.0,""clean_action_value"":-0.0005751640717774342,""clean_margin"":0.0,""clean_winner"":129,""dimension"":1,""guided_action_value"":-0.0005751640717774342,""guided_winner"":129,""guided_winner_clean_rank"":1,""inequality_predicts_flip"":false,""lambda_residual_advantage"":0.0,""residual_advantage"":0.0,""winner_flipped"":false},{""action_delta"":0.0,""clean_action_value"":0.00047595176743520096,""clean_margin"":0.0,""clean_winner"":124,""dimension"":2,""guided_action_value"":0.00047595176743520096,""guided_winner"":124,""guided_winner_clean_rank"":1,""inequality_predicts_flip"":false,""lambda_residual_advantage"":0.0,""residual_advantage"":0.0,""winner_flipped"":false},{""action_delta"":0.0,""clean_action_value"":0.0006389907008292339,""clean_margin"":0.0,""clean_winner"":160,""dimension"":3,""guided_action_value"":0.0006389907008292339,""guided_winner"":160,""guided_winner_clean_rank"":1,""inequality_predicts_flip"":false,""lambda_residual_advantage"":0.0,""residual_advantage"":0.0,""winner_flipped"":false},{""action_delta"":0.0,""clean_action_value"":1.5879135505492137e-05,""clean_margin"":0.0,""clean_winner"":117,""dimension"":4,""guided_action_value"":1.5879135505492137e-05,""guided_winner"":117,""guided_winner_clean_rank"":1,""inequality_predicts_flip"":false,""lambda_residual_advantage"":0.0,""residual_advantage"":0.0,""winner_flipped"":false},{""action_delta"":0.0,""clean_action_value"":-0.0011703810195131115,""clean_margin"":0.0,""clean_winner"":130,""dimension"":5,""guided_action_value"":-0.0011703810195131115,""guided_winner"":130,""guided_winner_clean_rank"":1,""inequality_predicts_flip"":false,""lambda_residual_advantage"":0.0,""residual_advantage"":0.0,""winner_flipped"":false}]"
google_robot_open_drawer__seed000__step101,google_robot_open_drawer,0,101,late,standard_only,open top drawer,23,random_shr,15,0.43478260869565216,0.17391304347826086,3.0434782608695654,0.043478260869565216,0.21739130434782608,90.40868377685547,0.6745888590812683,51.78438949584961,0,0.1925391520719856,18.39211654663086,0.08695652173913043,0.045454545454545456,0.11266813427209854,"[32.49517822265625, 17.442426681518555, 29.368738174438477, 12.548174858093262, 8.004409790039062, 15.407724380493164]","[0.0005488656636546407, -0.0005751640717774342, 0.00047595176743520096, 0.0006389907008292339, 1.5879135505492137e-05, -0.0011703810195131115, 0.996078431372549]","[0.0005488656636546407, -0.0005751640717774342, 0.00047595176743520096, 0.0006389907008292339, 1.5879135505492137e-05, -0.0011703810195131115, 0.996078431372549]","[{""action_delta"":0.0,""clean_action_value"":0.0005488656636546407,""clean_margin"":0.0,""clean_winner"":113,""dimension"":0,""guided_action_value"":0.0005488656636546407,""guided_winner"":113,""guided_winner_clean_rank"":1,""inequality_predicts_flip"":false,""lambda_residual_advantage"":0.0,""residual_advantage"":0.0,""winner_flipped"":false},{""action_delta"":0.0,""clean_action_value"":-0.0005751640717774342,""clean_margin"":0.0,""clean_winner"":129,""dimension"":1,""guided_action_value"":-0.0005751640717774342,""guided_winner"":129,""guided_winner_clean_rank"":1,""inequality_predicts_flip"":false,""lambda_residual_advantage"":0.0,""residual_advantage"":0.0,""winner_flipped"":false},{""action_delta"":0.0,""clean_action_value"":0.00047595176743520096,""clean_margin"":0.0,""clean_winner"":124,""dimension"":2,""guided_action_value"":0.00047595176743520096,""guided_winner"":124,""guided_winner_clean_rank"":1,""inequality_predicts_flip"":false,""lambda_residual_advantage"":0.0,""residual_advantage"":0.0,""winner_flipped"":false},{""action_delta"":0.0,""clean_action_value"":0.0006389907008292339,""clean_margin"":0.0,""clean_winner"":160,""dimension"":3,""guided_action_value"":0.0006389907008292339,""guided_winner"":160,""guided_winner_clean_rank"":1,""inequality_predicts_flip"":false,""lambda_residual_advantage"":0.0,""residual_advantage"":0.0,""winner_flipped"":false},{""action_delta"":0.0,""clean_action_value"":1.5879135505492137e-05,""clean_margin"":0.0,""clean_winner"":117,""dimension"":4,""guided_action_value"":1.5879135505492137e-05,""guided_winner"":117,""guided_winner_clean_rank"":1,""inequality_predicts_flip"":false,""lambda_residual_advantage"":0.0,""residual_advantage"":0.0,""winner_flipped"":false},{""action_delta"":0.0,""clean_action_value"":-0.0011703810195131115,""clean_margin"":0.0,""clean_winner"":130,""dimension"":5,""guided_action_value"":-0.0011703810195131115,""guided_winner"":130,""guided_winner_clean_rank"":1,""inequality_predicts_flip"":false,""lambda_residual_advantage"":0.0,""residual_advantage"":0.0,""winner_flipped"":false}]"
