task,seed,category,control_step,phase,sector,removed_count,removed_tokens,mean_removed_prompt_rank,mean_removed_prompt_attention,progress_full,progress_ablation,delta_progress_vs_full,delta_progress_per_removed_token,first_action_l2_vs_full,residual_cosine_vs_full,ablation_improves_2mm,ablation_worsens_2mm
close_drawer,0,rescue,0,approach,r0_c1,4,31;46;63;79,24.5,0.003941173665225506,0.022231234468728545,0.028678012184336354,0.00644677771560781,0.0016116944289019525,0.0429196489227555,0.8278519100674825,1,0
close_drawer,0,rescue,0,approach,r1_c0,12,116;132;133;134;147;148;149;150;151;165;166;167,20.666666666666668,0.00461289562129726,0.022231234468728545,0.09931467699676993,0.07708344252804139,0.006423620210670116,0.08371702849552418,0.9010501991556638,1,0
close_drawer,0,rescue,0,approach,r1_c1,18,95;110;111;122;126;127;136;137;138;139;142;143;152;153;154;158;159;168,15.277777777777779,0.005833510684573816,0.022231234468728545,0.0422318593461643,0.020000624877435758,0.0011111458265242087,0.003927757097779278,0.18958850466840635,1,0
close_drawer,0,rescue,0,approach,r2_c0,2,181;182,22.5,0.004344287910498679,0.022231234468728545,0.06312614782515102,0.04089491335642248,0.02044745667821124,0.08037880791888853,0.9500622045588337,1,0
close_drawer,0,rescue,0,approach,r2_c1,1,184,37.0,0.002249055076390505,0.022231234468728545,0.04100076961913368,0.018769535150405137,0.018769535150405137,0.07221681078481637,0.9933953354038847,1,0
close_drawer,1,rescue,0,approach,r0_c0,1,1,18.0,0.004649937152862549,0.10134833332180881,0.05311498756175381,-0.048233345760055,-0.048233345760055,0.04764846237617379,0.9226088440097475,0,1
close_drawer,1,rescue,0,approach,r0_c1,2,13;63,11.0,0.0059161444660276175,0.10134833332180881,0.09483043989929651,-0.0065178934225123,-0.00325894671125615,0.01895445395918452,0.8465620081205534,0,1
close_drawer,1,rescue,0,approach,r1_c0,3,162;163;167,15.0,0.005171570150802533,0.10134833332180881,0.10134833332180881,0.0,0.0,0.0,0.9855888380339266,0,0
close_drawer,1,rescue,0,approach,r1_c1,7,111;126;127;142;143;158;159,9.142857142857142,0.006452130419867379,0.10134833332180881,0.0802500569817386,-0.02109827634007022,-0.003014039477152889,0.04614226322243622,0.4966320524092351,0,1
close_drawer,1,rescue,0,approach,r2_c0,7,178;180;181;182;183;194;196,8.714285714285714,0.009795179524059807,0.10134833332180881,0.10134833332180881,0.0,0.0,0.0,0.9763193984633328,0,0
close_drawer,2,rescue,1,approach,r0_c0,1,1,17.0,0.004428878426551819,0.057943361856082176,0.057943361856082176,0.0,0.0,0.0,0.9024785062064192,0,0
close_drawer,2,rescue,1,approach,r0_c1,3,13;31;62,16.666666666666668,0.004555845633149147,0.057943361856082176,0.057943361856082176,0.0,0.0,0.0,0.827762685580423,0,0
close_drawer,2,rescue,1,approach,r1_c0,12,130;131;132;135;145;146;147;148;149;150;163;167,14.083333333333334,0.00526131831187134,0.057943361856082176,0.057943361856082176,0.0,0.0,0.0,0.9316502922054782,0,0
close_drawer,2,rescue,1,approach,r1_c1,8,95;110;111;126;127;142;143;158,8.375,0.006834557221736759,0.057943361856082176,0.02753210774980419,-0.030411254106277985,-0.003801406763284748,0.028007899214239657,0.4816818494593867,0,1
close_drawer,2,rescue,1,approach,r2_c0,2,179;180,24.0,0.003424577647820115,0.057943361856082176,0.057943361856082176,0.0,0.0,0.0,0.9311450055640171,0,0
close_drawer,5,rescue,1,approach,r0_c0,3,0;1;2,38.666666666666664,0.0016630707929531734,0.022831346763944715,0.03298966509791268,0.010158318333967964,0.0033861061113226545,0.004738613489796123,0.9545701402507077,1,0
close_drawer,5,rescue,1,approach,r0_c1,10,13;14;27;43;44;47;62;63;77;79,47.5,0.0016832041204907,0.022831346763944715,0.022831346763944715,0.0,0.0,0.0,0.7499558071026361,0,0
close_drawer,5,rescue,1,approach,r1_c0,11,129;130;131;135;145;146;147;148;150;163;164,42.18181818181818,0.0017280021883462641,0.022831346763944715,0.022831346763944715,0.0,0.0,0.0,0.9400548024162781,0,0
close_drawer,5,rescue,1,approach,r1_c1,10,95;110;111;126;127;142;143;155;158;159,20.9,0.0048615619307383895,0.022831346763944715,0.022303060838407496,-0.0005282859255372196,-5.282859255372197e-05,0.11446371600286058,0.5479408176690027,0,0
close_drawer,5,rescue,1,approach,r2_c0,26,179;180;181;182;183;195;196;197;198;199;211;212;213;214;215;226;227;228;229;230;231;242;243;244;245;246,31.46153846153846,0.0036965790495742112,0.022831346763944715,0.022303060838407496,-0.0005282859255372196,-2.0318689443739218e-05,0.11446371600286058,0.5945175602379751,0,0
close_drawer,5,rescue,1,approach,r2_c1,11,190;200;206;216;222;232;236;237;248;252;253,43.09090909090909,0.0015967733766460283,0.022831346763944715,0.022303060838407496,-0.0005282859255372196,-4.802599323065633e-05,0.11446371600286058,0.7129393652983288,0,0
close_drawer,6,rescue,0,approach,r0_c1,3,46;63;79,17.666666666666668,0.0034971400164067745,0.009053972054948178,0.1017624195516304,0.09270844749668222,0.03090281583222741,0.010404722630977636,0.9228482063410243,1,0
close_drawer,6,rescue,0,approach,r1_c1,8,95;110;111;126;127;143;158;159,9.875,0.0064906529150903225,0.009053972054948178,0.10642777045448348,0.0973737983995353,0.012171724799941913,0.12058284747081342,0.19999797189621613,1,0
close_drawer,6,rescue,0,approach,r2_c0,7,213;214;229;244;245;246;247,10.0,0.006409142831606525,0.009053972054948178,0.009053972054948178,0.0,0.0,0.0,0.9652343119076298,0,0
close_drawer,6,rescue,0,approach,r2_c1,4,217;234;248;250,12.75,0.0055307772709056735,0.009053972054948178,0.1017624195516304,0.09270844749668222,0.023177111874170556,0.010404722630977636,0.9875126839863908,1,0
close_drawer,9,harm,0,approach,r0_c1,3,31;46;63,17.666666666666668,0.0038589065273602805,0.05455649877852392,0.03888425802492612,-0.0156722407535978,-0.005224080251199266,0.06882555676558438,0.8965756518399088,0,1
close_drawer,9,harm,0,approach,r1_c0,1,166,22.0,0.0033176462166011333,0.05455649877852392,0.05455649877852392,0.0,0.0,0.0,0.9974714093493783,0,0
close_drawer,9,harm,0,approach,r1_c1,8,95;110;111;126;127;143;158;159,9.5,0.006652372161624953,0.05455649877852392,0.043031876538098646,-0.011524622240425275,-0.0014405777800531594,0.07891660990947626,0.35781328589654654,0,1
close_drawer,9,harm,0,approach,r2_c0,8,181;182;196;198;212;213;214;215,10.375,0.006394446478225291,0.05455649877852392,0.05455649877852392,0.0,0.0,0.0,0.9550879737066813,0,0
close_drawer,9,harm,0,approach,r2_c1,3,185;202;217,14.0,0.005056127595404784,0.05455649877852392,0.05455649877852392,0.0,0.0,0.0,0.9890890603876575,0,0
close_drawer,12,rescue,0,approach,r0_c1,6,13;31;46;62;63;79,30.5,0.002366629856017729,0.12860669804034808,0.16162450459793837,0.03301780655759029,0.005502967759598382,0.19100747790636594,0.7966621077009861,1,0
close_drawer,12,rescue,0,approach,r1_c1,11,95;111;126;127;142;143;158;159;168;169;171,21.363636363636363,0.0051709785951640115,0.12860669804034808,0.12081755062649191,-0.007789147413856168,-0.0007081043103505607,0.10496511956554284,0.44918796307584774,0,1
close_drawer,12,rescue,0,approach,r2_c0,8,182;183;199;208;214;215;228;231,26.25,0.0028059165051672608,0.12860669804034808,0.12954825484810062,0.0009415568077525416,0.0001176946009690677,0.04351899621409642,0.793463392278165,0,0
close_drawer,12,rescue,0,approach,r2_c1,18,185;186;187;200;201;202;203;204;216;217;218;219;220;232;233;234;235;236,17.666666666666668,0.006899014251151432,0.12860669804034808,0.13995288864443445,0.01134619060408637,0.0006303439224492428,0.10641616296250613,0.6965054862529608,1,0
close_drawer,13,rescue,0,approach,r0_c0,1,0,32.0,0.0024902992881834507,0.07072090356730631,0.07072090356730631,0.0,0.0,0.0,0.9889799411657145,0,0
close_drawer,13,rescue,0,approach,r0_c1,5,13;31;46;63;79,24.4,0.003798297047615051,0.07072090356730631,-0.012508797872853694,-0.08322970144016001,-0.016645940288032002,0.01936965373277263,0.8254954743022707,0,1
close_drawer,13,rescue,0,approach,r1_c1,12,95;110;111;126;127;139;140;142;143;152;158;159,23.833333333333332,0.005417111873005827,0.07072090356730631,0.07563755016050666,0.004916646593200347,0.0004097205494333622,0.011071365759653229,0.42835911406037436,1,0
close_drawer,13,rescue,0,approach,r2_c0,8,199;215;224;230;231;240;246;247,23.0,0.003977355518145487,0.07072090356730631,-0.02911722471620165,-0.09983812828350797,-0.012479766035438496,0.03065122359560353,0.5535505299060677,0,1
close_drawer,13,rescue,0,approach,r2_c1,14,202;203;216;217;218;219;220;232;234;235;236;249;250;252,14.0,0.007281288687538888,0.07072090356730631,0.03928068647156241,-0.031440217095743905,-0.002245729792553136,0.011879258643872721,0.6080362992157587,0,1
close_drawer,15,rescue,0,approach,r0_c1,4,31;46;63;79,24.5,0.003941173665225506,0.022231234468728545,0.028678012184336354,0.00644677771560781,0.0016116944289019525,0.0429196489227555,0.8278519100674825,1,0
close_drawer,15,rescue,0,approach,r1_c0,12,116;132;133;134;147;148;149;150;151;165;166;167,20.666666666666668,0.00461289562129726,0.022231234468728545,0.09931467699676993,0.07708344252804139,0.006423620210670116,0.08371702849552418,0.9010501991556638,1,0
close_drawer,15,rescue,0,approach,r1_c1,18,95;110;111;122;126;127;136;137;138;139;142;143;152;153;154;158;159;168,15.277777777777779,0.005833510684573816,0.022231234468728545,0.0422318593461643,0.020000624877435758,0.0011111458265242087,0.003927757097779278,0.18958850466840635,1,0
close_drawer,15,rescue,0,approach,r2_c0,2,181;182,22.5,0.004344287910498679,0.022231234468728545,0.06312614782515102,0.04089491335642248,0.02044745667821124,0.08037880791888853,0.9500622045588337,1,0
close_drawer,15,rescue,0,approach,r2_c1,1,184,37.0,0.002249055076390505,0.022231234468728545,0.04100076961913368,0.018769535150405137,0.018769535150405137,0.07221681078481637,0.9933953354038847,1,0
close_drawer,18,rescue,0,approach,r0_c1,3,46;63;79,17.666666666666668,0.0034971400164067745,0.009053972054948178,0.1017624195516304,0.09270844749668222,0.03090281583222741,0.010404722630977636,0.9228482063410243,1,0
close_drawer,18,rescue,0,approach,r1_c1,8,95;110;111;126;127;143;158;159,9.875,0.0064906529150903225,0.009053972054948178,0.10642777045448348,0.0973737983995353,0.012171724799941913,0.12058284747081342,0.19999797189621613,1,0
close_drawer,18,rescue,0,approach,r2_c0,7,213;214;229;244;245;246;247,10.0,0.006409142831606525,0.009053972054948178,0.009053972054948178,0.0,0.0,0.0,0.9652343119076298,0,0
close_drawer,18,rescue,0,approach,r2_c1,4,217;234;248;250,12.75,0.0055307772709056735,0.009053972054948178,0.1017624195516304,0.09270844749668222,0.023177111874170556,0.010404722630977636,0.9875126839863908,1,0
close_drawer,22,rescue,0,approach,r0_c0,3,0;1;20,37.666666666666664,0.0024313442409038544,0.10028338189500985,0.09113880700049154,-0.00914457489451831,-0.003048191631506103,0.22361659193999167,0.9333715310966506,0,1
close_drawer,22,rescue,0,approach,r0_c1,7,13;31;46;47;62;63;79,37.57142857142857,0.002526577828185899,0.10028338189500985,0.08637567391634299,-0.013907707978666861,-0.0019868154255238374,0.2509416669379844,0.8125617946112924,0,1
close_drawer,22,rescue,0,approach,r1_c0,13,116;117;118;132;134;135;148;149;150;151;160;165;166,44.61538461538461,0.001949391224815582,0.10028338189500985,0.10028338189500985,0.0,0.0,0.0,0.8221770989958236,0,0
close_drawer,22,rescue,0,approach,r1_c1,15,95;110;111;127;136;138;142;143;152;153;158;159;168;169;170,35.0,0.0038673193853658934,0.10028338189500985,0.08849517651261912,-0.011788205382390726,-0.0007858803588260484,0.03165996857502902,0.4240559418025577,0,1
close_drawer,22,rescue,0,approach,r2_c0,18,176;180;181;182;183;192;196;197;198;199;208;209;212;213;214;215;224;225,21.88888888888889,0.004302776037042754,0.10028338189500985,0.0673584213167161,-0.03292496057829375,-0.001829164476571875,0.07683998522195208,0.6238117230691473,0,1
close_drawer,22,rescue,0,approach,r2_c1,8,185;186;200;201;202;203;216;218,25.625,0.0038397947791963816,0.10028338189500985,0.10028338189500985,0.0,0.0,0.0,0.8890318279254003,0,0
close_drawer,49,harm,0,approach,r0_c0,1,1,17.0,0.004711451008915901,0.10370533418245298,0.07380598276703032,-0.02989935141542266,-0.02989935141542266,0.05702182658025128,0.9210541602017283,0,1
close_drawer,49,harm,0,approach,r0_c1,3,13;46;63,15.333333333333334,0.00486105711509784,0.10370533418245298,0.11103977217921113,0.0073344379967581474,0.002444812665586049,0.05647225170509487,0.7959907395431285,1,0
close_drawer,49,harm,0,approach,r1_c0,1,164,20.0,0.004011744633316994,0.10370533418245298,0.10370533418245298,0.0,0.0,0.0,0.9966991024581892,0,0
close_drawer,49,harm,0,approach,r1_c1,8,95;111;126;127;142;143;158;159,12.875,0.006001440575346351,0.10370533418245298,0.021022651075803256,-0.08268268310664972,-0.010335335388331215,0.13483618007959353,0.4458970809023452,0,1
close_drawer,49,harm,0,approach,r2_c0,12,179;180;194;195;196;197;199;210;211;212;213;215,11.583333333333334,0.007246171939186752,0.10370533418245298,0.0722710778535669,-0.03143425632888608,-0.0026195213607405066,0.0847716692101721,0.927603359638892,0,1
close_drawer,57,harm,0,approach,r0_c1,3,31;46;63,17.666666666666668,0.0038589065273602805,0.05455649877852392,0.03888425802492612,-0.0156722407535978,-0.005224080251199266,0.06882555676558438,0.8965756518399088,0,1
close_drawer,57,harm,0,approach,r1_c0,1,166,22.0,0.0033176462166011333,0.05455649877852392,0.05455649877852392,0.0,0.0,0.0,0.9974714093493783,0,0
close_drawer,57,harm,0,approach,r1_c1,8,95;110;111;126;127;143;158;159,9.5,0.006652372161624953,0.05455649877852392,0.043031876538098646,-0.011524622240425275,-0.0014405777800531594,0.07891660990947626,0.35781328589654654,0,1
close_drawer,57,harm,0,approach,r2_c0,8,181;182;196;198;212;213;214;215,10.375,0.006394446478225291,0.05455649877852392,0.05455649877852392,0.0,0.0,0.0,0.9550879737066813,0,0
close_drawer,57,harm,0,approach,r2_c1,3,185;202;217,14.0,0.005056127595404784,0.05455649877852392,0.05455649877852392,0.0,0.0,0.0,0.9890890603876575,0,0
move_near,2,rescue,0,approach,r0_c0,3,1;16;51,35.333333333333336,0.001974230787406365,0.12220688138967434,0.12220688138967434,0.0,0.0,0.0,0.9462548498674994,0,0
move_near,2,rescue,0,approach,r0_c1,13,13;31;41;46;47;56;57;62;63;72;73;74;79,36.61538461538461,0.002142051454239453,0.12220688138967434,0.11305360626244726,-0.009153275127227078,-0.0007040980867097752,0.06493206332649036,0.7421253584133304,0,1
move_near,2,rescue,0,approach,r1_c0,17,83;84;85;99;100;101;102;117;118;119;133;134;135;149;150;151;166,23.058823529411764,0.0037909823072635952,0.12220688138967434,0.08123624695132878,-0.04097063443834556,-0.00241003731990268,0.14877912930055295,0.6272086035091836,0,1
move_near,2,rescue,0,approach,r1_c1,15,88;89;95;104;105;110;111;126;127;142;143;158;159;168;172,24.933333333333334,0.003631743974983692,0.12220688138967434,0.09000599342766272,-0.03220088796201162,-0.002146725864134108,0.06490807713613543,0.596837073447126,0,1
move_near,2,rescue,0,approach,r2_c0,7,195;210;211;212;213;228;229,36.714285714285715,0.0019908126476886018,0.12220688138967434,0.08384892387832021,-0.038357957511354124,-0.005479708215907732,0.02843168093877685,0.9683195113215802,0,1
move_near,2,rescue,0,approach,r2_c1,3,186;202;233,35.333333333333336,0.002107565834497412,0.12220688138967434,0.09638279585197304,-0.025824085537701297,-0.008608028512567098,0.0,0.9838367529093253,0,1
move_near,14,harm,4,approach,r0_c1,2,31;63,18.0,0.0037390408106148243,0.005018575858399432,0.028900339416967347,0.023881763558567914,0.011940881779283957,0.0031590756598640912,0.9415021624996701,1,0
move_near,14,harm,4,approach,r1_c0,5,130;131;132;146;147,11.4,0.007182283140718937,0.005018575858399432,0.008270269198185964,0.003251693339786532,0.0006503386679573064,0.0,0.8472063320729343,1,0
move_near,14,harm,4,approach,r1_c1,12,95;110;111;121;122;127;136;142;143;153;154;158,9.333333333333334,0.006263479066547006,0.005018575858399432,0.005018575858399432,0.0,0.0,0.0,0.407804829730757,0,0
move_near,14,harm,4,approach,r2_c0,2,210;211,17.5,0.0038689924404025078,0.005018575858399432,0.0026787424302077145,-0.0023398334281917177,-0.0011699167140958588,0.0,0.9930796283025382,0,1
move_near,14,harm,4,approach,r2_c1,1,202,13.0,0.005122192669659853,0.005018575858399432,0.005018575858399432,0.0,0.0,0.0,0.9964864557831198,0,0
move_near,40,harm,0,approach,r0_c0,3,69;70;71,13.0,0.004536583088338375,0.04055152495312986,0.0659964731204149,0.025444948167285042,0.008481649389095014,0.0,0.8619374250610523,1,0
move_near,40,harm,0,approach,r0_c1,4,31;46;63;79,21.75,0.003909976512659341,0.04055152495312986,0.05097722597524168,0.010425701022111822,0.0026064252555279555,0.1774337784345719,0.8756244333093797,1,0
move_near,40,harm,0,approach,r1_c0,14,81;82;83;85;86;87;98;99;102;103;115;132;146;148,15.071428571428571,0.004513469873927534,0.04055152495312986,0.045529065526488444,0.004977540573358585,0.0003555386123827561,0.18894269013961554,0.8633224764875432,1,0
move_near,40,harm,0,approach,r1_c1,8,95;110;111;127;137;142;143;158,13.25,0.004520881571806967,0.04055152495312986,0.07621314390173722,0.035661618948607365,0.004457702368575921,0.2274082549693877,0.4848309164810207,1,0
move_near,40,harm,0,approach,r2_c0,2,210;211,31.5,0.002532180049456656,0.04055152495312986,0.047139241865466364,0.006587716912336505,0.0032938584561682527,0.0,0.9938589017289726,1,0
move_near,40,harm,0,approach,r2_c1,1,202,22.0,0.003471050411462784,0.04055152495312986,0.0659964731204149,0.025444948167285042,0.025444948167285042,0.0,0.9970328799386142,1,0
move_near,46,harm,0,approach,r0_c0,1,1,32.0,0.002201297553256154,0.12791034447129887,0.13084393568632777,0.0029335912150288967,0.0029335912150288967,0.0,0.9878338704968654,1,0
move_near,46,harm,0,approach,r0_c1,7,31;46;47;63;72;73;79,20.285714285714285,0.004056029221309083,0.12791034447129887,0.13011755800061128,0.002207213529312413,0.0003153162184732018,0.3222233216327245,0.8364597035330834,1,0
move_near,46,harm,0,approach,r1_c0,8,99;118;133;134;135;149;150;151,21.75,0.0037133476143935695,0.12791034447129887,0.15799145249459942,0.03008110802330055,0.003760138502912569,0.30520519717534356,0.5629950976059385,1,0
move_near,46,harm,0,approach,r1_c1,14,88;89;90;95;104;105;106;110;111;127;142;143;158;159,12.214285714285714,0.005694272927939892,0.12791034447129887,0.13561020815633085,0.007699863685031977,0.0005499902632165697,0.3239397616651542,0.6759101910343538,1,0
move_near,46,harm,0,approach,r2_c0,3,210;211;212,23.666666666666668,0.003182018641382456,0.12791034447129887,0.13404629496937237,0.0061359504980735,0.0020453168326911666,0.0,0.9879830551107338,1,0
move_near,46,harm,0,approach,r2_c1,2,186;202,20.0,0.003695968887768686,0.12791034447129887,0.1291015255080358,0.0011911810367369324,0.0005955905183684662,0.0,0.9953190299338243,0,0
move_near,69,harm,1,approach,r0_c0,3,69;70;71,9.0,0.00593523836384217,0.09803029247937672,0.10693583669797213,0.008905544218595407,0.0029685147395318023,0.0,0.7025840763333148,1,0
move_near,69,harm,1,approach,r0_c1,5,31;46;47;63;74,18.4,0.0037865736987441776,0.09803029247937672,0.0885109564805941,-0.00951933599878263,-0.001903867199756526,0.029174895014833002,0.8856940000872368,0,1
move_near,69,harm,1,approach,r1_c0,10,85;86;87;102;130;131;132;146;148;163,11.8,0.005209551285952329,0.09803029247937672,0.11064674413247355,0.012616451653096827,0.0012616451653096827,0.12916593386262065,0.651967703757922,1,0
move_near,69,harm,1,approach,r1_c1,10,95;106;111;121;122;136;142;143;154;158,18.1,0.003717199852690101,0.09803029247937672,0.07938602089826652,-0.018644271581110206,-0.0018644271581110205,0.029174895014833002,0.8150283906480263,0,1
move_near,69,harm,1,approach,r2_c0,2,210;211,28.5,0.002491359831765294,0.09803029247937672,0.09220617993249675,-0.005824112546879978,-0.002912056273439989,0.029174895014833002,0.9926187981925457,0,1
move_near,69,harm,1,approach,r2_c1,1,202,21.0,0.0030783619731664658,0.09803029247937672,0.09308591702920588,-0.004944375450170846,-0.004944375450170846,0.029174895014833002,0.9936381025406811,0,1
move_near,71,harm,4,approach,r0_c1,2,31;63,18.0,0.0037390408106148243,0.005018575858399432,0.028900339416967347,0.023881763558567914,0.011940881779283957,0.0031590756598640912,0.9415021624996701,1,0
move_near,71,harm,4,approach,r1_c0,5,130;131;132;146;147,11.4,0.007182283140718937,0.005018575858399432,0.008270269198185964,0.003251693339786532,0.0006503386679573064,0.0,0.8472063320729343,1,0
move_near,71,harm,4,approach,r1_c1,12,95;110;111;121;122;127;136;142;143;153;154;158,9.333333333333334,0.006263479066547006,0.005018575858399432,0.005018575858399432,0.0,0.0,0.0,0.407804829730757,0,0
move_near,71,harm,4,approach,r2_c0,2,210;211,17.5,0.0038689924404025078,0.005018575858399432,0.0026787424302077145,-0.0023398334281917177,-0.0011699167140958588,0.0,0.9930796283025382,0,1
move_near,71,harm,4,approach,r2_c1,1,202,13.0,0.005122192669659853,0.005018575858399432,0.005018575858399432,0.0,0.0,0.0,0.9964864557831198,0,0
move_near,72,rescue,0,approach,r0_c0,2,67;68,11.0,0.004892704193480313,0.07972235355975565,0.06359233623742194,-0.016130017322333712,-0.008065008661166856,0.07666924907865429,0.6507548250733308,0,1
move_near,72,rescue,0,approach,r0_c1,8,46;56;57;63;72;73;74;79,16.375,0.0048909158213064075,0.07972235355975565,0.05611061990275845,-0.023611733656997203,-0.0029514667071246503,0.051851326227411614,0.6189198587884833,0,1
move_near,72,rescue,0,approach,r1_c0,5,83;84;99;100;133,14.6,0.004942340217530728,0.07972235355975565,0.047498980076152886,-0.03222337348360277,-0.006444674696720554,0.07666924907865429,0.5966912802696206,0,1
move_near,72,rescue,0,approach,r1_c1,11,88;89;90;95;104;105;111;127;142;143;158,13.545454545454545,0.004463346442207694,0.07972235355975565,0.07141335547897393,-0.008308998080781727,-0.0007553634618892479,0.051851326227411614,0.5119014994662289,0,1
move_near,72,rescue,0,approach,r2_c0,2,210;211,22.5,0.002925861976109445,0.07972235355975565,0.08120723249824263,0.0014848789384869776,0.0007424394692434888,0.0,0.9923397397808645,0,0
move_near,72,rescue,0,approach,r2_c1,1,202,15.0,0.004026938695460558,0.07972235355975565,0.09817436788384915,0.01845201432409349,0.01845201432409349,0.0,0.9954478636224855,1,0
move_near,73,rescue,0,approach,r0_c0,1,1,27.0,0.0028756929095834494,0.010076978953559135,0.01814752601851824,0.008070547064959105,0.008070547064959105,0.0,0.9878269695049526,1,0
move_near,73,rescue,0,approach,r0_c1,5,31;46;47;63;79,18.4,0.003817390138283372,0.010076978953559135,0.02726435472756597,0.017187375774006836,0.003437475154801367,0.004738613489796095,0.8456530873870124,1,0
move_near,73,rescue,0,approach,r1_c0,7,114;115;130;132;146;148;165,20.571428571428573,0.0034951715330992427,0.010076978953559135,0.010076978953559135,0.0,0.0,0.0,0.9808285294537009,0,0
move_near,73,rescue,0,approach,r1_c1,14,95;110;111;121;122;127;137;138;142;143;153;154;158;159,10.285714285714286,0.00711648996054594,0.010076978953559135,0.025259859173088067,0.015182880219528933,0.0010844914442520667,0.11195380596059865,0.30945070518710555,1,0
move_near,73,rescue,0,approach,r2_c0,2,210;211,22.5,0.0030201475601643324,0.010076978953559135,0.010076978953559135,0.0,0.0,0.0,0.9950223931962316,0,0
move_near,73,rescue,0,approach,r2_c1,1,202,13.0,0.004647864960134029,0.010076978953559135,0.010256497981484702,0.00017951902792556762,0.00017951902792556762,0.0,0.9970794816022369,0,0
move_near,75,rescue,0,approach,r0_c0,3,69;70;71,8.333333333333334,0.005648686705778043,0.0801699979168029,0.06192354396794092,-0.018246453948861985,-0.006082151316287328,0.16607048639479804,0.40350225850997706,0,1
move_near,75,rescue,0,approach,r0_c1,2,63;79,10.0,0.005144194001331925,0.0801699979168029,0.08676103519662165,0.0065910372798187455,0.0032955186399093728,0.0,0.95906640932728,1,0
move_near,75,rescue,0,approach,r1_c0,6,85;86;87;102;132;148,13.666666666666666,0.004587251421374579,0.0801699979168029,0.07023087540994111,-0.009939122506861797,-0.0016565204178102995,0.07496518540956561,0.6459617134792495,0,1
move_near,75,rescue,0,approach,r1_c1,11,95;104;106;121;122;127;136;142;143;154;158,11.727272727272727,0.004919604631140828,0.0801699979168029,0.08455921731761723,0.004389219400814326,0.0003990199455285751,0.08529504281633041,0.7328840286239864,1,0
move_near,75,rescue,0,approach,r2_c1,1,202,20.0,0.003341143252328038,0.0801699979168029,0.07720158026052826,-0.0029684176562746467,-0.0029684176562746467,0.0,0.9965089562340987,0,1
move_near,78,harm,0,approach,r0_c0,1,1,32.0,0.002201297553256154,0.12791034447129887,0.13084393568632777,0.0029335912150288967,0.0029335912150288967,0.0,0.9878338704968654,1,0
move_near,78,harm,0,approach,r0_c1,7,31;46;47;63;72;73;79,20.285714285714285,0.004056029221309083,0.12791034447129887,0.13011755800061128,0.002207213529312413,0.0003153162184732018,0.3222233216327245,0.8364597035330834,1,0
move_near,78,harm,0,approach,r1_c0,8,99;118;133;134;135;149;150;151,21.75,0.0037133476143935695,0.12791034447129887,0.15799145249459942,0.03008110802330055,0.003760138502912569,0.30520519717534356,0.5629950976059385,1,0
move_near,78,harm,0,approach,r1_c1,14,88;89;90;95;104;105;106;110;111;127;142;143;158;159,12.214285714285714,0.005694272927939892,0.12791034447129887,0.13561020815633085,0.007699863685031977,0.0005499902632165697,0.3239397616651542,0.6759101910343538,1,0
move_near,78,harm,0,approach,r2_c0,3,210;211;212,23.666666666666668,0.003182018641382456,0.12791034447129887,0.13404629496937237,0.0061359504980735,0.0020453168326911666,0.0,0.9879830551107338,1,0
move_near,78,harm,0,approach,r2_c1,2,186;202,20.0,0.003695968887768686,0.12791034447129887,0.1291015255080358,0.0011911810367369324,0.0005955905183684662,0.0,0.9953190299338243,0,0
move_near,88,rescue,0,approach,r0_c0,2,67;68,11.0,0.004892704193480313,0.07972235355975565,0.06359233623742194,-0.016130017322333712,-0.008065008661166856,0.07666924907865429,0.6507548250733308,0,1
move_near,88,rescue,0,approach,r0_c1,8,46;56;57;63;72;73;74;79,16.375,0.0048909158213064075,0.07972235355975565,0.05611061990275845,-0.023611733656997203,-0.0029514667071246503,0.051851326227411614,0.6189198587884833,0,1
move_near,88,rescue,0,approach,r1_c0,5,83;84;99;100;133,14.6,0.004942340217530728,0.07972235355975565,0.047498980076152886,-0.03222337348360277,-0.006444674696720554,0.07666924907865429,0.5966912802696206,0,1
move_near,88,rescue,0,approach,r1_c1,11,88;89;90;95;104;105;111;127;142;143;158,13.545454545454545,0.004463346442207694,0.07972235355975565,0.07141335547897393,-0.008308998080781727,-0.0007553634618892479,0.051851326227411614,0.5119014994662289,0,1
move_near,88,rescue,0,approach,r2_c0,2,210;211,22.5,0.002925861976109445,0.07972235355975565,0.08120723249824263,0.0014848789384869776,0.0007424394692434888,0.0,0.9923397397808645,0,0
move_near,88,rescue,0,approach,r2_c1,1,202,15.0,0.004026938695460558,0.07972235355975565,0.09817436788384915,0.01845201432409349,0.01845201432409349,0.0,0.9954478636224855,1,0
move_near,95,rescue,0,approach,r0_c0,1,1,27.0,0.0028756929095834494,0.010076978953559135,0.01814752601851824,0.008070547064959105,0.008070547064959105,0.0,0.9878269695049526,1,0
move_near,95,rescue,0,approach,r0_c1,5,31;46;47;63;79,18.4,0.003817390138283372,0.010076978953559135,0.02726435472756597,0.017187375774006836,0.003437475154801367,0.004738613489796095,0.8456530873870124,1,0
move_near,95,rescue,0,approach,r1_c0,7,114;115;130;132;146;148;165,20.571428571428573,0.0034951715330992427,0.010076978953559135,0.010076978953559135,0.0,0.0,0.0,0.9808285294537009,0,0
move_near,95,rescue,0,approach,r1_c1,14,95;110;111;121;122;127;137;138;142;143;153;154;158;159,10.285714285714286,0.00711648996054594,0.010076978953559135,0.025259859173088067,0.015182880219528933,0.0010844914442520667,0.11195380596059865,0.30945070518710555,1,0
move_near,95,rescue,0,approach,r2_c0,2,210;211,22.5,0.0030201475601643324,0.010076978953559135,0.010076978953559135,0.0,0.0,0.0,0.9950223931962316,0,0
move_near,95,rescue,0,approach,r2_c1,1,202,13.0,0.004647864960134029,0.010076978953559135,0.010256497981484702,0.00017951902792556762,0.00017951902792556762,0.0,0.9970794816022369,0,0
open_drawer,1,rescue,0,approach,r0_c1,1,13,2.0,0.006369244307279587,0.15293687436015846,0.06301213525093918,-0.08992473910921928,-0.08992473910921928,0.0865591813753367,0.2785030314393488,0,1
open_drawer,1,rescue,0,approach,r1_c0,4,135;148;149;150,3.25,0.0067339896922931075,0.15293687436015846,0.12448498853808654,-0.02845188582207192,-0.00711297145551798,0.04059500778539493,0.9548032768885013,0,1
open_drawer,2,rescue,0,approach,r0_c0,1,1,9.0,0.005370054394006729,0.06037077504360866,0.10569909106587028,0.04532831602226162,0.04532831602226162,0.13504180800912247,0.9100508088285053,1,0
open_drawer,2,rescue,0,approach,r0_c1,6,13;46;47;62;63;79,10.166666666666666,0.0057928460494925576,0.06037077504360866,0.08530725164647746,0.024936476602868796,0.004156079433811466,0.19909504913197626,0.6643673247026505,1,0
open_drawer,2,rescue,0,approach,r1_c0,4,98;101;117;149,15.0,0.0038494220934808254,0.06037077504360866,0.04416297495699395,-0.01620780008661471,-0.0040519500216536775,0.029174895014832974,0.9913124846462441,0,1
open_drawer,2,rescue,0,approach,r1_c1,8,95;111;126;127;142;143;158;159,7.5,0.00621676433365792,0.06037077504360866,0.041653732411226385,-0.018717042632382275,-0.0023396303290477843,0.13713174831375297,0.3781847933160977,0,1
open_drawer,10,rescue,1,approach,r0_c0,2,0;1,23.5,0.002822426613420248,0.10143539787751399,0.10143539787751399,0.0,0.0,0.0,0.9200471635960105,0,0
open_drawer,10,rescue,1,approach,r0_c1,3,13;47;62,28.333333333333332,0.002406209008768201,0.10143539787751399,0.10143539787751399,0.0,0.0,0.0,0.9412339807782775,0,0
open_drawer,10,rescue,1,approach,r1_c0,9,116;134;135;150;151;160;165;166;167,25.555555555555557,0.00294091135987805,0.10143539787751399,0.10143539787751399,0.0,0.0,0.0,0.8778441806872085,0,0
open_drawer,10,rescue,1,approach,r1_c1,16,95;111;126;127;136;137;138;143;152;153;154;158;159;168;169;170,17.75,0.00394907730515115,0.10143539787751399,0.14527209973512062,0.04383670185760663,0.0027397938661004144,0.2079568059224717,0.5589963326715046,1,0
open_drawer,10,rescue,1,approach,r2_c0,7,176;192;198;199;208;209;225,16.571428571428573,0.003343228733034006,0.10143539787751399,0.08309155030692161,-0.018343847570592375,-0.0026205496529417677,0.29480971372798714,0.6482619967875225,0,1
open_drawer,10,rescue,1,approach,r2_c1,3,185;200;202,19.333333333333332,0.0029357672513773045,0.10143539787751399,0.10143539787751399,0.0,0.0,0.0,0.9880127765018453,0,0
open_drawer,13,harm,0,approach,r1_c1,8,111;127;140;141;143;152;159;171,16.875,0.00508761964738369,0.12292900012283597,0.15738620216706706,0.03445720204423108,0.004307150255528885,0.06336578126675624,0.31001482542576003,1,0
open_drawer,13,harm,0,approach,r2_c0,3,183;199;215,11.333333333333334,0.0068082658884425955,0.12292900012283597,0.08940094940005755,-0.033528050722778424,-0.011176016907592809,0.027745927015940308,0.966962551010802,0,1
open_drawer,13,harm,0,approach,r2_c1,11,184;185;186;187;188;202;203;216;217;218;219,7.636363636363637,0.008388904050331224,0.12292900012283597,0.10869557151113751,-0.014233428611698462,-0.001293948055608951,0.027925189793421852,0.8853018514814937,0,1
open_drawer,17,rescue,0,approach,r0_c0,2,0;1,31.5,0.002317658858373761,0.09989030020410777,0.08211068727487497,-0.017779612929232802,-0.008889806464616401,0.09700523249854025,0.9192787182945615,0,1
open_drawer,17,rescue,0,approach,r0_c1,3,13;63;79,32.0,0.002350413395712773,0.09989030020410777,0.07674268336171608,-0.023147616842391694,-0.007715872280797231,0.006209454834563327,0.8137232049896973,0,1
open_drawer,17,rescue,0,approach,r1_c0,17,113;129;130;131;135;146;147;148;149;150;151;162;163;164;165;166;167,16.941176470588236,0.004329142824965803,0.09989030020410777,0.050548639078835333,-0.04934166112527244,-0.0029024506544277906,0.12203814043399731,0.8888729554046497,0,1
open_drawer,17,rescue,0,approach,r1_c1,6,110;127;143;158;159;168,25.666666666666668,0.0030528693071876964,0.09989030020410777,0.08397473077644885,-0.015915569427658927,-0.002652594904609821,0.14302556020472185,0.6468358237919981,0,1
open_drawer,17,rescue,0,approach,r2_c0,12,179;180;181;182;183;195;196;198;199;212;213;215,21.083333333333332,0.004379082354716957,0.09989030020410777,0.050548639078835333,-0.04934166112527244,-0.004111805093772704,0.12203814043399731,0.850152574247476,0,1
open_drawer,17,rescue,0,approach,r2_c1,1,253,7.0,0.00574985146522522,0.09989030020410777,0.08211068727487497,-0.017779612929232802,-0.017779612929232802,0.09700523249854025,0.9659648931012528,0,1
open_drawer,29,rescue,0,approach,r0_c0,1,0,31.0,0.0027740204241126776,0.11592749034864958,0.11592749034864958,0.0,0.0,0.0,0.9813169502124718,0,0
open_drawer,29,rescue,0,approach,r0_c1,3,13;46;63,41.666666666666664,0.0021422961726784706,0.11592749034864958,0.11592749034864958,0.0,0.0,0.0,0.9441498944468094,0,0
open_drawer,29,rescue,0,approach,r1_c0,8,132;148;149;150;151;165;166;167,29.625,0.003221307822968811,0.11592749034864958,0.13532783308260243,0.019400342733952858,0.0024250428417441072,0.0999094672834171,0.9494879593980728,1,0
open_drawer,29,rescue,0,approach,r1_c1,18,95;110;111;126;127;136;137;138;143;152;153;154;155;158;159;168;169;170,21.77777777777778,0.003864012632725967,0.11592749034864958,0.1131163673469,-0.0028111230017495714,-0.00015617350009719842,0.13046554184293754,0.37952032798743823,0,1
open_drawer,29,rescue,0,approach,r2_c0,9,180;181;182;183;197;213;214;215;231,22.444444444444443,0.004349885896469156,0.11592749034864958,0.09244923741035654,-0.02347825293829303,-0.002608694770921448,0.20462621174255996,0.8540797830360985,0,1
open_drawer,29,rescue,0,approach,r2_c1,9,184;185;186;200;201;202;216;217;218,21.0,0.0046021349262446165,0.11592749034864958,0.13532783308260243,0.019400342733952858,0.002155593637105873,0.0999094672834171,0.9047267219756842,1,0
open_drawer,31,rescue,0,approach,r0_c0,1,1,15.0,0.002969108521938324,0.07027809821478681,0.06510573845266054,-0.005172359762126266,-0.005172359762126266,0.019412336523626367,0.8930652375602334,0,1
open_drawer,31,rescue,0,approach,r0_c1,6,13;31;46;62;63;79,35.0,0.001643570149705435,0.07027809821478681,0.05427377952472823,-0.016004318690058583,-0.0026673864483430973,0.06225493936990499,0.6734663491441476,0,1
open_drawer,31,rescue,0,approach,r1_c0,22,82;97;113;114;115;116;117;130;131;132;133;134;135;149;150;151;162;163;164;165;166;167,30.09090909090909,0.002342809076336297,0.07027809821478681,0.05209393498765735,-0.018184163227129457,-0.0008265528739604299,0.05933488631337948,0.8577657004427041,0,1
open_drawer,31,rescue,0,approach,r1_c1,9,95;110;111;126;127;142;143;158;159,16.555555555555557,0.0036247759643528196,0.07027809821478681,0.053766662454867276,-0.016511435759919535,-0.0018346039733243928,0.05369005951112242,0.3438441653704119,0,1
open_drawer,31,rescue,0,approach,r2_c0,12,179;180;181;182;183;195;196;197;198;199;213;214,22.5,0.005203613555446888,0.07027809821478681,0.06510573845266054,-0.005172359762126266,-0.00043102998017718885,0.019412336523626367,0.8173971130087951,0,1
open_drawer,31,rescue,0,approach,r2_c1,1,184,20.0,0.0027999950107187033,0.07027809821478681,0.07027809821478681,0.0,0.0,0.0,0.9871933097739438,0,0
open_drawer,32,rescue,0,approach,r0_c0,3,0;1;2,31.0,0.0023125484585762024,0.08009842029728148,0.10115211269851865,0.021053692401237167,0.0070178974670790555,0.2774592701594033,0.90019349919866,1,0
open_drawer,32,rescue,0,approach,r0_c1,3,13;63;79,31.333333333333332,0.00226729487379392,0.08009842029728148,0.09904382566149661,0.01894540536421513,0.006315135121405043,0.0635312831682317,0.806646922783447,1,0
open_drawer,32,rescue,0,approach,r1_c0,19,113;129;130;131;132;133;135;146;147;148;149;150;151;162;163;164;165;166;167,17.42105263157895,0.004280683927630123,0.08009842029728148,0.12745018832674426,0.04735176802946278,0.0024921983173401465,0.2801624561475267,0.815304242587862,1,0
open_drawer,32,rescue,0,approach,r1_c1,5,127;143;158;159;168,28.2,0.002595813712105155,0.08009842029728148,0.07388676128331256,-0.006211659013968918,-0.0012423318027937834,0.11294450341018972,0.7143452547297464,0,1
open_drawer,32,rescue,0,approach,r2_c0,10,179;180;181;182;183;196;199;212;213;215,19.3,0.004560885578393936,0.08009842029728148,0.12745018832674426,0.04735176802946278,0.004735176802946278,0.2801624561475267,0.8419212141101682,1,0
open_drawer,32,rescue,0,approach,r2_c1,1,253,9.0,0.005636277608573437,0.08009842029728148,0.07388676128331256,-0.006211659013968918,-0.006211659013968918,0.11294450341018972,0.9582242273242441,0,1
open_drawer,35,rescue,0,approach,r0_c0,1,1,10.0,0.004976134747266769,0.07322669377482682,0.07322669377482682,0.0,0.0,0.0,0.8802489591539155,0,0
open_drawer,35,rescue,0,approach,r0_c1,4,13;31;62;63,28.0,0.00272168024093844,0.07322669377482682,0.10264626535412619,0.029419571579299364,0.007354892894824841,0.07588235871188777,0.8124433060427413,1,0
open_drawer,35,rescue,0,approach,r1_c0,22,97;98;113;114;115;116;131;132;133;134;135;147;148;149;150;151;162;163;164;165;166;167,26.318181818181817,0.0031577286215245044,0.07322669377482682,0.07510960175572778,0.0018829079809009608,8.558672640458913e-05,0.3433700155597051,0.9096098279538962,0,0
open_drawer,35,rescue,0,approach,r1_c1,9,95;110;111;126;127;142;143;158;159,15.88888888888889,0.004674293799325824,0.07322669377482682,0.1265366155584972,0.05330992178367039,0.005923324642630044,0.09688190766876814,0.4028709963906625,1,0
open_drawer,35,rescue,0,approach,r2_c0,12,179;180;181;182;183;195;196;197;198;199;213;214,28.833333333333332,0.002752760008055096,0.07322669377482682,0.07348508037617707,0.0002583866013502467,2.1532216779187225e-05,0.0681064670560282,0.8831048814051015,0,0
open_drawer,35,rescue,0,approach,r2_c1,1,184,35.0,0.0023065172135829926,0.07322669377482682,0.07322669377482682,0.0,0.0,0.0,0.9945501658519458,0,0
open_drawer,36,rescue,0,approach,r0_c0,2,0;1,25.0,0.0032657155534252524,0.074949421476534,0.06198599157503404,-0.012963429901499957,-0.006481714950749978,0.1230182085073797,0.8959881056917806,0,1
open_drawer,36,rescue,0,approach,r0_c1,5,13;31;46;63;75,27.8,0.0031844865996390583,0.074949421476534,0.061262420979326604,-0.013687000497207391,-0.002737400099441478,0.033498783404233776,0.8542207603587154,0,1
open_drawer,36,rescue,0,approach,r1_c0,5,103;119;135;151;167,23.4,0.003630254860036075,0.074949421476534,0.054225945571241996,-0.020723475905292,-0.0041446951810583995,0.01588282079205791,0.9373449221798751,0,1
open_drawer,36,rescue,0,approach,r1_c1,26,90;91;95;104;105;106;110;111;121;122;123;126;127;136;137;138;139;142;143;152;153;154;158;168;169;170,16.73076923076923,0.005248298787941726,0.074949421476534,0.021796761316359214,-0.05315266016017478,-0.0020443330830836456,0.09579065683977975,0.3670614369173596,0,1
open_drawer,39,rescue,0,approach,r0_c0,1,0,34.0,0.002792112063616514,0.07654657092740152,0.06756704897054872,-0.00897952195685281,-0.00897952195685281,0.05904728405148374,0.9834097095731031,0,1
open_drawer,39,rescue,0,approach,r0_c1,5,13;31;46;63;79,38.6,0.002530569536611438,0.07654657092740152,0.0972523532510417,0.020705782323640176,0.004141156464728036,0.011071365759653229,0.8714974349326723,1,0
open_drawer,39,rescue,0,approach,r1_c0,3,150;151;167,39.666666666666664,0.0025129937566816807,0.07654657092740152,0.07654657092740152,0.0,0.0,0.0,0.969493538904519,0,0
open_drawer,39,rescue,0,approach,r1_c1,22,110;111;126;127;137;138;139;140;141;142;143;152;153;154;155;156;158;159;169;170;171;172,21.318181818181817,0.0043999462981115685,0.07654657092740152,0.09455681493603735,0.018010244008635823,0.0008186474549379919,0.1280351156693212,0.30453626295877667,1,0
open_drawer,39,rescue,0,approach,r2_c0,5,182;183;199;215;224,36.2,0.0030005277134478093,0.07654657092740152,0.17353423935725534,0.09698766842985382,0.019397533685970764,0.11071365759653201,0.9345986325460938,1,0
open_drawer,39,rescue,0,approach,r2_c1,12,184;185;186;187;188;201;202;203;216;217;218;219,15.0,0.005642906199985494,0.07654657092740152,0.06756704897054872,-0.00897952195685281,-0.0007482934964044008,0.05904728405148374,0.8517265403057441,0,1
open_drawer,42,harm,0,approach,r0_c0,1,0,29.0,0.0023389984853565693,0.08553578604923978,0.08553578604923978,0.0,0.0,0.0,0.9795287254882383,0,0
open_drawer,42,harm,0,approach,r0_c1,5,13;31;46;63;79,39.0,0.0017865614732727408,0.08553578604923978,0.09360636889837998,0.008070582849140195,0.001614116569828039,0.16873935422316452,0.8290618085164404,1,0
open_drawer,42,harm,0,approach,r1_c0,6,132;148;149;150;151;167,30.0,0.002447569374150286,0.08553578604923978,0.08553578604923978,0.0,0.0,0.0,0.9613889749806458,0,0
open_drawer,42,harm,0,approach,r1_c1,16,95;110;111;126;127;136;138;142;143;152;153;158;159;168;169;170,29.4375,0.0026753979400382377,0.08553578604923978,0.10082915887637078,0.015293372827131002,0.0009558358016956876,0.005834979002966562,0.22386375723217347,1,0
open_drawer,42,harm,0,approach,r2_c0,10,180;181;182;183;197;198;199;213;214;215,15.1,0.0052652372745797035,0.08553578604923978,0.08553578604923978,0.0,0.0,0.0,0.828528181207365,0,0
open_drawer,42,harm,0,approach,r2_c1,10,184;185;186;200;201;202;216;217;218;253,15.0,0.005298299249261618,0.08553578604923978,0.07944871930145847,-0.006087066747781311,-0.0006087066747781311,0.033530399449900106,0.878331919104971,0,1
open_drawer,55,harm,0,approach,r0_c0,1,1,11.0,0.0039049386978149414,0.09422561123858664,0.12445748610110913,0.03023187486252249,0.03023187486252249,0.3129365539178172,0.8978541722389006,1,0
open_drawer,55,harm,0,approach,r0_c1,5,13;31;46;63;79,36.2,0.002035251259803772,0.09422561123858664,0.11402723059426789,0.019801619355681255,0.003960323871136251,0.34444026016969403,0.7455673791220432,1,0
open_drawer,55,harm,0,approach,r1_c0,23,97;98;113;114;115;116;130;131;132;133;134;135;147;148;149;150;151;162;163;164;165;166;167,24.782608695652176,0.0032299406289973335,0.09422561123858664,0.08535693693873758,-0.008868674299849055,-0.0003855945347760459,0.21289814827690384,0.8832885628949231,0,1
open_drawer,55,harm,0,approach,r1_c1,9,95;110;111;126;127;142;143;158;159,16.88888888888889,0.0038166984191371333,0.09422561123858664,0.13498996062587598,0.040764349387289345,0.004529372154143261,0.3140936891037978,0.38863649579183485,1,0
open_drawer,55,harm,0,approach,r2_c0,12,179;180;181;182;183;195;196;197;198;199;213;214,31.083333333333332,0.0026896228082478046,0.09422561123858664,0.12001669206326376,0.025791080824677126,0.0021492567353897604,0.32117392078238155,0.8772471307825619,1,0
open_drawer,55,harm,0,approach,r2_c1,1,184,39.0,0.0019173258915543556,0.09422561123858664,0.09422561123858664,0.0,0.0,0.0,0.9899427642876367,0,0
open_drawer,71,harm,0,approach,r0_c0,1,1,11.0,0.0039049386978149414,0.09422561123858664,0.12445748610110913,0.03023187486252249,0.03023187486252249,0.3129365539178172,0.8978541722389006,1,0
open_drawer,71,harm,0,approach,r0_c1,5,13;31;46;63;79,36.2,0.002035251259803772,0.09422561123858664,0.11402723059426789,0.019801619355681255,0.003960323871136251,0.34444026016969403,0.7455673791220432,1,0
open_drawer,71,harm,0,approach,r1_c0,23,97;98;113;114;115;116;130;131;132;133;134;135;147;148;149;150;151;162;163;164;165;166;167,24.782608695652176,0.0032299406289973335,0.09422561123858664,0.08535693693873758,-0.008868674299849055,-0.0003855945347760459,0.21289814827690384,0.8832885628949231,0,1
open_drawer,71,harm,0,approach,r1_c1,9,95;110;111;126;127;142;143;158;159,16.88888888888889,0.0038166984191371333,0.09422561123858664,0.13498996062587598,0.040764349387289345,0.004529372154143261,0.3140936891037978,0.38863649579183485,1,0
open_drawer,71,harm,0,approach,r2_c0,12,179;180;181;182;183;195;196;197;198;199;213;214,31.083333333333332,0.0026896228082478046,0.09422561123858664,0.12001669206326376,0.025791080824677126,0.0021492567353897604,0.32117392078238155,0.8772471307825619,1,0
open_drawer,71,harm,0,approach,r2_c1,1,184,39.0,0.0019173258915543556,0.09422561123858664,0.09422561123858664,0.0,0.0,0.0,0.9899427642876367,0,0
open_drawer,94,harm,0,approach,r0_c0,2,0;4,45.0,0.0018478779820725322,0.08668406682253932,0.08668406682253932,0.0,0.0,0.0,0.9739358230766868,0,0
open_drawer,94,harm,0,approach,r0_c1,5,13;31;46;63;79,35.4,0.002453211019746959,0.08668406682253932,0.09564319077805988,0.008959123955520565,0.001791824791104113,0.26262173187322696,0.8637379795280213,1,0
open_drawer,94,harm,0,approach,r1_c0,3,150;151;167,31.666666666666668,0.0027278969064354897,0.08668406682253932,0.053927842597319864,-0.032756224225219455,-0.010918741408406485,0.27678414399133006,0.9548048440240446,0,1
open_drawer,94,harm,0,approach,r1_c1,23,110;111;123;126;127;137;138;139;140;141;142;143;152;153;154;156;158;159;168;169;170;171;172,32.43478260869565,0.003029357505273884,0.08668406682253932,0.1099781505725751,0.023294083750035777,0.0010127862500015556,0.15916343318640253,0.28693117416128583,1,0
open_drawer,94,harm,0,approach,r2_c0,8,176;182;183;198;199;215;224;240,30.625,0.0038530442398041487,0.08668406682253932,0.08515282898013937,-0.0015312378423999462,-0.00019140473029999328,0.036176869818392896,0.8328658389939753,0,0
open_drawer,94,harm,0,approach,r2_c1,14,184;185;186;187;188;200;201;202;203;204;216;217;218;219,13.357142857142858,0.0069441061350516975,0.08668406682253932,0.08668406682253932,0.0,0.0,0.0,0.7708306122188376,0,0
pick_coke_can,0,rescue,0,approach,r1_c1,10,89;95;105;106;111;121;122;127;143;158,5.5,0.009370859945192933,0.05527216759134446,0.06198750032962233,0.006715332738277874,0.0006715332738277874,0.06936034759234008,0.022597670699548142,1,0
pick_coke_can,0,rescue,0,approach,r2_c0,1,211,11.0,0.0052159870974719524,0.05527216759134446,0.032353145748895334,-0.022919021842449122,-0.022919021842449122,0.021192917302543024,0.9847307478168414,0,1
pick_coke_can,2,rescue,0,approach,r0_c0,2,69;70,8.0,0.00669443141669035,0.08711245587412536,0.05758039144529903,-0.029532064428826332,-0.014766032214413166,0.04890303229010558,0.9129440890485876,0,1
pick_coke_can,2,rescue,0,approach,r0_c1,2,72;79,10.5,0.005956220207735896,0.08711245587412536,0.06375261284381628,-0.02335984303030908,-0.01167992151515454,0.04797591829183051,0.9385816936097554,0,1
pick_coke_can,2,rescue,0,approach,r1_c0,5,83;86;99;100;115,7.0,0.009715701919049025,0.08711245587412536,0.08711245587412536,0.0,0.0,0.0,0.7961322644266193,0,0
pick_coke_can,2,rescue,0,approach,r1_c1,6,95;111;127;142;143;158,8.166666666666666,0.007115928689017892,0.08711245587412536,0.06375261284381628,-0.02335984303030908,-0.00389330717171818,0.04797591829183051,0.5710211159435062,0,1
pick_coke_can,2,rescue,0,approach,r2_c0,1,211,15.0,0.004270688630640507,0.08711245587412536,0.09236681219388343,0.005254356319758069,0.005254356319758069,0.0034682408769925455,0.9904701957467169,1,0
pick_coke_can,5,harm,0,approach,r0_c1,1,75,14.0,0.003359999507665634,0.07762283113765847,-0.028427731318867583,-0.10605056245652605,-0.10605056245652605,0.03946605516679734,0.9691531681109837,0,1
pick_coke_can,5,harm,0,approach,r1_c1,12,89;90;91;95;105;106;107;108;111;127;143;158,6.5,0.009642932719240585,0.07762283113765847,0.02562696567528508,-0.05199586546237339,-0.004332988788531116,0.09359923421033199,0.07128343766616957,0,1
pick_coke_can,5,harm,0,approach,r2_c0,1,211,13.0,0.0036650607362389565,0.07762283113765847,0.06804616087662177,-0.009576670261036702,-0.009576670261036702,0.033303155761139014,0.9885669587822699,0,1
pick_coke_can,7,rescue,0,approach,r0_c0,1,1,15.0,0.0035265441983938217,0.08214837654056609,0.060659612631853294,-0.021488763908712794,-0.021488763908712794,0.0017647578657842555,0.9426967337913643,0,1
pick_coke_can,7,rescue,0,approach,r0_c1,5,31;57;73;74;75,9.8,0.008300763741135597,0.08214837654056609,0.06331535625312737,-0.018833020287438718,-0.0037666040574877435,0.1514624107782673,0.6595537230140833,0,1
pick_coke_can,7,rescue,0,approach,r1_c1,10,89;90;95;106;111;127;142;143;158;159,8.1,0.007660985249094665,0.08214837654056609,0.060659612631853294,-0.021488763908712794,-0.0021488763908712794,0.0017647578657842555,0.21202096937693377,0,1
pick_coke_can,7,rescue,0,approach,r2_c0,1,211,8.0,0.006120509002357721,0.08214837654056609,0.08214837654056609,0.0,0.0,0.0,0.9926872873386247,0,0
pick_coke_can,13,rescue,30,approach,r0_c1,1,63,5.0,0.005721611436456442,0.0064746138077037,0.018354139552467508,0.011879525744763808,0.011879525744763808,0.2324986809527173,0.9274606525047426,1,0
pick_coke_can,13,rescue,30,approach,r1_c0,3,116;117;118,3.0,0.01381658778215448,0.0064746138077037,0.018354139552467508,0.011879525744763808,0.003959841914921269,0.2324986809527173,0.8550969031690466,1,0
pick_coke_can,13,rescue,30,approach,r1_c1,2,94;155,3.5,0.012715449556708336,0.0064746138077037,0.061692320405490164,0.055217706597786465,0.027608853298893232,0.2782670311801801,0.4472245896005442,1,0
pick_coke_can,14,rescue,0,approach,r0_c0,1,1,14.0,0.003555440343916416,0.056874703919673475,0.037476509820419945,-0.01939819409925353,-0.01939819409925353,0.06684394490689295,0.92797833808413,0,1
pick_coke_can,14,rescue,0,approach,r1_c1,15,89;91;95;105;106;107;111;122;123;127;138;142;143;158;159,8.4,0.007840507617220282,0.056874703919673475,0.05659923034057132,-0.0002754735791021534,-1.8364905273476894e-05,0.0423858346050861,0.10941685434146803,0,0
pick_coke_can,14,rescue,0,approach,r2_c0,1,211,13.0,0.004736759699881077,0.056874703919673475,0.056874703919673475,0.0,0.0,0.0,0.9909727519517126,0,0
pick_coke_can,15,rescue,1,approach,r0_c1,3,31;63;79,13.0,0.0043056300686051445,0.001499611579236837,0.001499611579236837,0.0,0.0,0.0,0.8669433784929953,0,0
pick_coke_can,15,rescue,1,approach,r1_c0,6,99;115;116;117;118;148,7.333333333333333,0.0075345941974471016,0.001499611579236837,0.001499611579236837,0.0,0.0,0.0,0.8636948043599494,0,0
pick_coke_can,15,rescue,1,approach,r1_c1,6,95;111;127;142;143;158,6.666666666666667,0.0070463997932771845,0.001499611579236837,0.001499611579236837,0.0,0.0,0.0,0.4668079634868578,0,0
pick_coke_can,15,rescue,1,approach,r2_c0,1,211,13.0,0.004542784299701452,0.001499611579236837,0.001499611579236837,0.0,0.0,0.0,0.9890357662125886,0,0
pick_coke_can,18,rescue,0,approach,r0_c0,1,1,14.0,0.003788478672504425,0.026770975256273782,0.011017375513380667,-0.015753599742893115,-0.015753599742893115,0.030011218768708853,0.9359199869582984,0,1
pick_coke_can,18,rescue,0,approach,r1_c0,2,103;119,6.0,0.007259782869368792,0.026770975256273782,7.924188956287548e-05,-0.026691733366710907,-0.013345866683355453,0.011056764809524305,0.7648427766074307,0,1
pick_coke_can,18,rescue,0,approach,r1_c1,7,104;111;120;121;127;143;158,6.714285714285714,0.006880181043275765,0.026770975256273782,7.924188956287548e-05,-0.026691733366710907,-0.0038131047666729867,0.011056764809524305,0.4995896185216008,0,1
pick_coke_can,18,rescue,0,approach,r2_c0,4,195;210;212;226,8.0,0.006051740376278758,0.026770975256273782,0.026770975256273782,0.0,0.0,0.0,0.8539095453449012,0,0
pick_coke_can,23,rescue,0,approach,fallback_spatial_a,8,95;106;107;108;111;122;123;124,7.625,0.011022576945833862,0.003946167559508662,0.019710275727388427,0.015764108167879765,0.0019705135209849706,0.00631815131972821,0.4269491851295446,1,0
pick_coke_can,23,rescue,0,approach,fallback_spatial_b,8,127;139;140;141;142;143;157;158,9.375,0.008464321144856513,0.003946167559508662,0.019710275727388427,0.015764108167879765,0.0019705135209849706,0.00631815131972821,0.5015659742696992,1,0
pick_coke_can,28,rescue,0,approach,r0_c0,1,1,14.0,0.003181976266205311,0.01345160042737642,0.01345160042737642,0.0,0.0,0.0,0.9533102175812368,0,0
pick_coke_can,28,rescue,0,approach,r0_c1,3,31;47;63,18.333333333333332,0.0026236020494252443,0.01345160042737642,0.028179414266412045,0.014727813839035625,0.004909271279678541,0.14835042111780117,0.9007358333948875,1,0
pick_coke_can,28,rescue,0,approach,r1_c0,2,119;135,9.0,0.006013625301420689,0.01345160042737642,0.017126935360795598,0.0036753349334191776,0.0018376674667095888,0.08326503383682786,0.7616534866434991,1,0
pick_coke_can,28,rescue,0,approach,r1_c1,13,90;95;104;111;120;121;127;136;142;143;152;158;159,8.692307692307692,0.00742959686053487,0.01345160042737642,0.03738564753401774,0.02393404710664132,0.001841080546664717,0.14917703568453575,0.2384569374483403,1,0
pick_coke_can,28,rescue,0,approach,r2_c0,1,211,10.0,0.004134650342166424,0.01345160042737642,0.01345160042737642,0.0,0.0,0.0,0.9925256352292604,0,0
pick_coke_can,34,rescue,0,approach,r0_c0,3,1;54;70,19.0,0.0024574274042000375,-0.0246546309635281,0.005550452160483499,0.0302050831240116,0.0100683610413372,0.07538920987917164,0.9275864353170526,1,0
pick_coke_can,34,rescue,0,approach,r0_c1,8,13;31;46;47;63;73;74;79,19.875,0.0050792266556527466,-0.0246546309635281,0.005781600921035801,0.030436231884563902,0.003804528985570488,0.20618087384943393,0.5222443307936692,1,0
pick_coke_can,34,rescue,0,approach,r1_c0,6,133;135;147;148;149;151,29.5,0.001092529729551946,-0.0246546309635281,-0.03503528072698009,-0.010380649763451988,-0.0017301082939086647,0.02117709438941051,0.9068064817100566,0,1
pick_coke_can,34,rescue,0,approach,r1_c1,17,88;89;90;95;105;106;107;111;122;127;136;142;143;152;157;158;159,14.882352941176471,0.007059965152567362,-0.0246546309635281,0.005781600921035801,0.030436231884563902,0.0017903665814449354,0.20618087384943393,0.26878941608917817,1,0
pick_coke_can,34,rescue,0,approach,r2_c0,4,211;213;214;230,25.5,0.001659302375628613,-0.0246546309635281,-0.0246546309635281,0.0,0.0,0.0,0.9772055621606202,0,0
pick_coke_can,34,rescue,0,approach,r2_c1,2,218;250,36.0,0.00085496372776106,-0.0246546309635281,-0.0246546309635281,0.0,0.0,0.0,0.9937967439280804,0,0
pick_coke_can,41,harm,0,approach,r0_c0,2,67;68,7.0,0.008177910232916474,0.07543722679190862,0.10697882290484328,0.03154159611293467,0.015770798056467333,0.09850103888217067,0.6998781868965268,1,0
pick_coke_can,41,harm,0,approach,r0_c1,1,63,16.0,0.003727046074345708,0.07543722679190862,0.07248806050985751,-0.0029491662820511078,-0.0029491662820511078,0.1311016398843597,0.9848687839553524,0,1
pick_coke_can,41,harm,0,approach,r1_c0,6,83;84;85;99;100;116,7.0,0.008313557133078575,0.07543722679190862,0.09243956600426045,0.017002339212351836,0.002833723202058639,0.08594853440941204,0.592805574340004,1,0
pick_coke_can,41,harm,0,approach,r1_c1,6,95;111;127;142;143;158,8.333333333333334,0.0058803116747488575,0.07543722679190862,0.06864054413726894,-0.006796682654639674,-0.0011327804424399457,0.13139824671010458,0.6339473296176373,0,1
pick_coke_can,41,harm,0,approach,r2_c0,1,211,14.0,0.004034619778394699,0.07543722679190862,0.07543722679190862,0.0,0.0,0.0,0.9934955200328616,0,0
pick_coke_can,49,harm,0,approach,r0_c0,1,1,18.0,0.00287798885256052,0.018378481938887525,0.027074084010636656,0.008695602071749131,0.008695602071749131,0.02222910997884681,0.9727393356389942,1,0
pick_coke_can,49,harm,0,approach,r0_c1,5,31;46;47;63;79,26.8,0.0021445069462060927,0.018378481938887525,0.04990380298888397,0.031525321049996446,0.00630506420999929,0.024113403366555118,0.8503329648089203,1,0
pick_coke_can,49,harm,0,approach,r1_c0,10,84;85;86;87;100;101;102;103;117;118,12.8,0.007342392229475081,0.018378481938887525,0.018378481938887525,0.0,0.0,0.0,0.6919022574019044,0,0
pick_coke_can,49,harm,0,approach,r1_c1,16,95;111;127;137;138;142;143;152;153;154;155;156;158;159;170;171,16.8125,0.004582926390867215,0.018378481938887525,0.035082594678994605,0.01670411274010708,0.0010440070462566925,0.015956353413408914,0.5731274090532351,1,0
pick_coke_can,49,harm,0,approach,r2_c0,2,211;214,23.0,0.002694621100090444,0.018378481938887525,0.011956503977934074,-0.006421977960953451,-0.0032109889804767255,0.02217292021127304,0.9916897588914684,0,1
pick_coke_can,54,harm,0,approach,r0_c1,1,75,4.0,0.011403784155845642,0.06173147690575459,0.06173147690575459,0.0,0.0,0.0,0.955194722872177,0,0
pick_coke_can,54,harm,0,approach,r1_c0,5,86;102;103;118;134,5.2,0.013681667763739825,0.06173147690575459,0.0660780786118591,0.004346601706104514,0.0008693203412209027,0.11877302697371066,0.630615660754965,1,0
pick_coke_can,54,harm,0,approach,r1_c1,5,95;111;127;143;158,7.2,0.008446837589144707,0.06173147690575459,0.057298682029893244,-0.004432794875861346,-0.0008865589751722691,0.051206821204953026,0.6185614501999207,0,1
pick_coke_can,58,harm,0,approach,r0_c1,2,73;74,7.0,0.007023425539955497,0.039617058174722275,0.06010006246230998,0.020483004287587703,0.010241502143793851,0.0931927319659906,0.879966367665517,1,0
pick_coke_can,58,harm,0,approach,r1_c0,2,86;87,2.5,0.013025896158069372,0.039617058174722275,0.03132587028430811,-0.008291187890414164,-0.004145593945207082,0.0373438656189862,0.9310368458061102,0,1
pick_coke_can,58,harm,0,approach,r1_c1,5,89;111;127;143;158,5.2,0.008976630307734013,0.039617058174722275,0.014305428978070966,-0.02531162919665131,-0.005062325839330262,0.06013395062131953,0.5146916264726764,0,1
pick_coke_can,69,harm,0,approach,r1_c1,11,89;90;91;95;105;106;107;111;127;143;158,6.0,0.009234146596017208,0.046479680295210934,0.017981198503303097,-0.028498481791907837,-0.0025907710719916214,0.0148488534714671,0.06359178775673882,0,1
pick_coke_can,69,harm,0,approach,r2_c0,1,211,12.0,0.003620639443397522,0.046479680295210934,0.046479680295210934,0.0,0.0,0.0,0.9946395942755157,0,0
pick_coke_can,79,harm,0,approach,r0_c0,1,1,13.0,0.003839523531496525,0.032393633392758525,0.032393633392758525,0.0,0.0,0.0,0.9189686107591272,0,0
pick_coke_can,79,harm,0,approach,r1_c0,5,87;103;118;119;135,5.2,0.012321826908737421,0.032393633392758525,0.0554889025542549,0.023095269161496373,0.004619053832299274,0.009477226979592246,0.7990252977852921,1,0
pick_coke_can,79,harm,0,approach,r1_c1,7,95;104;111;127;142;143;158,7.428571428571429,0.007764220703393221,0.032393633392758525,0.05438261067473357,0.021988977281975047,0.0031412824688535784,0.21996449534629306,0.4597339319961278,1,0
pick_coke_can,82,harm,0,approach,r0_c0,1,1,14.0,0.0035060765221714973,0.07451664731837562,0.07451664731837562,0.0,0.0,0.0,0.9623924153231735,0,0
pick_coke_can,82,harm,0,approach,r0_c1,1,31,13.0,0.003577872645109892,0.07451664731837562,0.07451664731837562,0.0,0.0,0.0,0.9746226306904623,0,0
pick_coke_can,82,harm,0,approach,r1_c0,1,84,12.0,0.003583768615499139,0.07451664731837562,0.07451664731837562,0.0,0.0,0.0,0.9861788637559542,0,0
pick_coke_can,82,harm,0,approach,r1_c1,11,88;89;90;95;104;105;111;127;142;143;158,6.363636363636363,0.008241624994711443,0.07451664731837562,0.045223676221271186,-0.029292971097104437,-0.0026629973724640395,0.047515289048423205,0.183947117883026,0,1
pick_coke_can,82,harm,0,approach,r2_c0,1,211,11.0,0.00421904306858778,0.07451664731837562,0.07451664731837562,0.0,0.0,0.0,0.9932464330868687,0,0
pick_coke_can,95,harm,0,approach,r0_c0,1,1,16.0,0.003608094062656164,0.017142412412875174,0.04318981929318244,0.026047406880307267,0.026047406880307267,0.02369306744898067,0.9617820981745797,1,0
pick_coke_can,95,harm,0,approach,r0_c1,2,31;63,23.5,0.0024127375800162554,0.017142412412875174,0.017142412412875174,0.0,0.0,0.0,0.9351560824324515,0,0
pick_coke_can,95,harm,0,approach,r1_c0,8,84;85;86;87;100;101;102;117,9.0,0.00861267262371257,0.017142412412875174,0.03317810365403806,0.016035691241162886,0.0020044614051453608,0.011056764809524278,0.6167611058456848,1,0
pick_coke_can,95,harm,0,approach,r1_c1,15,95;111;122;123;127;137;138;139;140;142;143;153;156;158;159,14.866666666666667,0.004827021714299917,0.017142412412875174,0.03317810365403806,0.016035691241162886,0.0010690460827441925,0.011056764809524278,0.5997678370469154,1,0
pick_coke_can,95,harm,0,approach,r2_c0,1,211,20.0,0.002946716034784913,0.017142412412875174,0.017142412412875174,0.0,0.0,0.0,0.9962737344990865,0,0
pick_coke_can,99,harm,0,approach,r0_c0,3,1;69;71,14.0,0.003889088868163526,0.07033653940562806,0.05857543817517144,-0.011761101230456622,-0.003920367076818874,0.03810201869747786,0.8920815679949968,0,1
pick_coke_can,99,harm,0,approach,r0_c1,8,31;41;46;47;63;72;73;79,20.875,0.0020468801085371524,0.07033653940562806,0.02887158910063478,-0.04146495030499328,-0.00518311878812416,0.03492861754054435,0.8527129499846301,0,1
pick_coke_can,99,harm,0,approach,r1_c0,3,103;119;135,5.666666666666667,0.010556828851501146,0.07033653940562806,0.07845163899216928,0.008115099586541219,0.0027050331955137397,0.0035295157315684555,0.6544361047541839,1,0
pick_coke_can,99,harm,0,approach,r1_c1,9,95;111;120;127;136;142;143;158;159,8.444444444444445,0.007013887994819217,0.07033653940562806,0.055994093420448365,-0.014342445985179697,-0.0015936051094644107,0.14703516817532958,0.3650630393870708,0,1
pick_coke_can,99,harm,0,approach,r2_c0,4,211;213;214;230,20.0,0.002391035668551922,0.07033653940562806,0.07033653940562806,0.0,0.0,0.0,0.9796084589571767,0,0
pick_coke_can,99,harm,0,approach,r2_c1,1,250,24.0,0.0016983634559437633,0.07033653940562806,0.07033653940562806,0.0,0.0,0.0,0.9972361873310694,0,0
