task,seed,lambda_0,lambda_0.1,lambda_0.15,lambda_0.2,lambda_0.25,lambda_0.3,lambda_0.35,lambda_0.4,lambda_0.45,lambda_0.5,lambda_0.55,lambda_0.6,lambda_0.75
google_robot_place_apple_in_closed_top_drawer,0,0,0,0,0,0,0,0,0,0,0,0,0,0
google_robot_place_apple_in_closed_top_drawer,1,0,0,0,0,0,0,0,0,0,1,0,0,0
google_robot_place_apple_in_closed_top_drawer,2,0,0,0,0,0,0,0,0,0,0,0,0,0
google_robot_place_apple_in_closed_top_drawer,3,0,0,0,0,0,0,0,0,0,0,0,0,0
google_robot_place_apple_in_closed_top_drawer,4,0,0,0,0,0,0,0,0,0,0,0,0,0
google_robot_place_apple_in_closed_top_drawer,5,0,0,0,0,0,0,0,0,0,0,0,0,0
google_robot_place_apple_in_closed_top_drawer,6,0,0,0,0,0,0,0,0,0,0,0,0,0
google_robot_place_apple_in_closed_top_drawer,7,0,0,0,0,0,0,0,0,0,0,0,0,0
google_robot_place_apple_in_closed_top_drawer,8,0,0,0,0,0,0,0,0,0,0,0,0,0
google_robot_place_apple_in_closed_top_drawer,9,0,0,0,0,0,0,0,0,0,0,0,0,0
google_robot_place_apple_in_closed_top_drawer,10,0,0,0,0,0,0,0,0,0,0,0,0,0
google_robot_place_apple_in_closed_top_drawer,11,0,0,0,0,0,0,0,0,0,0,0,0,0
google_robot_place_apple_in_closed_top_drawer,12,0,0,0,0,0,0,0,0,0,0,0,0,0
google_robot_place_apple_in_closed_top_drawer,13,0,0,0,0,0,0,0,0,0,0,0,0,0
google_robot_place_apple_in_closed_top_drawer,14,0,0,0,0,0,0,0,0,0,0,0,0,0
google_robot_place_apple_in_closed_top_drawer,15,0,0,0,0,0,0,0,0,0,0,0,0,0
google_robot_place_apple_in_closed_top_drawer,16,0,0,0,0,0,0,0,0,0,0,0,0,0
google_robot_place_apple_in_closed_top_drawer,17,0,0,0,0,0,0,0,0,0,0,0,0,0
google_robot_place_apple_in_closed_top_drawer,18,0,0,0,0,0,0,0,0,0,0,0,0,0
google_robot_place_apple_in_closed_top_drawer,19,0,0,0,0,0,0,0,0,0,0,0,0,0
google_robot_place_apple_in_closed_top_drawer,20,0,0,0,0,0,0,0,0,0,0,0,0,0
google_robot_place_apple_in_closed_top_drawer,21,0,0,0,0,0,0,0,0,0,0,0,0,0
google_robot_place_apple_in_closed_top_drawer,22,0,0,0,0,0,0,0,0,0,0,0,0,0
google_robot_place_apple_in_closed_top_drawer,23,0,0,0,0,0,0,0,0,0,0,0,0,0
google_robot_place_apple_in_closed_top_drawer,24,0,0,0,0,0,0,0,0,0,0,0,0,0
google_robot_place_apple_in_closed_top_drawer,25,0,0,0,0,0,0,0,0,0,0,0,0,0
google_robot_place_apple_in_closed_top_drawer,26,0,0,0,0,0,0,0,0,0,0,0,0,0
google_robot_place_apple_in_closed_top_drawer,27,0,0,0,0,0,0,0,0,0,0,0,0,0
google_robot_place_apple_in_closed_top_drawer,28,0,0,0,0,0,0,0,0,0,0,0,0,0
google_robot_place_apple_in_closed_top_drawer,29,0,0,0,0,0,0,0,0,0,0,0,0,1
google_robot_place_apple_in_closed_top_drawer,30,0,0,0,0,0,0,0,0,0,0,0,0,0
google_robot_place_apple_in_closed_top_drawer,31,0,0,0,0,0,0,0,0,0,0,0,0,0
google_robot_place_apple_in_closed_top_drawer,32,0,0,0,0,0,0,0,0,0,0,0,0,0
google_robot_place_apple_in_closed_top_drawer,33,0,0,0,0,0,0,0,0,0,0,0,0,0
google_robot_place_apple_in_closed_top_drawer,34,0,0,0,0,0,0,0,0,0,0,0,0,0
google_robot_place_apple_in_closed_top_drawer,35,0,0,0,0,0,0,0,0,0,0,0,0,0
google_robot_place_apple_in_closed_top_drawer,36,0,0,0,0,0,0,0,0,0,0,0,0,0
google_robot_place_apple_in_closed_top_drawer,37,0,0,0,0,0,0,0,0,0,0,0,0,0
google_robot_place_apple_in_closed_top_drawer,38,0,0,0,0,0,0,0,0,0,0,0,0,0
google_robot_place_apple_in_closed_top_drawer,39,0,0,0,0,0,0,0,0,0,0,0,0,0
google_robot_place_apple_in_closed_top_drawer,40,0,0,0,0,0,0,0,0,0,0,0,0,0
google_robot_place_apple_in_closed_top_drawer,41,0,0,0,0,0,0,0,0,0,0,0,0,0
google_robot_place_apple_in_closed_top_drawer,42,0,0,0,0,0,0,0,0,0,0,0,0,0
google_robot_place_apple_in_closed_top_drawer,43,0,0,0,0,0,0,0,0,0,0,0,0,0
google_robot_place_apple_in_closed_top_drawer,44,0,0,0,0,0,0,0,0,0,0,0,0,0
google_robot_place_apple_in_closed_top_drawer,45,0,0,0,0,0,0,0,0,0,0,0,0,0
google_robot_place_apple_in_closed_top_drawer,46,0,0,0,0,0,0,0,0,0,0,0,0,0
google_robot_place_apple_in_closed_top_drawer,47,0,0,0,0,0,0,0,0,0,0,0,0,0
google_robot_place_apple_in_closed_top_drawer,48,0,0,0,0,0,0,0,0,0,0,0,0,0
google_robot_place_apple_in_closed_top_drawer,49,0,0,0,0,0,0,0,0,0,0,0,0,0
google_robot_place_apple_in_closed_top_drawer,50,0,0,0,0,0,0,0,0,0,0,0,0,0
google_robot_place_apple_in_closed_top_drawer,51,0,0,0,0,0,0,0,0,0,0,0,0,0
google_robot_place_apple_in_closed_top_drawer,52,0,0,0,0,0,0,0,0,0,0,0,0,0
google_robot_place_apple_in_closed_top_drawer,53,0,0,0,0,0,0,0,0,0,0,0,0,0
google_robot_place_apple_in_closed_top_drawer,54,0,0,0,0,0,0,0,0,0,0,0,0,0
google_robot_place_apple_in_closed_top_drawer,55,0,0,0,0,0,0,0,0,0,0,0,0,0
google_robot_place_apple_in_closed_top_drawer,56,0,0,0,0,0,0,0,0,0,0,0,0,0
google_robot_place_apple_in_closed_top_drawer,57,0,0,0,0,0,0,0,0,0,0,0,0,0
google_robot_place_apple_in_closed_top_drawer,58,0,0,0,0,0,0,0,0,0,0,0,0,0
google_robot_place_apple_in_closed_top_drawer,59,0,0,0,0,0,0,0,0,0,0,0,0,0
google_robot_place_apple_in_closed_top_drawer,60,0,0,0,0,0,0,0,0,0,0,0,0,0
google_robot_place_apple_in_closed_top_drawer,61,0,0,0,0,0,0,0,0,0,0,0,0,0
google_robot_place_apple_in_closed_top_drawer,62,0,0,0,0,0,0,0,0,0,0,0,0,0
google_robot_place_apple_in_closed_top_drawer,63,0,0,0,0,0,0,0,0,0,0,0,0,0
google_robot_place_apple_in_closed_top_drawer,64,0,0,0,0,0,0,0,0,0,0,0,0,0
google_robot_place_apple_in_closed_top_drawer,65,0,0,0,0,0,0,0,0,0,0,0,0,0
google_robot_place_apple_in_closed_top_drawer,66,0,0,0,0,0,0,0,0,0,0,0,0,0
google_robot_place_apple_in_closed_top_drawer,67,0,0,0,0,0,0,0,0,0,0,0,0,0
google_robot_place_apple_in_closed_top_drawer,68,0,0,0,0,0,0,0,0,0,0,0,0,0
google_robot_place_apple_in_closed_top_drawer,69,0,0,0,0,0,0,0,0,0,0,0,0,0
google_robot_place_apple_in_closed_top_drawer,70,0,0,0,0,0,0,0,0,0,0,0,0,0
google_robot_place_apple_in_closed_top_drawer,71,0,0,0,0,0,0,0,0,0,0,0,0,0
google_robot_place_apple_in_closed_top_drawer,72,0,0,0,0,0,0,0,0,0,0,0,0,0
google_robot_place_apple_in_closed_top_drawer,73,0,0,0,0,0,0,0,0,0,0,0,0,0
google_robot_place_apple_in_closed_top_drawer,74,0,0,0,0,0,0,0,0,0,0,0,0,0
google_robot_place_apple_in_closed_top_drawer,75,0,0,0,0,0,0,0,0,0,0,0,0,0
google_robot_place_apple_in_closed_top_drawer,76,0,0,0,0,0,0,0,0,0,0,0,0,0
google_robot_place_apple_in_closed_top_drawer,77,0,0,0,0,0,0,0,0,0,0,0,0,0
google_robot_place_apple_in_closed_top_drawer,78,0,0,0,0,0,0,0,0,0,0,0,0,0
google_robot_place_apple_in_closed_top_drawer,79,0,0,0,0,0,0,0,0,0,0,0,0,0
google_robot_place_apple_in_closed_top_drawer,80,0,0,0,0,0,0,0,0,0,0,0,0,0
google_robot_place_apple_in_closed_top_drawer,81,0,0,0,0,0,0,0,0,0,0,0,0,0
google_robot_place_apple_in_closed_top_drawer,82,0,0,0,0,0,0,0,0,0,0,0,0,0
google_robot_place_apple_in_closed_top_drawer,83,0,0,0,0,0,0,0,0,0,0,0,0,0
google_robot_place_apple_in_closed_top_drawer,84,0,0,0,0,0,0,0,0,0,0,0,0,0
google_robot_place_apple_in_closed_top_drawer,85,0,0,0,0,0,0,0,0,0,0,0,0,0
google_robot_place_apple_in_closed_top_drawer,86,0,0,0,0,0,0,0,0,0,0,0,0,0
google_robot_place_apple_in_closed_top_drawer,87,0,0,0,0,0,0,0,0,0,0,0,0,0
google_robot_place_apple_in_closed_top_drawer,88,0,0,0,0,0,0,0,0,0,0,0,0,0
google_robot_place_apple_in_closed_top_drawer,89,0,0,0,0,0,0,0,0,0,0,0,0,0
google_robot_place_apple_in_closed_top_drawer,90,0,0,0,0,0,0,0,0,0,0,0,0,0
google_robot_place_apple_in_closed_top_drawer,91,0,0,0,0,0,0,0,0,0,0,0,0,0
google_robot_place_apple_in_closed_top_drawer,92,0,0,0,0,0,0,0,0,0,0,0,0,0
google_robot_place_apple_in_closed_top_drawer,93,0,0,0,0,0,0,0,0,0,0,0,0,0
google_robot_place_apple_in_closed_top_drawer,94,0,0,0,0,0,0,0,0,0,0,0,0,0
google_robot_place_apple_in_closed_top_drawer,95,0,0,0,0,0,0,0,0,0,0,0,0,0
google_robot_place_apple_in_closed_top_drawer,96,0,0,0,0,0,0,0,0,0,0,0,0,0
google_robot_place_apple_in_closed_top_drawer,97,0,0,0,0,0,0,0,0,0,0,0,0,0
google_robot_place_apple_in_closed_top_drawer,98,0,0,0,0,0,0,0,0,0,0,0,0,0
google_robot_place_apple_in_closed_top_drawer,99,0,0,0,0,0,0,0,0,0,0,0,0,0
widowx_carrot_on_plate,0,0,0,0,0,0,0,0,0,0,0,0,0,0
widowx_carrot_on_plate,1,0,0,0,0,0,0,0,0,0,0,0,0,0
widowx_carrot_on_plate,2,0,0,0,0,0,0,0,0,1,0,0,0,0
widowx_carrot_on_plate,3,0,0,0,0,0,0,0,0,0,0,0,0,0
widowx_carrot_on_plate,4,0,0,0,0,0,0,0,0,0,0,0,0,0
widowx_carrot_on_plate,5,0,0,0,0,0,0,0,0,0,0,0,0,0
widowx_carrot_on_plate,6,0,0,0,0,0,0,0,0,0,0,0,0,0
widowx_carrot_on_plate,7,0,0,0,0,0,0,0,0,0,0,0,0,0
widowx_carrot_on_plate,8,0,0,0,0,0,0,0,0,0,0,0,0,0
widowx_carrot_on_plate,9,0,0,0,0,0,0,0,0,0,0,0,0,0
widowx_carrot_on_plate,10,0,0,0,0,0,0,0,0,0,0,0,0,0
widowx_carrot_on_plate,11,0,0,0,0,0,0,0,0,0,0,0,0,0
widowx_carrot_on_plate,12,0,0,0,0,0,0,0,0,0,0,0,0,0
widowx_carrot_on_plate,13,0,0,0,0,0,0,0,0,1,0,0,0,1
widowx_carrot_on_plate,14,0,0,0,0,0,0,0,0,0,0,0,0,0
widowx_carrot_on_plate,15,0,0,0,0,0,0,0,0,0,0,0,0,0
widowx_carrot_on_plate,16,0,0,0,0,0,0,0,0,0,0,0,0,0
widowx_carrot_on_plate,17,0,0,0,0,0,0,0,0,0,0,0,0,0
widowx_carrot_on_plate,18,0,0,0,0,0,0,0,0,0,0,0,0,0
widowx_carrot_on_plate,19,0,0,0,0,0,0,0,0,0,0,0,0,0
widowx_carrot_on_plate,20,0,0,0,0,0,0,0,0,0,0,0,0,0
widowx_carrot_on_plate,21,0,0,0,0,0,0,0,0,0,0,0,0,0
widowx_carrot_on_plate,22,0,0,0,0,0,0,0,0,0,0,0,0,0
widowx_carrot_on_plate,23,0,0,0,0,0,0,0,0,0,0,0,0,0
widowx_carrot_on_plate,24,0,0,0,0,0,0,0,0,0,0,0,0,0
widowx_carrot_on_plate,25,0,0,0,0,0,0,0,0,0,0,0,0,0
widowx_carrot_on_plate,26,0,0,0,0,0,0,0,0,0,0,0,0,0
widowx_carrot_on_plate,27,0,0,0,0,0,0,0,0,0,0,0,0,0
widowx_carrot_on_plate,28,0,0,0,0,0,0,0,0,0,0,0,0,0
widowx_carrot_on_plate,29,0,0,0,0,0,0,0,0,0,0,0,0,0
widowx_carrot_on_plate,30,0,0,0,0,0,0,0,0,0,0,0,0,0
widowx_carrot_on_plate,31,0,0,0,0,0,0,0,0,1,0,0,0,1
widowx_carrot_on_plate,32,0,0,0,0,0,0,0,0,0,0,0,0,0
widowx_carrot_on_plate,33,1,0,0,1,1,0,0,0,0,0,1,1,0
widowx_carrot_on_plate,34,0,0,0,0,0,0,0,0,0,0,0,0,0
widowx_carrot_on_plate,35,0,0,0,0,0,0,0,0,0,0,0,0,0
widowx_carrot_on_plate,36,0,0,0,0,0,0,0,0,0,0,0,0,0
widowx_carrot_on_plate,37,0,0,0,0,0,0,0,0,0,0,0,0,0
widowx_carrot_on_plate,38,0,0,0,0,0,0,0,0,0,0,0,0,0
widowx_carrot_on_plate,39,0,0,0,0,0,0,0,0,0,0,0,0,0
widowx_carrot_on_plate,40,0,0,0,0,0,0,1,1,0,0,0,0,0
widowx_carrot_on_plate,41,0,0,0,0,0,0,0,0,0,0,0,0,0
widowx_carrot_on_plate,42,1,0,0,0,0,0,0,1,0,0,0,0,0
widowx_carrot_on_plate,43,0,0,0,0,0,0,0,0,0,0,0,0,0
widowx_carrot_on_plate,44,0,0,0,1,1,0,0,0,0,0,1,1,0
widowx_carrot_on_plate,45,0,0,0,0,0,0,0,0,0,0,0,0,0
widowx_carrot_on_plate,46,0,0,0,0,0,0,0,0,0,0,0,0,0
widowx_carrot_on_plate,47,0,0,0,0,0,0,0,0,0,0,0,0,0
widowx_carrot_on_plate,48,0,0,0,0,0,0,0,0,0,0,0,0,0
widowx_carrot_on_plate,49,0,0,0,0,0,0,0,0,0,0,0,1,0
widowx_carrot_on_plate,50,0,0,0,0,0,0,0,0,0,0,0,0,0
widowx_carrot_on_plate,51,0,0,0,0,0,0,0,0,0,0,0,0,0
widowx_carrot_on_plate,52,0,0,0,0,0,0,0,0,0,0,0,0,0
widowx_carrot_on_plate,53,0,0,0,0,0,0,0,0,0,0,0,0,0
widowx_carrot_on_plate,54,0,0,0,0,0,0,0,0,0,0,0,0,0
widowx_carrot_on_plate,55,0,0,0,0,0,0,0,0,0,0,0,0,0
widowx_carrot_on_plate,56,0,0,0,0,0,0,0,0,0,0,0,0,0
widowx_carrot_on_plate,57,0,0,0,0,0,0,0,0,0,0,0,0,0
widowx_carrot_on_plate,58,0,0,0,0,0,0,0,0,0,0,0,0,0
widowx_carrot_on_plate,59,0,0,0,0,0,0,0,0,0,0,0,0,0
widowx_carrot_on_plate,60,0,0,0,0,0,0,0,0,0,0,0,0,0
widowx_carrot_on_plate,61,0,0,0,0,0,0,0,0,0,0,0,0,0
widowx_carrot_on_plate,62,0,0,0,0,0,0,0,0,1,0,0,0,1
widowx_carrot_on_plate,63,0,0,0,0,0,0,0,0,0,0,0,0,0
widowx_carrot_on_plate,64,0,0,0,0,0,0,0,0,0,0,0,0,0
widowx_carrot_on_plate,65,0,0,0,0,0,0,0,0,0,0,0,0,0
widowx_carrot_on_plate,66,1,0,0,1,1,0,0,0,0,0,1,1,0
widowx_carrot_on_plate,67,0,0,0,0,0,0,0,0,0,0,0,0,0
widowx_carrot_on_plate,68,0,0,0,0,0,0,0,0,0,0,1,1,0
widowx_carrot_on_plate,69,0,0,0,0,0,0,0,0,0,0,0,0,0
widowx_carrot_on_plate,70,0,0,0,0,0,0,0,0,0,0,0,0,0
widowx_carrot_on_plate,71,0,0,0,0,0,0,0,0,0,0,0,0,0
widowx_carrot_on_plate,72,0,0,0,0,0,0,0,0,0,0,0,0,0
widowx_carrot_on_plate,73,0,0,0,0,0,0,0,0,0,0,0,0,0
widowx_carrot_on_plate,74,0,0,0,0,0,0,0,0,0,0,0,0,0
widowx_carrot_on_plate,75,0,0,0,0,0,0,0,0,0,0,0,0,0
widowx_carrot_on_plate,76,0,0,0,0,0,0,0,0,0,0,0,0,0
widowx_carrot_on_plate,77,0,0,0,0,0,1,0,0,0,0,0,0,0
widowx_carrot_on_plate,78,0,0,0,0,0,0,0,0,0,0,0,0,0
widowx_carrot_on_plate,79,0,0,0,0,0,0,0,0,0,0,0,0,0
widowx_carrot_on_plate,80,0,0,0,0,0,0,0,0,0,0,0,0,0
widowx_carrot_on_plate,81,0,0,0,0,0,0,0,0,0,0,0,0,0
widowx_carrot_on_plate,82,0,0,0,0,0,0,0,0,0,0,0,0,0
widowx_carrot_on_plate,83,0,0,0,0,0,0,0,0,1,0,0,0,1
widowx_carrot_on_plate,84,0,0,0,0,0,0,0,0,0,0,0,0,0
widowx_carrot_on_plate,85,0,0,0,0,0,0,0,0,0,0,0,0,0
widowx_carrot_on_plate,86,1,1,0,1,1,0,0,0,0,0,1,1,0
widowx_carrot_on_plate,87,1,0,0,0,0,0,0,1,0,0,0,0,0
widowx_carrot_on_plate,88,0,0,0,0,0,0,0,0,0,0,0,0,0
widowx_carrot_on_plate,89,0,0,0,0,0,0,0,0,0,0,0,0,0
widowx_carrot_on_plate,90,0,0,0,0,0,0,0,0,1,0,0,0,1
widowx_carrot_on_plate,91,0,0,0,0,0,0,0,0,1,0,0,0,1
widowx_carrot_on_plate,92,0,0,0,0,0,0,0,0,0,0,0,1,0
widowx_carrot_on_plate,93,0,0,0,0,0,0,0,0,0,0,0,0,0
widowx_carrot_on_plate,94,0,0,0,0,0,0,0,0,1,0,0,0,1
widowx_carrot_on_plate,95,0,0,0,0,0,0,0,1,0,0,1,0,0
widowx_carrot_on_plate,96,0,0,0,1,1,0,0,0,0,0,1,1,0
widowx_carrot_on_plate,97,0,0,0,0,0,0,0,0,0,0,0,0,0
widowx_carrot_on_plate,98,0,0,0,0,0,0,0,0,0,0,0,1,0
widowx_carrot_on_plate,99,0,0,0,0,0,0,0,0,0,0,0,0,0
widowx_put_eggplant_in_basket,0,0,0,0,0,0,0,0,0,0,0,0,0,0
widowx_put_eggplant_in_basket,1,0,0,0,0,0,0,0,0,1,0,0,0,0
widowx_put_eggplant_in_basket,2,0,0,0,0,0,0,0,0,0,0,0,0,0
widowx_put_eggplant_in_basket,3,0,0,0,0,0,0,0,0,0,0,0,0,0
widowx_put_eggplant_in_basket,4,0,0,0,0,0,0,0,0,0,0,0,0,0
widowx_put_eggplant_in_basket,5,0,0,0,0,0,0,0,0,0,0,0,0,0
widowx_put_eggplant_in_basket,6,0,0,0,0,0,0,0,0,0,0,0,0,0
widowx_put_eggplant_in_basket,7,0,0,0,0,0,0,0,0,0,0,0,0,0
widowx_put_eggplant_in_basket,8,0,0,0,0,0,0,0,0,0,0,0,0,0
widowx_put_eggplant_in_basket,9,0,0,0,0,0,0,0,0,0,0,0,0,0
widowx_put_eggplant_in_basket,10,0,0,0,0,0,0,0,0,0,0,0,0,0
widowx_put_eggplant_in_basket,11,0,0,0,0,0,0,0,0,0,0,0,0,0
widowx_put_eggplant_in_basket,12,0,0,0,0,0,0,0,0,0,0,0,0,0
widowx_put_eggplant_in_basket,13,0,0,0,0,0,0,0,0,0,0,0,0,0
widowx_put_eggplant_in_basket,14,0,0,0,0,0,0,0,0,0,0,0,0,0
widowx_put_eggplant_in_basket,15,0,0,0,0,0,0,0,0,0,0,0,0,0
widowx_put_eggplant_in_basket,16,0,0,0,0,0,0,0,0,0,0,0,0,0
widowx_put_eggplant_in_basket,17,0,0,0,0,0,0,0,0,0,0,0,0,0
widowx_put_eggplant_in_basket,18,0,0,0,0,0,0,0,0,0,0,0,0,0
widowx_put_eggplant_in_basket,19,0,0,0,0,0,0,0,0,0,0,0,0,0
widowx_put_eggplant_in_basket,20,0,0,0,0,0,0,0,0,0,0,0,0,0
widowx_put_eggplant_in_basket,21,0,0,0,0,0,0,0,0,0,0,0,0,0
widowx_put_eggplant_in_basket,22,0,0,0,0,0,0,0,0,0,0,0,0,0
widowx_put_eggplant_in_basket,23,0,0,0,0,0,0,0,0,1,0,0,0,0
widowx_put_eggplant_in_basket,24,0,0,0,0,0,0,0,0,0,0,0,0,0
widowx_put_eggplant_in_basket,25,0,0,0,0,0,0,0,0,0,0,0,0,0
widowx_put_eggplant_in_basket,26,0,0,0,0,0,0,0,0,0,0,0,0,0
widowx_put_eggplant_in_basket,27,0,0,0,0,0,0,0,0,0,0,0,0,0
widowx_put_eggplant_in_basket,28,0,0,0,0,0,0,0,0,0,0,0,0,0
widowx_put_eggplant_in_basket,29,0,0,0,0,0,0,0,0,0,0,0,0,0
widowx_put_eggplant_in_basket,30,0,0,0,0,0,0,0,0,0,0,0,0,0
widowx_put_eggplant_in_basket,31,0,0,0,0,0,0,0,0,0,0,0,0,0
widowx_put_eggplant_in_basket,32,0,0,0,0,0,0,0,0,0,0,0,0,0
widowx_put_eggplant_in_basket,33,0,0,0,0,0,0,0,0,0,0,0,0,0
widowx_put_eggplant_in_basket,34,0,0,0,0,0,0,0,0,0,0,0,0,0
widowx_put_eggplant_in_basket,35,0,0,0,0,0,0,0,0,0,0,0,0,0
widowx_put_eggplant_in_basket,36,0,0,0,0,0,0,0,0,1,0,0,0,0
widowx_put_eggplant_in_basket,37,0,0,0,0,0,0,0,0,0,0,0,0,0
widowx_put_eggplant_in_basket,38,0,0,0,0,0,0,0,0,0,0,0,0,0
widowx_put_eggplant_in_basket,39,0,0,0,0,0,0,0,0,0,0,0,0,0
widowx_put_eggplant_in_basket,40,0,0,0,0,0,0,0,0,0,0,0,0,0
widowx_put_eggplant_in_basket,41,0,0,0,0,0,0,0,0,0,0,0,0,0
widowx_put_eggplant_in_basket,42,0,0,0,0,0,0,0,0,1,0,0,0,0
widowx_put_eggplant_in_basket,43,0,0,0,0,0,0,0,0,0,0,0,0,0
widowx_put_eggplant_in_basket,44,0,0,0,0,0,0,0,0,0,0,0,0,0
widowx_put_eggplant_in_basket,45,0,0,0,0,0,0,0,0,0,0,0,0,0
widowx_put_eggplant_in_basket,46,0,0,0,0,0,0,0,0,0,0,0,0,0
widowx_put_eggplant_in_basket,47,0,0,0,0,0,0,0,0,0,0,0,0,0
widowx_put_eggplant_in_basket,48,0,0,0,0,0,0,0,0,1,1,0,0,0
widowx_put_eggplant_in_basket,49,0,0,0,0,0,0,0,0,0,0,0,0,0
widowx_put_eggplant_in_basket,50,0,0,0,0,0,0,0,0,0,0,0,0,0
widowx_put_eggplant_in_basket,51,0,0,0,0,0,0,0,1,0,1,0,0,0
widowx_put_eggplant_in_basket,52,0,0,0,1,0,1,0,0,0,1,0,0,0
widowx_put_eggplant_in_basket,53,0,0,0,0,0,0,0,0,0,0,0,0,0
widowx_put_eggplant_in_basket,54,0,0,0,0,0,0,0,0,0,0,0,0,0
widowx_put_eggplant_in_basket,55,0,0,0,0,0,0,0,0,0,0,0,0,0
widowx_put_eggplant_in_basket,56,0,0,0,0,0,0,0,0,0,0,0,0,0
widowx_put_eggplant_in_basket,57,0,0,0,0,0,0,0,0,0,0,0,0,0
widowx_put_eggplant_in_basket,58,0,0,0,0,0,0,0,0,0,0,0,0,0
widowx_put_eggplant_in_basket,59,0,0,0,0,0,0,0,0,0,0,0,0,0
widowx_put_eggplant_in_basket,60,0,0,0,0,1,0,0,0,0,0,0,0,0
widowx_put_eggplant_in_basket,61,0,0,0,0,0,0,0,0,0,0,0,0,0
widowx_put_eggplant_in_basket,62,0,0,0,0,0,0,0,0,0,0,0,0,0
widowx_put_eggplant_in_basket,63,0,0,0,0,0,0,0,0,0,0,0,0,0
widowx_put_eggplant_in_basket,64,0,0,0,0,0,0,0,0,0,0,0,0,0
widowx_put_eggplant_in_basket,65,0,0,0,0,0,0,0,0,0,0,0,0,0
widowx_put_eggplant_in_basket,66,0,0,0,0,0,0,0,0,0,0,0,0,0
widowx_put_eggplant_in_basket,67,0,0,0,0,0,0,0,0,0,0,0,0,0
widowx_put_eggplant_in_basket,68,0,0,0,0,0,0,0,0,0,0,0,0,0
widowx_put_eggplant_in_basket,69,0,0,0,0,0,0,0,0,0,0,0,0,0
widowx_put_eggplant_in_basket,70,0,0,0,0,0,0,0,0,0,0,0,0,0
widowx_put_eggplant_in_basket,71,0,0,0,0,0,0,0,0,0,0,0,0,0
widowx_put_eggplant_in_basket,72,0,0,0,0,0,0,0,0,0,0,0,0,0
widowx_put_eggplant_in_basket,73,0,0,0,0,0,0,0,0,0,0,0,0,0
widowx_put_eggplant_in_basket,74,0,0,0,0,0,0,0,0,0,0,0,0,0
widowx_put_eggplant_in_basket,75,0,0,0,0,0,0,0,0,0,0,0,0,0
widowx_put_eggplant_in_basket,76,0,0,0,0,0,0,0,0,0,0,0,0,0
widowx_put_eggplant_in_basket,77,0,0,0,0,0,0,0,0,0,0,0,0,0
widowx_put_eggplant_in_basket,78,0,0,0,0,0,0,0,0,0,0,0,0,0
widowx_put_eggplant_in_basket,79,0,0,0,0,0,0,0,0,0,0,0,0,0
widowx_put_eggplant_in_basket,80,0,0,0,0,0,0,0,0,0,0,0,0,0
widowx_put_eggplant_in_basket,81,0,0,0,0,0,0,0,0,0,0,0,0,0
widowx_put_eggplant_in_basket,82,0,0,0,0,0,0,0,0,0,0,0,0,0
widowx_put_eggplant_in_basket,83,0,0,0,0,0,0,0,0,0,0,0,0,0
widowx_put_eggplant_in_basket,84,0,0,0,0,0,0,0,0,1,0,0,0,0
widowx_put_eggplant_in_basket,85,0,0,0,0,0,0,0,0,0,0,0,0,0
widowx_put_eggplant_in_basket,86,0,0,0,0,0,0,0,0,0,0,0,0,0
widowx_put_eggplant_in_basket,87,0,0,0,0,0,0,0,0,0,0,0,0,0
widowx_put_eggplant_in_basket,88,0,0,0,0,0,1,0,0,0,0,0,0,1
widowx_put_eggplant_in_basket,89,0,0,0,0,0,0,0,0,0,0,0,0,0
widowx_put_eggplant_in_basket,90,0,0,0,0,0,0,0,0,0,0,0,0,0
widowx_put_eggplant_in_basket,91,0,0,0,0,0,0,0,0,0,0,0,0,0
widowx_put_eggplant_in_basket,92,0,0,0,0,0,0,0,0,0,0,0,0,0
widowx_put_eggplant_in_basket,93,0,0,0,0,0,0,0,0,0,0,1,0,0
widowx_put_eggplant_in_basket,94,0,0,0,0,0,0,0,0,0,0,0,0,0
widowx_put_eggplant_in_basket,95,0,0,0,0,0,0,0,0,0,0,0,0,0
widowx_put_eggplant_in_basket,96,0,0,0,0,0,0,0,1,0,0,0,0,0
widowx_put_eggplant_in_basket,97,0,0,0,0,0,0,0,0,0,0,0,0,0
widowx_put_eggplant_in_basket,98,0,0,0,0,0,0,0,0,0,0,0,0,0
widowx_put_eggplant_in_basket,99,0,0,0,0,0,0,0,0,0,0,0,0,0
widowx_spoon_on_towel,0,0,0,0,0,0,0,0,0,0,0,0,0,0
widowx_spoon_on_towel,1,0,0,0,0,0,0,0,0,0,0,0,0,0
widowx_spoon_on_towel,2,0,0,0,0,0,0,0,0,0,0,0,0,0
widowx_spoon_on_towel,3,0,0,0,0,0,0,0,0,0,0,0,0,0
widowx_spoon_on_towel,4,0,0,0,0,0,0,0,0,0,0,0,0,0
widowx_spoon_on_towel,5,0,0,0,0,0,0,0,0,0,0,0,0,0
widowx_spoon_on_towel,6,0,0,0,0,0,0,0,0,0,0,0,0,0
widowx_spoon_on_towel,7,0,0,0,0,0,0,0,0,0,0,0,0,0
widowx_spoon_on_towel,8,0,0,0,0,0,0,0,0,0,0,0,0,0
widowx_spoon_on_towel,9,0,0,0,0,0,0,0,0,0,0,0,0,0
widowx_spoon_on_towel,10,0,0,0,0,0,0,0,0,0,0,0,0,0
widowx_spoon_on_towel,11,0,0,0,0,0,0,0,0,0,1,0,0,0
widowx_spoon_on_towel,12,0,0,0,1,0,0,0,0,1,0,0,1,0
widowx_spoon_on_towel,13,0,0,0,0,0,0,1,0,0,0,0,0,0
widowx_spoon_on_towel,14,0,0,0,0,0,0,0,0,0,0,0,0,0
widowx_spoon_on_towel,15,0,0,0,0,0,0,0,0,0,0,0,0,0
widowx_spoon_on_towel,16,0,0,0,0,0,0,0,0,0,0,0,0,0
widowx_spoon_on_towel,17,0,0,0,0,0,0,0,0,0,0,0,0,0
widowx_spoon_on_towel,18,0,0,0,0,0,0,0,0,1,0,0,0,0
widowx_spoon_on_towel,19,0,0,0,0,0,0,0,0,0,0,0,0,0
widowx_spoon_on_towel,20,0,0,0,0,0,0,0,0,0,0,0,0,0
widowx_spoon_on_towel,21,0,0,0,0,0,0,0,0,0,0,0,0,0
widowx_spoon_on_towel,22,0,0,0,0,0,0,0,0,0,0,0,0,0
widowx_spoon_on_towel,23,0,0,0,0,0,0,0,0,0,0,0,0,0
widowx_spoon_on_towel,24,0,0,0,0,0,0,0,0,0,0,0,0,0
widowx_spoon_on_towel,25,0,0,0,0,0,0,0,0,0,0,0,0,0
widowx_spoon_on_towel,26,0,0,0,0,0,0,0,0,0,0,0,0,0
widowx_spoon_on_towel,27,0,0,0,0,0,0,0,0,0,0,0,0,0
widowx_spoon_on_towel,28,0,0,0,0,0,0,0,0,0,0,0,0,0
widowx_spoon_on_towel,29,0,0,0,0,0,0,0,0,0,0,0,0,0
widowx_spoon_on_towel,30,0,0,0,0,0,0,0,0,0,0,0,0,0
widowx_spoon_on_towel,31,0,0,0,0,0,0,0,0,0,0,0,0,0
widowx_spoon_on_towel,32,0,0,0,0,0,0,0,0,0,0,0,0,0
widowx_spoon_on_towel,33,0,0,0,0,0,0,0,0,0,0,0,0,0
widowx_spoon_on_towel,34,0,0,0,0,0,0,0,0,0,0,0,0,0
widowx_spoon_on_towel,35,0,0,0,0,0,0,0,0,0,0,0,0,0
widowx_spoon_on_towel,36,0,0,0,0,0,0,0,0,0,0,0,0,0
widowx_spoon_on_towel,37,0,0,0,0,0,0,0,0,0,0,0,0,0
widowx_spoon_on_towel,38,0,0,0,0,0,0,0,0,0,0,0,0,0
widowx_spoon_on_towel,39,0,0,0,0,0,0,0,0,0,0,0,0,0
widowx_spoon_on_towel,40,0,0,0,0,0,0,0,0,0,0,0,0,0
widowx_spoon_on_towel,41,0,0,0,0,0,0,0,0,0,0,0,0,0
widowx_spoon_on_towel,42,0,0,0,0,0,0,0,0,0,0,0,0,0
widowx_spoon_on_towel,43,0,0,0,0,0,0,0,0,0,0,0,0,0
widowx_spoon_on_towel,44,0,0,0,0,0,0,0,0,0,0,0,0,0
widowx_spoon_on_towel,45,0,0,0,0,0,0,0,0,1,0,1,0,0
widowx_spoon_on_towel,46,0,0,0,0,0,0,0,0,0,0,0,0,0
widowx_spoon_on_towel,47,0,0,0,0,0,0,0,0,0,0,0,0,0
widowx_spoon_on_towel,48,0,0,0,0,0,0,0,0,0,0,0,0,0
widowx_spoon_on_towel,49,0,0,0,0,0,0,0,0,0,0,0,0,0
widowx_spoon_on_towel,50,0,0,0,0,0,0,0,0,0,0,0,0,0
widowx_spoon_on_towel,51,0,0,0,0,0,0,0,0,0,0,0,0,0
widowx_spoon_on_towel,52,0,0,0,0,0,0,0,0,0,0,0,0,0
widowx_spoon_on_towel,53,0,0,0,0,0,0,1,0,0,0,0,0,0
widowx_spoon_on_towel,54,0,0,0,0,0,0,0,0,0,0,0,0,0
widowx_spoon_on_towel,55,0,0,0,0,0,0,0,0,0,0,0,0,0
widowx_spoon_on_towel,56,0,0,0,0,0,0,0,0,0,0,0,0,0
widowx_spoon_on_towel,57,0,0,0,0,0,0,0,0,0,0,0,0,0
widowx_spoon_on_towel,58,0,0,0,0,0,0,0,0,0,0,0,0,0
widowx_spoon_on_towel,59,0,0,0,0,0,0,0,0,0,0,0,0,0
widowx_spoon_on_towel,60,0,0,0,0,0,0,0,0,0,0,0,0,0
widowx_spoon_on_towel,61,0,0,0,0,0,0,0,0,0,0,0,0,0
widowx_spoon_on_towel,62,0,0,0,0,0,0,0,0,0,0,0,0,1
widowx_spoon_on_towel,63,0,0,0,0,0,0,0,0,0,0,0,0,0
widowx_spoon_on_towel,64,0,0,0,0,0,0,0,0,0,0,0,0,0
widowx_spoon_on_towel,65,0,0,0,0,0,0,0,0,0,0,0,0,0
widowx_spoon_on_towel,66,0,0,0,0,0,0,0,0,0,0,0,0,0
widowx_spoon_on_towel,67,0,0,0,0,0,0,0,0,0,0,0,0,0
widowx_spoon_on_towel,68,0,0,0,0,0,0,0,0,0,0,0,0,0
widowx_spoon_on_towel,69,0,0,0,0,0,1,1,0,0,0,0,0,0
widowx_spoon_on_towel,70,0,0,0,0,0,0,0,0,0,0,0,0,0
widowx_spoon_on_towel,71,0,0,0,0,0,0,0,0,0,0,0,0,0
widowx_spoon_on_towel,72,0,0,0,0,0,0,0,0,0,0,0,0,0
widowx_spoon_on_towel,73,0,0,0,0,0,0,0,0,0,0,0,0,0
widowx_spoon_on_towel,74,0,0,0,0,0,0,0,0,0,0,0,0,0
widowx_spoon_on_towel,75,0,0,0,0,0,0,0,0,0,0,0,0,0
widowx_spoon_on_towel,76,0,0,0,0,0,0,0,0,0,0,0,0,0
widowx_spoon_on_towel,77,0,0,0,0,0,0,0,0,0,0,0,0,0
widowx_spoon_on_towel,78,0,0,0,0,0,0,0,0,0,0,0,0,0
widowx_spoon_on_towel,79,0,0,0,0,0,0,0,0,0,0,0,0,0
widowx_spoon_on_towel,80,0,0,0,0,0,0,0,0,0,0,0,0,0
widowx_spoon_on_towel,81,0,0,0,0,0,0,0,0,0,0,0,0,0
widowx_spoon_on_towel,82,0,0,0,0,0,0,0,0,0,0,0,0,0
widowx_spoon_on_towel,83,0,0,0,0,0,0,1,0,0,0,0,0,0
widowx_spoon_on_towel,84,0,0,0,0,0,0,0,0,1,0,0,0,0
widowx_spoon_on_towel,85,0,0,0,0,0,0,0,0,0,0,0,0,0
widowx_spoon_on_towel,86,0,0,0,0,0,0,0,0,0,0,0,0,0
widowx_spoon_on_towel,87,0,0,0,0,0,0,0,0,0,0,0,0,0
widowx_spoon_on_towel,88,0,0,0,0,0,0,0,0,0,0,0,0,0
widowx_spoon_on_towel,89,0,0,0,0,0,0,0,0,0,0,0,0,0
widowx_spoon_on_towel,90,0,0,0,0,0,0,0,0,1,0,0,0,1
widowx_spoon_on_towel,91,0,0,0,0,0,0,0,0,0,0,0,0,0
widowx_spoon_on_towel,92,0,0,0,0,0,0,0,0,0,0,0,0,0
widowx_spoon_on_towel,93,0,0,0,0,0,0,0,0,0,0,0,0,0
widowx_spoon_on_towel,94,0,0,0,0,0,0,0,0,0,0,0,0,1
widowx_spoon_on_towel,95,0,0,0,0,0,0,0,0,0,0,0,0,0
widowx_spoon_on_towel,96,0,0,0,0,0,0,0,0,0,0,0,0,0
widowx_spoon_on_towel,97,0,0,0,0,0,0,0,0,0,0,0,0,0
widowx_spoon_on_towel,98,0,0,0,0,0,0,0,0,0,0,0,0,0
widowx_spoon_on_towel,99,0,0,0,0,0,0,0,0,0,0,0,0,0
widowx_stack_cube,0,0,0,0,0,0,0,0,0,0,0,0,0,0
widowx_stack_cube,1,0,0,0,0,0,0,0,0,0,0,0,0,0
widowx_stack_cube,2,0,0,0,0,0,0,0,0,0,0,0,0,0
widowx_stack_cube,3,0,0,0,0,0,0,0,0,0,0,0,0,0
widowx_stack_cube,4,0,0,0,0,0,0,0,0,0,0,0,0,0
widowx_stack_cube,5,0,0,0,0,0,0,0,0,0,0,0,0,0
widowx_stack_cube,6,0,0,0,0,0,0,0,0,0,0,0,0,0
widowx_stack_cube,7,0,0,0,0,0,0,0,0,0,0,0,0,0
widowx_stack_cube,8,0,0,0,0,0,0,0,0,0,0,0,0,0
widowx_stack_cube,9,0,0,0,0,0,0,0,0,0,0,0,0,0
widowx_stack_cube,10,0,0,0,0,0,0,0,0,0,0,0,0,0
widowx_stack_cube,11,0,0,0,0,0,0,0,0,0,0,0,0,0
widowx_stack_cube,12,0,1,1,0,0,0,0,0,0,0,1,0,0
widowx_stack_cube,13,0,0,0,0,0,0,0,0,0,0,0,0,0
widowx_stack_cube,14,0,1,1,0,0,0,0,0,0,0,1,0,0
widowx_stack_cube,15,0,0,0,0,0,0,0,0,0,0,0,0,0
widowx_stack_cube,16,0,0,0,0,0,0,0,0,0,0,0,0,0
widowx_stack_cube,17,0,0,0,0,0,0,0,0,0,0,0,0,0
widowx_stack_cube,18,0,0,0,0,0,0,0,0,0,0,0,0,0
widowx_stack_cube,19,0,0,0,0,0,0,0,0,0,0,0,0,0
widowx_stack_cube,20,0,0,0,0,0,0,0,0,0,0,0,0,0
widowx_stack_cube,21,0,0,0,0,0,0,0,0,0,0,0,0,0
widowx_stack_cube,22,0,0,0,0,0,0,0,0,0,0,0,0,0
widowx_stack_cube,23,0,0,0,0,0,0,0,0,0,0,0,0,0
widowx_stack_cube,24,0,0,0,0,0,0,0,0,0,0,0,0,0
widowx_stack_cube,25,0,0,0,0,0,0,0,0,0,0,0,0,0
widowx_stack_cube,26,0,0,0,0,0,0,0,0,0,0,0,0,0
widowx_stack_cube,27,0,0,0,0,0,0,0,0,0,0,0,0,0
widowx_stack_cube,28,0,0,0,0,0,0,0,0,0,0,0,0,0
widowx_stack_cube,29,0,0,0,0,0,0,0,0,0,0,0,0,0
widowx_stack_cube,30,0,0,0,0,0,0,0,0,0,0,0,0,0
widowx_stack_cube,31,0,0,0,0,0,0,0,0,0,0,0,0,0
widowx_stack_cube,32,0,0,0,0,0,0,0,0,0,0,0,0,0
widowx_stack_cube,33,0,0,0,0,0,0,0,0,0,0,0,0,0
widowx_stack_cube,34,0,0,0,0,0,0,0,0,0,0,0,0,0
widowx_stack_cube,35,0,0,0,0,0,0,0,0,0,0,0,0,0
widowx_stack_cube,36,0,0,0,0,0,0,0,0,0,0,0,0,0
widowx_stack_cube,37,0,0,0,0,0,0,0,0,0,0,0,0,0
widowx_stack_cube,38,0,0,0,0,0,0,0,0,0,0,0,0,0
widowx_stack_cube,39,0,0,0,0,0,0,0,0,0,0,0,0,0
widowx_stack_cube,40,0,0,0,0,0,0,0,0,0,0,0,0,0
widowx_stack_cube,41,0,0,0,0,0,0,0,0,0,0,0,0,0
widowx_stack_cube,42,0,0,0,0,0,0,0,0,0,0,0,0,0
widowx_stack_cube,43,0,0,0,0,0,0,0,0,0,0,0,0,0
widowx_stack_cube,44,0,0,0,0,0,0,0,0,0,0,0,0,0
widowx_stack_cube,45,0,1,1,0,0,0,0,0,0,0,1,0,0
widowx_stack_cube,46,0,0,0,0,0,0,0,0,0,0,0,0,0
widowx_stack_cube,47,0,0,0,0,0,0,0,0,0,0,0,0,0
widowx_stack_cube,48,0,0,0,0,0,0,0,0,0,0,0,0,0
widowx_stack_cube,49,0,0,0,0,0,0,0,0,0,0,0,0,0
widowx_stack_cube,50,0,0,0,0,0,0,0,0,0,0,0,0,0
widowx_stack_cube,51,0,0,0,0,0,0,0,0,0,0,0,0,0
widowx_stack_cube,52,0,0,0,0,0,0,0,0,0,0,0,0,0
widowx_stack_cube,53,0,0,0,0,0,0,0,0,0,0,0,0,0
widowx_stack_cube,54,0,0,0,0,0,0,0,0,0,0,0,0,0
widowx_stack_cube,55,0,0,0,0,0,0,0,0,0,0,0,0,0
widowx_stack_cube,56,0,0,0,0,0,0,0,0,0,0,0,0,0
widowx_stack_cube,57,0,0,0,0,0,0,0,0,0,0,0,0,0
widowx_stack_cube,58,0,0,0,0,0,0,0,0,0,0,0,0,0
widowx_stack_cube,59,0,0,0,0,0,0,0,0,0,0,0,0,0
widowx_stack_cube,60,0,0,0,0,0,0,0,0,0,0,0,0,0
widowx_stack_cube,61,0,0,0,0,0,0,0,0,0,0,0,0,0
widowx_stack_cube,62,0,0,0,0,0,0,0,0,0,0,0,0,0
widowx_stack_cube,63,0,0,0,0,0,0,0,0,0,0,0,0,0
widowx_stack_cube,64,0,0,0,0,0,0,0,0,0,0,0,0,0
widowx_stack_cube,65,0,0,0,0,0,0,0,0,0,0,0,0,0
widowx_stack_cube,66,0,0,0,0,0,0,0,0,0,0,0,0,0
widowx_stack_cube,67,0,0,0,0,0,0,0,0,0,0,0,0,0
widowx_stack_cube,68,0,0,0,0,0,0,0,0,0,0,0,0,0
widowx_stack_cube,69,0,0,0,0,0,0,0,0,0,0,0,0,0
widowx_stack_cube,70,0,0,0,0,0,0,0,0,0,0,0,0,0
widowx_stack_cube,71,0,1,1,0,0,0,0,0,0,0,1,0,0
widowx_stack_cube,72,0,0,0,0,0,0,0,0,0,0,0,0,0
widowx_stack_cube,73,0,0,0,0,0,0,0,0,0,0,0,0,0
widowx_stack_cube,74,0,0,0,0,0,0,0,0,0,0,0,0,0
widowx_stack_cube,75,0,0,0,0,0,0,0,0,0,0,0,0,0
widowx_stack_cube,76,0,0,0,0,0,0,0,0,0,0,0,0,0
widowx_stack_cube,77,0,0,0,0,0,0,0,0,0,0,0,0,0
widowx_stack_cube,78,0,0,0,0,0,0,0,0,0,0,0,0,0
widowx_stack_cube,79,0,0,0,0,0,0,0,0,0,0,0,0,0
widowx_stack_cube,80,0,0,0,0,0,0,0,0,0,0,0,0,0
widowx_stack_cube,81,0,0,0,0,0,0,0,0,0,0,0,0,0
widowx_stack_cube,82,0,0,0,0,0,0,0,0,0,0,0,0,0
widowx_stack_cube,83,0,0,0,0,0,0,0,0,0,0,0,0,0
widowx_stack_cube,84,0,0,0,0,0,0,0,0,0,0,0,0,0
widowx_stack_cube,85,0,0,0,0,0,0,0,0,0,0,0,0,0
widowx_stack_cube,86,0,0,0,0,0,0,0,0,0,0,0,0,0
widowx_stack_cube,87,0,0,0,0,0,0,0,0,0,0,0,0,0
widowx_stack_cube,88,0,0,0,0,0,0,0,0,0,0,0,0,0
widowx_stack_cube,89,0,0,0,0,0,0,0,0,0,0,0,0,0
widowx_stack_cube,90,0,0,0,0,0,0,0,0,0,0,0,0,0
widowx_stack_cube,91,0,0,0,0,0,0,0,0,0,0,0,0,0
widowx_stack_cube,92,0,0,0,0,0,0,0,0,0,0,0,0,0
widowx_stack_cube,93,0,0,0,0,0,0,0,0,0,0,0,0,0
widowx_stack_cube,94,0,0,0,0,0,0,0,0,0,0,0,0,0
widowx_stack_cube,95,0,0,0,0,0,0,0,0,0,0,0,0,0
widowx_stack_cube,96,0,0,0,0,0,0,0,0,0,0,0,0,0
widowx_stack_cube,97,0,0,0,0,0,0,0,0,0,0,0,0,0
widowx_stack_cube,98,0,0,0,0,0,0,0,0,0,0,0,0,0
widowx_stack_cube,99,0,0,0,0,0,0,0,0,0,0,0,0,0
