partner_layer,alpha,group_type,group,states,episodes,target_control_states,target_response_change,mask_jaccard_l11,mean_lost_l11_tokens,components,component_change_l11,score_cosine_l11,rank_correlation_l11
0,0.5,l11_outcome,fail,51,17,3,-0.09340654443197509,0.7363844795175161,4.784313725490196,6.078431372549019,-0.21568627450980393,0.8360792070678404,0.8458814665715221
0,0.5,l11_outcome,success,54,18,6,-0.052290495234294444,0.72284457243188,5.907407407407407,7.074074074074074,0.3148148148148148,0.8457461364927946,0.8267939284987664
0,0.75,l11_outcome,fail,51,17,3,-0.06504015034608866,0.8709261753205373,2.2941176470588234,6.03921568627451,-0.2549019607843137,0.9548336038642545,0.8876704859100886
0,0.75,l11_outcome,success,54,18,6,-0.036663389821503856,0.8563699826507031,3.074074074074074,6.87037037037037,0.1111111111111111,0.9566319031230792,0.875608585954918
0,0.9,l11_outcome,fail,51,17,3,-0.03408572332625327,0.9477113065726951,0.9607843137254902,6.03921568627451,-0.2549019607843137,0.9926908217892729,0.933116565463448
0,0.9,l11_outcome,success,54,18,6,-0.01934446380522648,0.938576573821337,1.3518518518518519,6.574074074074074,-0.18518518518518517,0.9928489114147505,0.9275701120266524
1,0.5,l11_outcome,fail,51,17,3,-0.07459471199774596,0.7264502170278105,5.196078431372549,6.745098039215686,0.45098039215686275,0.9118217984036733,0.8452151185491361
1,0.5,l11_outcome,success,54,18,6,-0.04368090774186678,0.6900659167567946,6.703703703703703,7.5,0.7407407407407407,0.9173815646516135,0.8286106793019843
1,0.75,l11_outcome,fail,51,17,3,-0.04273596600795429,0.8813975684433234,2.3529411764705883,6.176470588235294,-0.11764705882352941,0.9819414329232705,0.902389902230061
1,0.75,l11_outcome,success,54,18,6,-0.025881095719015212,0.8375660471253242,3.3518518518518516,7.2407407407407405,0.48148148148148145,0.9831128612898635,0.8949438727609504
1,0.9,l11_outcome,fail,51,17,3,-0.018772282458559872,0.9471877955047486,0.9607843137254902,6.176470588235294,-0.11764705882352941,0.9974791636856291,0.9517834963580304
1,0.9,l11_outcome,success,54,18,6,-0.011652648361158912,0.9374755132434744,1.3888888888888888,6.833333333333333,0.07407407407407407,0.9976348245947577,0.9504045627654433
2,0.5,l11_outcome,fail,51,17,3,-0.013185168008306233,0.8745736115899464,2.392156862745098,6.254901960784314,-0.0392156862745098,0.9921615865613173,0.97091720185442
2,0.5,l11_outcome,success,54,18,6,-0.009718935807843136,0.8565516340900984,2.8703703703703702,7.166666666666667,0.4074074074074074,0.991902075893755,0.9748276737197256
2,0.75,l11_outcome,fail,51,17,3,-0.0047931259339814986,0.9526886754905806,0.8823529411764706,6.313725490196078,0.0196078431372549,0.9990356479768084,0.9890797435362334
2,0.75,l11_outcome,success,54,18,6,-0.003598885226264385,0.9394758283887472,1.3148148148148149,6.814814814814815,0.05555555555555555,0.9990063613334415,0.9908385600781598
2,0.9,l11_outcome,fail,51,17,3,-0.0016481235341301397,0.9844743388729268,0.2549019607843137,6.215686274509804,-0.0784313725490196,0.9998892860712976,0.9969243393741108
2,0.9,l11_outcome,success,54,18,6,-0.0012457404067415547,0.9789883574679163,0.46296296296296297,6.722222222222222,-0.037037037037037035,0.999886083332833,0.997414854127989
3,0.5,l11_outcome,fail,51,17,3,-0.013916614262799235,0.9086927243192509,1.6862745098039216,6.0588235294117645,-0.23529411764705882,0.9956015230058624,0.9853104145068419
3,0.5,l11_outcome,success,54,18,6,-0.00812658356655144,0.8674186104043426,2.5,6.814814814814815,0.05555555555555555,0.9931139274883088,0.9840310891974597
3,0.75,l11_outcome,fail,51,17,3,-0.005040090060567132,0.9585432620193977,0.7254901960784313,6.137254901960785,-0.1568627450980392,0.9994579134744123,0.9957772480129612
3,0.75,l11_outcome,success,54,18,6,-0.002976585977424499,0.9400560426984592,1.1851851851851851,6.574074074074074,-0.18518518518518517,0.9991377553374777,0.9952971747497095
3,0.9,l11_outcome,fail,51,17,3,-0.0017299597988507803,0.9780094896394002,0.3137254901960784,6.254901960784314,-0.0392156862745098,0.9999376582628672,0.999063982425197
3,0.9,l11_outcome,success,54,18,6,-0.0010260261054515461,0.9776175594918932,0.4444444444444444,6.777777777777778,0.018518518518518517,0.9999003701538334,0.9989292855598786
4,0.5,l11_outcome,fail,51,17,3,-0.02215886526042295,0.859280851311868,2.2745098039215685,6.529411764705882,0.23529411764705882,0.9908349094883,0.9768441677998732
4,0.5,l11_outcome,success,54,18,6,-0.012806242479920677,0.8653571145786135,2.6666666666666665,7.166666666666667,0.4074074074074074,0.9916660805989476,0.9801435354729873
4,0.75,l11_outcome,fail,51,17,3,-0.008469845879866324,0.9514560130528845,0.8627450980392157,6.078431372549019,-0.21568627450980393,0.9988057430507045,0.991372271327849
4,0.75,l11_outcome,success,54,18,6,-0.004945097972044566,0.9459138979199048,1.1481481481481481,6.851851851851852,0.09259259259259259,0.9989092456921035,0.9930560323999897
4,0.9,l11_outcome,fail,51,17,3,-0.0029699024415829473,0.9759475481389588,0.39215686274509803,6.254901960784314,-0.0392156862745098,0.9998599999392371,0.9974491908230444
4,0.9,l11_outcome,success,54,18,6,-0.0017408762193450247,0.9751227605374505,0.5,6.796296296296297,0.037037037037037035,0.9998718559203449,0.9979728150988021
5,0.5,l11_outcome,fail,51,17,3,-0.033853072637059285,0.812004114086645,3.0,6.980392156862745,0.6862745098039216,0.9780468927576099,0.9719061211117543
5,0.5,l11_outcome,success,54,18,6,-0.0182396726699213,0.8114093148008874,3.6296296296296298,7.7592592592592595,1.0,0.9777482637422218,0.9739029928876003
5,0.75,l11_outcome,fail,51,17,3,-0.013994660866509632,0.9302118458594542,1.196078431372549,6.450980392156863,0.1568627450980392,0.9969698643494268,0.9889717943712161
5,0.75,l11_outcome,success,54,18,6,-0.007530057660816907,0.9222642321055398,1.5740740740740742,7.296296296296297,0.5370370370370371,0.9968702805390685,0.9900751056475334
5,0.9,l11_outcome,fail,51,17,3,-0.005072018844659225,0.9715909910475979,0.47058823529411764,6.294117647058823,0.0,0.9996380542003688,0.9961415852104172
5,0.9,l11_outcome,success,54,18,6,-0.0027272801266170735,0.9749540352770367,0.5185185185185185,6.851851851851852,0.09259259259259259,0.9996232169824282,0.9966645129193051
6,0.5,l11_outcome,fail,51,17,3,-0.0282368842466371,0.8446041762100609,2.1372549019607843,6.686274509803922,0.39215686274509803,0.9836717293763007,0.9807308286097682
6,0.5,l11_outcome,success,54,18,6,-0.018533465929473848,0.8727811054348661,2.3518518518518516,7.055555555555555,0.2962962962962963,0.9837490774133905,0.9857738496392936
6,0.75,l11_outcome,fail,51,17,3,-0.011741757783166903,0.9293084156844352,0.9019607843137255,6.176470588235294,-0.11764705882352941,0.9974227907993413,0.9933724093322381
6,0.75,l11_outcome,success,54,18,6,-0.008156327429558904,0.94466630241701,0.9814814814814815,6.814814814814815,0.05555555555555555,0.9973951933970997,0.9957935565601077
6,0.9,l11_outcome,fail,51,17,3,-0.004282402140724677,0.9810070613511613,0.27450980392156865,6.235294117647059,-0.058823529411764705,0.9996740244025736,0.9982764037178156
6,0.9,l11_outcome,success,54,18,6,-0.0030500478450806337,0.9737934608236356,0.42592592592592593,6.7407407407407405,-0.018518518518518517,0.9996654877203733,0.9990199787221414
7,0.5,l11_outcome,fail,51,17,3,-0.009310324660585968,0.8349796270904811,2.411764705882353,6.823529411764706,0.5294117647058824,0.9795807728136566,0.9739535929386632
7,0.5,l11_outcome,success,54,18,6,-0.004832031012422058,0.8311942911225495,3.2037037037037037,7.425925925925926,0.6666666666666666,0.9784545085152987,0.9739951695658807
7,0.75,l11_outcome,fail,51,17,3,-0.003604667526703048,0.922788491571651,1.0784313725490196,6.392156862745098,0.09803921568627451,0.9966446004854503,0.9908828466154139
7,0.75,l11_outcome,success,54,18,6,-0.0019241570191171429,0.9317428097723827,1.2962962962962963,7.111111111111111,0.35185185185185186,0.9964561629162687,0.9913956600798555
7,0.9,l11_outcome,fail,51,17,3,-0.0012689647263111337,0.9737321207546344,0.3333333333333333,6.196078431372549,-0.09803921568627451,0.9995700158196472,0.997456820333993
7,0.9,l11_outcome,success,54,18,6,-0.0006859901882943683,0.9698170549070753,0.5370370370370371,6.87037037037037,0.1111111111111111,0.9995438752183775,0.9977326974347884
8,0.5,l11_outcome,fail,51,17,3,-0.022513274142305254,0.8196034535497538,2.6470588235294117,6.803921568627451,0.5098039215686274,0.973460964243507,0.9781526429523514
8,0.5,l11_outcome,success,54,18,6,-0.014753211883825302,0.8165606464228428,3.462962962962963,7.407407407407407,0.6481481481481481,0.9667183971463891,0.9755202505234691
8,0.75,l11_outcome,fail,51,17,3,-0.010512443456441761,0.9124587509468168,1.2352941176470589,6.313725490196078,0.0196078431372549,0.9945834608621675,0.9913021471463385
8,0.75,l11_outcome,success,54,18,6,-0.007085174706708813,0.906954323557085,1.7222222222222223,7.0,0.24074074074074073,0.9927232119171172,0.9910361326220932
8,0.9,l11_outcome,fail,51,17,3,-0.004048539396531177,0.9695007883163996,0.49019607843137253,6.117647058823529,-0.17647058823529413,0.9992306508063825,0.9972692942477973
8,0.9,l11_outcome,success,54,18,6,-0.0027676439880678257,0.9604226884667637,0.7407407407407407,6.833333333333333,0.07407407407407407,0.9989160438108426,0.997451624132143
9,0.5,l11_outcome,fail,51,17,3,-0.024758301906925916,0.8347554087369415,2.5294117647058822,6.862745098039215,0.5686274509803921,0.9748899987815309,0.9756582136173304
9,0.5,l11_outcome,success,54,18,6,-0.013428397556465287,0.8223124786438468,3.314814814814815,7.685185185185185,0.9259259259259259,0.9774099596070223,0.9741844635606078
9,0.75,l11_outcome,fail,51,17,3,-0.011226267500559129,0.914597161111155,1.2352941176470589,6.431372549019608,0.13725490196078433,0.995500122457964,0.9894917932267892
9,0.75,l11_outcome,success,54,18,6,-0.006006012654918754,0.9166325887177799,1.4814814814814814,7.203703703703703,0.4444444444444444,0.9960437645389474,0.9889272483744902
9,0.9,l11_outcome,fail,51,17,3,-0.0042515541784196075,0.9618253145059898,0.43137254901960786,6.215686274509804,-0.0784313725490196,0.9994000926162693,0.9962145283840245
9,0.9,l11_outcome,success,54,18,6,-0.002257908153746649,0.9651680421903056,0.6666666666666666,6.888888888888889,0.12962962962962962,0.9994757229260736,0.99592617229555
10,0.5,l11_outcome,fail,51,17,3,-0.04411235160521445,0.8170387060052109,2.7254901960784315,6.529411764705882,0.23529411764705882,0.974783711697388,0.983750572213321
10,0.5,l11_outcome,success,54,18,6,-0.014386754024809226,0.8090419389338172,3.388888888888889,7.037037037037037,0.2777777777777778,0.971492973518041,0.9829191806964894
10,0.75,l11_outcome,fail,51,17,3,-0.021072814645800648,0.9086265058754588,1.392156862745098,6.294117647058823,0.0,0.9947939156760384,0.993653733523622
10,0.75,l11_outcome,success,54,18,6,-0.006764162309588877,0.915193471350772,1.5925925925925926,6.981481481481482,0.2222222222222222,0.9940117741402886,0.9937080774268201
10,0.9,l11_outcome,fail,51,17,3,-0.008213883764401802,0.9662161684537293,0.47058823529411764,6.1568627450980395,-0.13725490196078433,0.9992553445107589,0.9981288904895901
10,0.9,l11_outcome,success,54,18,6,-0.002615956195898781,0.9676739798494723,0.6296296296296297,6.87037037037037,0.1111111111111111,0.9991365700628818,0.9980842907309918
12,0.5,l11_outcome,fail,51,17,3,-0.03854561722083924,0.8039722632409309,2.7254901960784315,6.568627450980392,0.27450980392156865,0.9693151334742159,0.9889298741355089
12,0.5,l11_outcome,success,54,18,6,-0.017510997541117606,0.8443541587242501,2.8518518518518516,7.2592592592592595,0.5,0.9695893837345012,0.9894406773734136
12,0.75,l11_outcome,fail,51,17,3,-0.01938409183034014,0.9053739212623296,1.3725490196078431,6.392156862745098,0.09803921568627451,0.9924825004478848,0.9961233108487154
12,0.75,l11_outcome,success,54,18,6,-0.008619879450882955,0.9270133392809164,1.3703703703703705,6.796296296296297,0.037037037037037035,0.9925286145532138,0.9967881480845686
12,0.9,l11_outcome,fail,51,17,3,-0.00779286770339475,0.9579234694113816,0.5882352941176471,6.215686274509804,-0.0784313725490196,0.9988143989633564,0.9990877404978926
12,0.9,l11_outcome,success,54,18,6,-0.0034181872699431573,0.9654495526867918,0.6851851851851852,6.833333333333333,0.07407407407407407,0.9988213641925497,0.9992951047150375
13,0.5,l11_outcome,fail,51,17,3,-0.042715009066148134,0.8013410256849817,2.803921568627451,6.764705882352941,0.47058823529411764,0.9662611558585767,0.9888106770517772
13,0.5,l11_outcome,success,54,18,6,-0.020333495489068678,0.8215101880850108,3.240740740740741,7.277777777777778,0.5185185185185185,0.9678921887290044,0.9875882824487336
13,0.75,l11_outcome,fail,51,17,3,-0.019882921847788317,0.9140572537922732,1.2156862745098038,6.509803921568627,0.21568627450980393,0.9927415803846372,0.9963548608960633
13,0.75,l11_outcome,success,54,18,6,-0.009756276803759411,0.9073537543884006,1.5,6.962962962962963,0.2037037037037037,0.9929608853890249,0.9962414194493187
13,0.9,l11_outcome,fail,51,17,3,-0.007639529026357547,0.9644256761374255,0.49019607843137253,6.098039215686274,-0.19607843137254902,0.9989421121392944,0.9991511327579783
13,0.9,l11_outcome,success,54,18,6,-0.0038173444143438633,0.9623266481173599,0.7407407407407407,6.907407407407407,0.14814814814814814,0.9989606340683475,0.9991845695260376
14,0.5,l11_outcome,fail,51,17,3,-0.02064937708813425,0.710265252140439,4.03921568627451,6.980392156862745,0.6862745098039216,0.934492270663638,0.9789018356827737
14,0.5,l11_outcome,success,54,18,6,-0.01622428240250475,0.7794497790287127,4.296296296296297,7.351851851851852,0.5925925925925926,0.9355567146616955,0.9803195175605908
14,0.75,l11_outcome,fail,51,17,3,-0.012091434209594623,0.8090137065041088,2.5294117647058822,6.549019607843137,0.2549019607843137,0.9797319627440771,0.9906089275375976
14,0.75,l11_outcome,success,54,18,6,-0.009161398675335384,0.8693571651229843,2.537037037037037,6.833333333333333,0.07407407407407407,0.9794097268283818,0.9923988612954908
14,0.9,l11_outcome,fail,51,17,3,-0.00539331524221467,0.9163040121294594,1.1764705882352942,6.235294117647059,-0.058823529411764705,0.9962767206342623,0.9971354552349664
14,0.9,l11_outcome,success,54,18,6,-0.0039809008014782005,0.9413608970755583,1.1111111111111112,6.888888888888889,0.12962962962962962,0.9961645511119015,0.9978878308240717
15,0.5,l11_outcome,fail,51,17,3,-0.051328994316293584,0.7472201786110331,3.823529411764706,7.490196078431373,1.196078431372549,0.9452737489188512,0.9782612653095112
15,0.5,l11_outcome,success,54,18,6,-0.0273635746001553,0.7685832741489679,4.648148148148148,8.407407407407407,1.6481481481481481,0.9400461355911403,0.9771405546654459
15,0.75,l11_outcome,fail,51,17,3,-0.025926322975747717,0.8691410374325432,2.019607843137255,7.196078431372549,0.9019607843137255,0.9870065273192502,0.9907904089193468
15,0.75,l11_outcome,success,54,18,6,-0.013842779142854157,0.866195384600602,2.611111111111111,7.351851851851852,0.5925925925925926,0.9855646992423929,0.9910270858235208
15,0.9,l11_outcome,fail,51,17,3,-0.010465166161241842,0.9332707143748252,0.9215686274509803,6.411764705882353,0.11764705882352941,0.9979979463161972,0.996988236528303
15,0.9,l11_outcome,success,54,18,6,-0.005589362602766001,0.9414222129052605,1.1666666666666667,6.962962962962963,0.2037037037037037,0.9977908993850159,0.9972261561888047
16,0.5,l11_outcome,fail,51,17,3,-0.04581420608376383,0.7242067176724101,4.254901960784314,7.764705882352941,1.4705882352941178,0.9448586034433413,0.977707017803688
16,0.5,l11_outcome,success,54,18,6,-0.022188228438008478,0.7275247007939559,5.37037037037037,8.75925925925926,2.0,0.9380026233131572,0.9741884637555841
16,0.75,l11_outcome,fail,51,17,3,-0.022949762305530155,0.8593505715906399,2.196078431372549,6.96078431372549,0.6666666666666666,0.9877844392918073,0.9912235940382103
16,0.75,l11_outcome,success,54,18,6,-0.010993511230708434,0.8555268805756567,2.7037037037037037,7.722222222222222,0.9629629629629629,0.9863788864457546,0.9898127352432541
16,0.9,l11_outcome,fail,51,17,3,-0.00920291105810552,0.9411708083309369,0.9215686274509803,6.470588235294118,0.17647058823529413,0.9982028737132518,0.997452416535394
16,0.9,l11_outcome,success,54,18,6,-0.004372225611975904,0.9331449784087917,1.2962962962962963,7.111111111111111,0.35185185185185186,0.9980195526203739,0.9967847704364927
17,0.5,l11_outcome,fail,51,17,3,-0.03704718536676293,0.710154222775881,4.215686274509804,7.9411764705882355,1.6470588235294117,0.9348113639686106,0.9873004826787661
17,0.5,l11_outcome,success,54,18,6,-0.015177090411361569,0.7321430682146589,5.2407407407407405,8.703703703703704,1.9444444444444444,0.9340512037375265,0.9872533787077302
17,0.75,l11_outcome,fail,51,17,3,-0.01786075920701834,0.8522080433681973,2.176470588235294,7.235294117647059,0.9411764705882353,0.9845668801383605,0.9959666674520571
17,0.75,l11_outcome,success,54,18,6,-0.007373754545459205,0.8489542560559166,2.8518518518518516,7.796296296296297,1.037037037037037,0.9850204963643392,0.9961181419173809
17,0.9,l11_outcome,fail,51,17,3,-0.007002922229252401,0.9316343091285921,1.0392156862745099,6.588235294117647,0.29411764705882354,0.9976452094323054,0.9990220621894899
17,0.9,l11_outcome,success,54,18,6,-0.0029044292371612004,0.9387451876236504,1.2037037037037037,7.111111111111111,0.35185185185185186,0.9977715341016695,0.9990804187541854
18,0.5,l11_outcome,fail,51,17,3,-0.02544076517056018,0.7709388816729766,3.4705882352941178,7.549019607843137,1.2549019607843137,0.9578263582108345,0.9902472550590388
18,0.5,l11_outcome,success,54,18,6,-0.018415852289536246,0.7894150608327277,3.9444444444444446,8.351851851851851,1.5925925925925926,0.9576117981884396,0.990104921670354
18,0.75,l11_outcome,fail,51,17,3,-0.010381560771654036,0.8877082656218102,1.6470588235294117,6.901960784313726,0.6078431372549019,0.992396554385071,0.9972337553126079
18,0.75,l11_outcome,success,54,18,6,-0.007755453423796971,0.8904025750775125,1.9074074074074074,7.537037037037037,0.7777777777777778,0.9925343756069759,0.9972535614980967
18,0.9,l11_outcome,fail,51,17,3,-0.0037434675574613253,0.9519439771229873,0.7058823529411765,6.411764705882353,0.11764705882352941,0.9989936803737837,0.9993856139961134
18,0.9,l11_outcome,success,54,18,6,-0.0028350078126754756,0.9500272469929585,0.9814814814814815,7.148148148148148,0.3888888888888889,0.9990198920813219,0.9994103156286291
19,0.5,l11_outcome,fail,51,17,3,-0.03580574860629448,0.7288182478345712,3.9607843137254903,8.215686274509803,1.9215686274509804,0.9497999219138795,0.9892645628290225
19,0.5,l11_outcome,success,54,18,6,-0.020457104068283685,0.7707374630916812,4.222222222222222,8.61111111111111,1.8518518518518519,0.949345457197766,0.9914417947788712
19,0.75,l11_outcome,fail,51,17,3,-0.01574846008710774,0.8771109435018366,1.8235294117647058,7.019607843137255,0.7254901960784313,0.9906680120412902,0.9962467013585016
19,0.75,l11_outcome,success,54,18,6,-0.009161879281645637,0.8769769013541227,2.259259259259259,7.796296296296297,1.037037037037037,0.9907310898627537,0.9973438043072826
19,0.9,l11_outcome,fail,51,17,3,-0.0058775967815712276,0.945408526034403,0.7647058823529411,6.509803921568627,0.21568627450980393,0.9987518988706997,0.998884099874786
19,0.9,l11_outcome,success,54,18,6,-0.0034543310657510653,0.946589004509641,1.0185185185185186,7.277777777777778,0.5185185185185185,0.9987642787958244,0.9993519419224668
20,0.5,l11_outcome,fail,51,17,3,-0.039685725345125426,0.6957294822592144,4.568627450980392,8.333333333333334,2.0392156862745097,0.910191838667836,0.9886145116664197
20,0.5,l11_outcome,success,54,18,6,-0.022043743260576978,0.7454233824916804,4.7407407407407405,8.518518518518519,1.7592592592592593,0.920552831354861,0.9894591286038841
20,0.75,l11_outcome,fail,51,17,3,-0.018082780523504552,0.8492282440095209,2.2941176470588234,7.411764705882353,1.1176470588235294,0.9794736992310646,0.9960415600779108
20,0.75,l11_outcome,success,54,18,6,-0.009952418037690265,0.8478931873067954,2.685185185185185,7.796296296296297,1.037037037037037,0.9826241738578126,0.9965891317616539
20,0.9,l11_outcome,fail,51,17,3,-0.006871757662980138,0.9409184555424227,0.9019607843137255,6.470588235294118,0.17647058823529413,0.9969768955208309,0.998914225223163
20,0.9,l11_outcome,success,54,18,6,-0.0037687676632295534,0.9273854180388749,1.2962962962962963,7.2407407407407405,0.48148148148148145,0.9974966089419333,0.9991715887608826
21,0.5,l11_outcome,fail,51,17,3,-0.01692387314426104,0.7444596540120593,3.7254901960784315,8.411764705882353,2.1176470588235294,0.9228343071232159,0.99191890334756
21,0.5,l11_outcome,success,54,18,6,-0.006713048080606195,0.7511868571066879,4.574074074074074,9.074074074074074,2.314814814814815,0.9190493549914075,0.9913056159558505
21,0.75,l11_outcome,fail,51,17,3,-0.007264341870747866,0.8729003959542174,1.8627450980392157,7.333333333333333,1.0392156862745099,0.984353485821121,0.9971323837958161
21,0.75,l11_outcome,success,54,18,6,-0.0027107780581235447,0.8666836096869937,2.2962962962962963,8.037037037037036,1.2777777777777777,0.9838964439846097,0.9970846128658984
21,0.9,l11_outcome,fail,51,17,3,-0.002684026008559881,0.9504734512526691,0.803921568627451,6.509803921568627,0.21568627450980393,0.9978445360276561,0.9991988031765691
21,0.9,l11_outcome,success,54,18,6,-0.0009732903252557765,0.9457295151181904,1.0185185185185186,7.222222222222222,0.46296296296296297,0.9977980362979112,0.9992219885684493
22,0.5,l11_outcome,fail,51,17,3,-0.04064422540494564,0.7090838514498833,4.176470588235294,8.568627450980392,2.2745098039215685,0.8973794365377745,0.988132534142061
22,0.5,l11_outcome,success,54,18,6,-0.02131360565725604,0.7641505632385359,4.444444444444445,8.722222222222221,1.962962962962963,0.914093438796005,0.9902346895848696
22,0.75,l11_outcome,fail,51,17,3,-0.01828789712862879,0.8505002969319091,2.0392156862745097,7.470588235294118,1.1764705882352942,0.9774787274635306,0.9955606484411113
22,0.75,l11_outcome,success,54,18,6,-0.009748373637172882,0.8790222105318994,2.2962962962962963,8.037037037037036,1.2777777777777777,0.9825627680316174,0.9967179194959435
22,0.9,l11_outcome,fail,51,17,3,-0.006902572697661559,0.9417344269194966,0.8823529411764706,6.627450980392157,0.3333333333333333,0.9967666944081514,0.9987063490994931
22,0.9,l11_outcome,success,54,18,6,-0.003714025367469868,0.9458352707160925,1.0555555555555556,7.2592592592592595,0.5,0.9975889336981846,0.9991317590049421
23,0.5,l11_outcome,fail,51,17,3,-0.030225229126639195,0.7520981633747578,3.450980392156863,8.176470588235293,1.8823529411764706,0.9522251379347477,0.9914658310108203
23,0.5,l11_outcome,success,54,18,6,-0.01800011910668853,0.8039254139212448,3.5925925925925926,8.462962962962964,1.7037037037037037,0.959451343522174,0.9921464383959375
23,0.75,l11_outcome,fail,51,17,3,-0.012678593066234936,0.8816411882073231,1.5294117647058822,7.0588235294117645,0.7647058823529411,0.9916582673829458,0.9969934958419163
23,0.75,l11_outcome,success,54,18,6,-0.007539011886447895,0.9017194070894754,1.8518518518518519,7.851851851851852,1.0925925925925926,0.9931734294679048,0.997409171731814
23,0.9,l11_outcome,fail,51,17,3,-0.0046335287561504734,0.9551253417103603,0.5882352941176471,6.431372549019608,0.13725490196078433,0.9989126933053311,0.9991877375807268
23,0.9,l11_outcome,success,54,18,6,-0.0027524473725355964,0.9571847078230618,0.8148148148148148,7.092592592592593,0.3333333333333333,0.9991214208046385,0.9993453588201384
24,0.5,l11_outcome,fail,51,17,3,-0.028649538142814828,0.7163221571320944,4.0,8.549019607843137,2.2549019607843137,0.9220405572320085,0.9910132495433512
24,0.5,l11_outcome,success,54,18,6,-0.015091133417511464,0.7613552159888634,4.37037037037037,8.962962962962964,2.2037037037037037,0.9185581615579598,0.9911463101777674
24,0.75,l11_outcome,fail,51,17,3,-0.012666781107756708,0.8487297282921833,1.9215686274509804,7.2745098039215685,0.9803921568627451,0.9846373673845434,0.9964878724435526
24,0.75,l11_outcome,success,54,18,6,-0.0067861119265239,0.8728196873687748,2.2777777777777777,7.962962962962963,1.2037037037037037,0.9834463540335945,0.9968053939582749
24,0.9,l11_outcome,fail,51,17,3,-0.004747520901177966,0.9355665443900446,0.7647058823529411,6.450980392156863,0.1568627450980392,0.9979019605751805,0.9989963266148755
24,0.9,l11_outcome,success,54,18,6,-0.002569416543533367,0.9472620974467842,0.9814814814814815,7.2592592592592595,0.5,0.9977091054395588,0.9991226989606907
25,0.5,l11_outcome,fail,51,17,3,-0.035352910293739805,0.6916054846563902,4.647058823529412,8.862745098039216,2.5686274509803924,0.9135097638928659,0.9890661674946928
25,0.5,l11_outcome,success,54,18,6,-0.02189177877201565,0.7414500842427798,4.87037037037037,9.37037037037037,2.611111111111111,0.9020193108906227,0.9896142619931673
25,0.75,l11_outcome,fail,51,17,3,-0.01519106260418584,0.8375815871572805,2.372549019607843,7.627450980392157,1.3333333333333333,0.9823917611835373,0.9955127396003031
25,0.75,l11_outcome,success,54,18,6,-0.009739106669319207,0.85879942535798,2.5555555555555554,8.166666666666666,1.4074074074074074,0.9799078644482562,0.9960157660664782
25,0.9,l11_outcome,fail,51,17,3,-0.005609338947821667,0.938349705156781,1.0,6.823529411764706,0.5294117647058824,0.997563498127343,0.9986173334634838
25,0.9,l11_outcome,success,54,18,6,-0.003658088359967015,0.9443466223890341,1.0740740740740742,7.314814814814815,0.5555555555555556,0.9972445635001144,0.9987686684596015
26,0.5,l11_outcome,fail,51,17,3,-0.03716767802750539,0.6966630732644685,4.745098039215686,8.764705882352942,2.4705882352941178,0.9037791024836456,0.98658668863517
26,0.5,l11_outcome,success,54,18,6,-0.02047502833553186,0.7224206036877362,5.296296296296297,9.685185185185185,2.925925925925926,0.8975158782794059,0.9864015093715823
26,0.75,l11_outcome,fail,51,17,3,-0.016423904865288923,0.8445079285723982,2.372549019607843,7.470588235294118,1.1764705882352942,0.9781349443342474,0.994780222400244
26,0.75,l11_outcome,success,54,18,6,-0.009139518442732954,0.8627496598325839,2.5925925925925926,8.37037037037037,1.6111111111111112,0.9772739718909662,0.9947935740444035
26,0.9,l11_outcome,fail,51,17,3,-0.006156489296799561,0.9340893297662167,0.9803921568627451,6.7254901960784315,0.43137254901960786,0.9967775811306199,0.9984310415628828
26,0.9,l11_outcome,success,54,18,6,-0.003440165689135407,0.9319465739081442,1.2962962962962963,7.425925925925926,0.6666666666666666,0.9967464867961057,0.9984410365962206
27,0.5,l11_outcome,fail,51,17,3,-0.032395194713302135,0.7346290726208486,3.9607843137254903,8.156862745098039,1.8627450980392157,0.955472355816397,0.9893178011076253
27,0.5,l11_outcome,success,54,18,6,-0.022345625157543302,0.7723229674508884,4.333333333333333,8.851851851851851,2.0925925925925926,0.9395003869187831,0.989630792600222
27,0.75,l11_outcome,fail,51,17,3,-0.013264582550278537,0.8727566708174669,1.8823529411764706,7.098039215686274,0.803921568627451,0.9921654207010503,0.9959374817677126
27,0.75,l11_outcome,success,54,18,6,-0.009621935099330523,0.8882653462106973,2.0925925925925926,7.87037037037037,1.1111111111111112,0.9892390845618512,0.9961159828717479
27,0.9,l11_outcome,fail,51,17,3,-0.004788417230454446,0.9554173665582081,0.7254901960784313,6.431372549019608,0.13725490196078433,0.9989784950579821,0.998844129091325
27,0.9,l11_outcome,success,54,18,6,-0.0035622142531476935,0.9510396171830524,0.9074074074074074,7.2407407407407405,0.48148148148148145,0.998599134580755,0.9988534408034719
28,0.5,l11_outcome,fail,51,17,3,-0.047278226353266485,0.6994785589762667,4.7254901960784315,8.647058823529411,2.3529411764705883,0.9339575880392227,0.9838858277346185
28,0.5,l11_outcome,success,54,18,6,-0.021734844962676178,0.7368583637145427,5.148148148148148,9.407407407407407,2.6481481481481484,0.9245038452029488,0.9845729434229377
28,0.75,l11_outcome,fail,51,17,3,-0.021250585806685443,0.8433300735657984,2.450980392156863,7.431372549019608,1.1372549019607843,0.9869179092612623,0.9933645834735814
28,0.75,l11_outcome,success,54,18,6,-0.009444870189714545,0.8683420795854245,2.6296296296296298,8.203703703703704,1.4444444444444444,0.984843657926646,0.9938274474835329
28,0.9,l11_outcome,fail,51,17,3,-0.008028224008280358,0.9347237778719764,1.0784313725490196,6.647058823529412,0.35294117647058826,0.9981995144703507,0.9979081255413584
28,0.9,l11_outcome,success,54,18,6,-0.0035038084814597403,0.9405320842545595,1.2222222222222223,7.314814814814815,0.5555555555555556,0.9979331819538627,0.997993941956376
29,0.5,l11_outcome,fail,51,17,3,-0.05513928129129819,0.6223924961634125,5.666666666666667,9.137254901960784,2.843137254901961,0.8792481734561531,0.9793755245288776
29,0.5,l11_outcome,success,54,18,6,-0.028749636443445498,0.6731553761958643,6.518518518518518,10.037037037037036,3.2777777777777777,0.8668057031625597,0.9797059644761491
29,0.75,l11_outcome,fail,51,17,3,-0.026722016095629436,0.7711352413452618,3.3529411764705883,8.0,1.7058823529411764,0.9695184545724609,0.9911671580969306
29,0.75,l11_outcome,success,54,18,6,-0.01424706715362753,0.8221796572928228,3.4074074074074074,8.574074074074074,1.8148148148148149,0.9663301021434882,0.9913932096292903
29,0.9,l11_outcome,fail,51,17,3,-0.010503804302442613,0.8905986305610469,1.5294117647058822,6.901960784313726,0.6078431372549019,0.9952920510050081,0.9969493877317462
29,0.9,l11_outcome,success,54,18,6,-0.005674927063841855,0.9074112094491719,1.7592592592592593,7.777777777777778,1.0185185185185186,0.9948284976802,0.9970318155904815
30,0.5,l11_outcome,fail,51,17,3,-0.04342093162847214,0.6232979625547589,5.901960784313726,9.411764705882353,3.1176470588235294,0.9182930778913598,0.9764131986051456
30,0.5,l11_outcome,success,54,18,6,-0.0259851926375769,0.6616922129617583,6.796296296296297,10.092592592592593,3.3333333333333335,0.8958758739699613,0.9759568545857598
30,0.75,l11_outcome,fail,51,17,3,-0.019083253686780877,0.8048564625439999,3.0784313725490198,7.803921568627451,1.5098039215686274,0.9832195426427432,0.990262023211665
30,0.75,l11_outcome,success,54,18,6,-0.011649011409455795,0.8115326016621313,3.6481481481481484,8.814814814814815,2.0555555555555554,0.9775102723208376,0.9902986397217769
30,0.9,l11_outcome,fail,51,17,3,-0.007119735226238544,0.9071713183749338,1.411764705882353,6.882352941176471,0.5882352941176471,0.9976571323777401,0.9967628714337644
30,0.9,l11_outcome,success,54,18,6,-0.004389290531744011,0.9149018040964327,1.6666666666666667,7.555555555555555,0.7962962962962963,0.9968269282422777,0.9968896497206748
31,0.5,l11_outcome,fail,51,17,3,-0.06324722144046267,0.5373749336380966,7.823529411764706,10.431372549019608,4.137254901960785,0.8643460838564394,0.9367128700873801
31,0.5,l11_outcome,success,54,18,6,-0.03546653490853709,0.5606981238420098,9.75925925925926,12.074074074074074,5.314814814814815,0.8533739060378364,0.9374941719013586
31,0.75,l11_outcome,fail,51,17,3,-0.03271154100033468,0.7332076458004331,4.431372549019608,8.843137254901961,2.549019607843137,0.9656402112675928,0.9720184740753705
31,0.75,l11_outcome,success,54,18,6,-0.01844787342679824,0.7540638331157159,5.111111111111111,9.592592592592593,2.8333333333333335,0.9616665816703964,0.9737416870120289
31,0.9,l11_outcome,fail,51,17,3,-0.013413287151428343,0.8670998938340492,2.1176470588235294,7.313725490196078,1.0196078431372548,0.994669981544352,0.9902652068495056
31,0.9,l11_outcome,success,54,18,6,-0.0075751470589690804,0.8845206858466891,2.3703703703703702,8.055555555555555,1.2962962962962963,0.9940768500379541,0.9912697201664927
0,0.5,l11_vs_vanilla,harm,15,5,0,,0.7559850926575599,3.8666666666666667,5.0,-0.26666666666666666,0.8162704293891575,0.8610753318837261
0,0.5,l11_vs_vanilla,rescue,39,13,3,-0.062336005855841266,0.7148916479287752,5.717948717948718,7.0,0.5641025641025641,0.8457634262334648,0.8314266341825566
0,0.5,l11_vs_vanilla,stable_fail,36,12,3,-0.09340654443197509,0.7282175573758312,5.166666666666667,6.527777777777778,-0.19444444444444445,0.844332864433958,0.8395506893581036
0,0.5,l11_vs_vanilla,stable_success,15,5,3,-0.04224498461274764,0.7435221761399529,6.4,7.266666666666667,-0.3333333333333333,0.845701183167053,0.8147488937209123
0,0.75,l11_vs_vanilla,harm,15,5,0,,0.883285607334855,2.1333333333333333,5.066666666666666,-0.2,0.9499683276155662,0.8971538109407184
0,0.75,l11_vs_vanilla,rescue,39,13,3,-0.043527106814643245,0.8603828060271805,2.7948717948717947,6.717948717948718,0.28205128205128205,0.9554237085271233,0.8811406742433576
0,0.75,l11_vs_vanilla,stable_fail,36,12,3,-0.06504015034608866,0.8657764119812386,2.361111111111111,6.444444444444445,-0.2777777777777778,0.9568608023012081,0.8837191004806592
0,0.75,l11_vs_vanilla,stable_success,15,5,3,-0.02979967282836446,0.8459366418718614,3.8,7.266666666666667,-0.3333333333333333,0.9597732090725646,0.8612251564049741
0,0.9,l11_vs_vanilla,harm,15,5,0,,0.955445623748972,0.8666666666666667,5.0,-0.26666666666666666,0.9920421262525888,0.9373339627679866
0,0.9,l11_vs_vanilla,rescue,39,13,3,-0.02287213984725343,0.9437287139199625,1.1794871794871795,6.358974358974359,-0.07692307692307693,0.9925255553011465,0.9321707499222376
0,0.9,l11_vs_vanilla,stable_fail,36,12,3,-0.03408572332625327,0.9444886744159129,1.0,6.472222222222222,-0.25,0.9929611115962245,0.9313593165865566
0,0.9,l11_vs_vanilla,stable_success,15,5,3,-0.01581678776319953,0.9251810095649106,1.8,7.133333333333334,-0.4666666666666667,0.9936896373101208,0.9156084534981306
1,0.5,l11_vs_vanilla,harm,15,5,0,,0.7689769545637767,4.266666666666667,5.333333333333333,0.06666666666666667,0.9008612905079952,0.8530003051804381
1,0.5,l11_vs_vanilla,rescue,39,13,3,-0.05172761877624324,0.6874550731190402,6.3076923076923075,7.128205128205129,0.6923076923076923,0.9145739480324877,0.8230498529851926
1,0.5,l11_vs_vanilla,stable_fail,36,12,3,-0.07459471199774596,0.7087307430544914,5.583333333333333,7.333333333333333,0.6111111111111112,0.9163886766935391,0.8419712907860937
1,0.5,l11_vs_vanilla,stable_success,15,5,3,-0.03563419670749033,0.696854110214956,7.733333333333333,8.466666666666667,0.8666666666666667,0.9246813678613403,0.8430688277256427
1,0.75,l11_vs_vanilla,harm,15,5,0,,0.8997841196986232,2.2666666666666666,5.2,-0.06666666666666667,0.9800516030523991,0.9061480506599524
1,0.75,l11_vs_vanilla,rescue,39,13,3,-0.030443954433825544,0.8402596012090743,3.051282051282051,7.076923076923077,0.6410256410256411,0.9822512878316985,0.8933620136920377
1,0.75,l11_vs_vanilla,stable_fail,36,12,3,-0.04273596600795429,0.873736505420282,2.388888888888889,6.583333333333333,-0.1388888888888889,0.9827288620361335,0.9008240070509395
1,0.75,l11_vs_vanilla,stable_success,15,5,3,-0.021318237004204887,0.8305628065075741,4.133333333333334,7.666666666666667,0.06666666666666667,0.9853529522810931,0.8990567063401234
1,0.9,l11_vs_vanilla,harm,15,5,0,,0.9488088876962183,1.0,5.066666666666666,-0.2,0.9972564861928314,0.953552204928664
1,0.9,l11_vs_vanilla,rescue,39,13,3,-0.013640035379995988,0.9440676471494279,1.1538461538461537,6.641025641025641,0.20512820512820512,0.9974958289486182,0.9504318193155737
1,0.9,l11_vs_vanilla,stable_fail,36,12,3,-0.018772282458559872,0.9465123404249695,0.9444444444444444,6.638888888888889,-0.08333333333333333,0.9975719459742949,0.9510465344535997
1,0.9,l11_vs_vanilla,stable_success,15,5,3,-0.009665261342321834,0.9203359650879956,2.0,7.333333333333333,-0.26666666666666666,0.9979962132747203,0.9503336957351032
2,0.5,l11_vs_vanilla,harm,15,5,0,,0.9088660699083816,2.0,5.066666666666666,-0.2,0.9919197439125296,0.9772946707866023
2,0.5,l11_vs_vanilla,rescue,39,13,3,-0.011554821375108304,0.8595472786788328,2.641025641025641,7.076923076923077,0.6410256410256411,0.9912578562008949,0.975293992933899
2,0.5,l11_vs_vanilla,stable_fail,36,12,3,-0.013185168008306233,0.8602850872905985,2.5555555555555554,6.75,0.027777777777777776,0.9922623543316456,0.9682599231326768
2,0.5,l11_vs_vanilla,stable_success,15,5,3,-0.00788305024057797,0.8487629581593887,3.466666666666667,7.4,-0.2,0.9935770470951909,0.9736152437628748
2,0.75,l11_vs_vanilla,harm,15,5,0,,0.9537757593297567,0.9333333333333333,5.333333333333333,0.06666666666666667,0.9990330732851361,0.9915524624246587
2,0.75,l11_vs_vanilla,rescue,39,13,3,-0.004267433920100926,0.9416563504274109,1.1794871794871795,6.615384615384615,0.1794871794871795,0.9989253338574721,0.9911450538760846
2,0.75,l11_vs_vanilla,stable_fail,36,12,3,-0.0047931259339814986,0.9522357238909236,0.8611111111111112,6.722222222222222,0.0,0.9990367207650053,0.9880494439993895
2,0.75,l11_vs_vanilla,stable_success,15,5,3,-0.0029303365324278435,0.9338064710882215,1.6666666666666667,7.333333333333333,-0.26666666666666666,0.9992170327709622,0.9900416762035552
2,0.9,l11_vs_vanilla,harm,15,5,0,,0.9870608195413535,0.26666666666666666,5.2,-0.06666666666666667,0.9998901718753317,0.9977263580529486
2,0.9,l11_vs_vanilla,rescue,39,13,3,-0.0014756023001031779,0.9796191729610274,0.41025641025641024,6.461538461538462,0.02564102564102564,0.9998767347152727,0.9975448930694694
2,0.9,l11_vs_vanilla,stable_fail,36,12,3,-0.0016481235341301397,0.9833966385944155,0.25,6.638888888888889,-0.08333333333333333,0.9998889169862832,0.9965901649245948
2,0.9,l11_vs_vanilla,stable_success,15,5,3,-0.0010158785133799312,0.9773482371858274,0.6,7.4,-0.2,0.9999103897384897,0.9970767528801402
3,0.5,l11_vs_vanilla,harm,15,5,0,,0.9247579975690576,1.5333333333333334,5.066666666666666,-0.2,0.9960042582631481,0.987470674067292
3,0.5,l11_vs_vanilla,rescue,39,13,3,-0.010669351630268558,0.8641893612836179,2.3846153846153846,6.743589743589744,0.3076923076923077,0.9925089308839637,0.9839144416371755
3,0.5,l11_vs_vanilla,stable_fail,36,12,3,-0.013916614262799235,0.901998860465165,1.75,6.472222222222222,-0.25,0.9954337166486596,0.984410306356654
3,0.5,l11_vs_vanilla,stable_success,15,5,3,-0.005583815502834321,0.8758146581182271,2.8,7.0,-0.6,0.9946869186596061,0.9843343728541998
3,0.75,l11_vs_vanilla,harm,15,5,0,,0.9624592482731155,0.6666666666666666,5.0,-0.26666666666666666,0.9995176295460345,0.9965762569619285
3,0.75,l11_vs_vanilla,rescue,39,13,3,-0.003922802195017983,0.9435780358378486,1.0256410256410255,6.410256410256411,-0.02564102564102564,0.9990582657210715,0.9953225595835458
3,0.75,l11_vs_vanilla,stable_fail,36,12,3,-0.005040090060567132,0.9569116010803486,0.75,6.611111111111111,-0.1111111111111111,0.999433031777903,0.9954443276175579
3,0.75,l11_vs_vanilla,stable_success,15,5,3,-0.0020303697598310147,0.9308988605360464,1.6,7.0,-0.6,0.9993444283401334,0.9952311741817348
3,0.9,l11_vs_vanilla,harm,15,5,0,,0.9893497183819765,0.13333333333333333,5.2,-0.06666666666666667,0.9999449397742903,0.9992926012817577
3,0.9,l11_vs_vanilla,rescue,39,13,3,-0.0013540982698131282,0.9765122716991124,0.41025641025641024,6.487179487179487,0.05128205128205128,0.9998910589222388,0.9989158574983418
3,0.9,l11_vs_vanilla,stable_fail,36,12,3,-0.0017299597988507803,0.973284394329993,0.3888888888888889,6.694444444444445,-0.027777777777777776,0.9999346242997744,0.9989687245682968
3,0.9,l11_vs_vanilla,stable_success,15,5,3,-0.0006979539410899641,0.9804913077531232,0.5333333333333333,7.533333333333333,-0.06666666666666667,0.9999245793559791,0.9989641985198747
4,0.5,l11_vs_vanilla,harm,15,5,0,,0.8468681946821482,2.1333333333333333,5.466666666666667,0.2,0.9895887527862736,0.9776523994811931
4,0.5,l11_vs_vanilla,rescue,39,13,3,-0.01552921132249474,0.8602634448861014,2.5384615384615383,7.051282051282051,0.6153846153846154,0.9913377290014657,0.9806656821663114
4,0.5,l11_vs_vanilla,stable_fail,36,12,3,-0.02215886526042295,0.8644527915742516,2.3333333333333335,6.972222222222222,0.25,0.9913541414474779,0.9765074045993235
4,0.5,l11_vs_vanilla,stable_success,15,5,3,-0.010083273637346611,0.878600655779145,3.0,7.466666666666667,-0.13333333333333333,0.9925197947524009,0.9787859540703442
4,0.75,l11_vs_vanilla,harm,15,5,0,,0.9676193808568955,0.7333333333333333,5.133333333333334,-0.13333333333333333,0.9986491553120055,0.991538681620508
4,0.75,l11_vs_vanilla,rescue,39,13,3,-0.006005885958046382,0.9446855364044675,1.1025641025641026,6.564102564102564,0.1282051282051282,0.9988723421142217,0.9932521010499378
4,0.75,l11_vs_vanilla,stable_fail,36,12,3,-0.008469845879866324,0.94472127646788,0.9166666666666666,6.472222222222222,-0.25,0.998870987941829,0.9913029337059077
4,0.75,l11_vs_vanilla,stable_success,15,5,3,-0.00388430998604275,0.9491076378600419,1.2666666666666666,7.6,0.0,0.9990051949945957,0.9925462539101243
4,0.9,l11_vs_vanilla,harm,15,5,0,,0.99032944041433,0.2,5.333333333333333,0.06666666666666667,0.9998420738001715,0.9975335698481724
4,0.9,l11_vs_vanilla,rescue,39,13,3,-0.0021158471119716027,0.9734194599524545,0.48717948717948717,6.538461538461538,0.10256410256410256,0.9998677729257391,0.9980534476586203
4,0.9,l11_vs_vanilla,stable_fail,36,12,3,-0.0029699024415829473,0.9699550930242206,0.4722222222222222,6.638888888888889,-0.08333333333333333,0.9998674691638479,0.9974140328959079
4,0.9,l11_vs_vanilla,stable_success,15,5,3,-0.001365905326718447,0.9795513420584406,0.5333333333333333,7.466666666666667,-0.13333333333333333,0.9998824717063203,0.9977631704432744
5,0.5,l11_vs_vanilla,harm,15,5,0,,0.8181819497101888,2.6,5.866666666666666,0.6,0.9731497008917909,0.9706895170519568
5,0.5,l11_vs_vanilla,rescue,39,13,3,-0.022964625896977137,0.8043774544219813,3.5128205128205128,7.564102564102564,1.1282051282051282,0.975246414946258,0.9729981153640744
5,0.5,l11_vs_vanilla,stable_fail,36,12,3,-0.033853072637059285,0.8094300159101684,3.1666666666666665,7.444444444444445,0.7222222222222222,0.9800873893683679,0.9724130394700031
5,0.5,l11_vs_vanilla,stable_success,15,5,3,-0.013514719442865468,0.8296921517860429,3.933333333333333,8.266666666666667,0.6666666666666666,0.9842530706117274,0.9762556744487677
5,0.75,l11_vs_vanilla,harm,15,5,0,,0.928659817695218,1.2,5.466666666666667,0.2,0.9963297370394861,0.9887424181734947
5,0.75,l11_vs_vanilla,rescue,39,13,3,-0.009537080990267616,0.9183169650359614,1.5384615384615385,7.153846153846154,0.717948717948718,0.9964874035839097,0.9898126221455357
5,0.75,l11_vs_vanilla,stable_fail,36,12,3,-0.013994660866509632,0.9308585242612192,1.1944444444444444,6.861111111111111,0.1388888888888889,0.9972365840619022,0.9890673677869332
5,0.75,l11_vs_vanilla,stable_success,15,5,3,-0.005523034331366197,0.9325271264864434,1.6666666666666667,7.666666666666667,0.06666666666666667,0.9978657606224804,0.9907575627527273
5,0.9,l11_vs_vanilla,harm,15,5,0,,0.9811348936154275,0.4,5.333333333333333,0.06666666666666667,0.9995643210564255,0.996140850308995
5,0.9,l11_vs_vanilla,rescue,39,13,3,-0.0034626135448390556,0.9758728468675364,0.46153846153846156,6.538461538461538,0.10256410256410256,0.9995759026331295,0.9966636295344236
5,0.9,l11_vs_vanilla,stable_fail,36,12,3,-0.005072018844659225,0.9676143649776687,0.5,6.694444444444445,-0.027777777777777776,0.9996687763436781,0.9961418914193432
5,0.9,l11_vs_vanilla,stable_success,15,5,3,-0.001991946708395092,0.972565125141737,0.6666666666666666,7.666666666666667,0.06666666666666667,0.9997462342906044,0.9966668097199969
6,0.5,l11_vs_vanilla,harm,15,5,0,,0.8353720410858366,2.0,5.466666666666667,0.2,0.9844054003539998,0.9792435339894711
6,0.5,l11_vs_vanilla,rescue,39,13,3,-0.02459787537853196,0.8696539656260825,2.3333333333333335,6.846153846153846,0.41025641025641024,0.9822257752279406,0.9858747124261257
6,0.5,l11_vs_vanilla,stable_fail,36,12,3,-0.0282368842466371,0.8484508991784879,2.1944444444444446,7.194444444444445,0.4722222222222222,0.9833660331355927,0.9813505347015591
6,0.5,l11_vs_vanilla,stable_success,15,5,3,-0.012469056480415732,0.8809116689377038,2.4,7.6,0.0,0.9877096630955601,0.98551160639353
6,0.75,l11_vs_vanilla,harm,15,5,0,,0.9373898560068773,0.8666666666666667,5.266666666666667,0.0,0.9975538951757723,0.9928542477302202
6,0.75,l11_vs_vanilla,rescue,39,13,3,-0.011073978561485122,0.9420677306671775,1.0,6.589743589743589,0.15384615384615385,0.9970747915258701,0.9958829618348386
6,0.75,l11_vs_vanilla,stable_fail,36,12,3,-0.011741757783166903,0.9259411488834177,0.9166666666666666,6.555555555555555,-0.16666666666666666,0.9973681639758281,0.9935883099997456
6,0.75,l11_vs_vanilla,stable_success,15,5,3,-0.005238676297632684,0.951422588966574,0.9333333333333333,7.4,-0.2,0.9982282382622968,0.9955611028458075
6,0.9,l11_vs_vanilla,harm,15,5,0,,0.9946305156831472,0.13333333333333333,5.266666666666667,0.0,0.9996916242012809,0.9981848916609444
6,0.9,l11_vs_vanilla,rescue,39,13,3,-0.004185358897424356,0.9741158752691346,0.4358974358974359,6.435897435897436,0.0,0.9996198770452353,0.9990605431038022
6,0.9,l11_vs_vanilla,stable_fail,36,12,3,-0.004282402140724677,0.975330622046167,0.3333333333333333,6.638888888888889,-0.08333333333333333,0.9996666911531121,0.998314533741512
6,0.9,l11_vs_vanilla,stable_success,15,5,3,-0.001914736792736911,0.9729551832653378,0.4,7.533333333333333,-0.06666666666666667,0.999784075475733,0.9989145113298235
7,0.5,l11_vs_vanilla,harm,15,5,0,,0.8196364574984475,2.4,5.466666666666667,0.2,0.9750796138354244,0.9731279087510488
7,0.5,l11_vs_vanilla,rescue,39,13,3,-0.00357371479172106,0.8257984073004155,3.2051282051282053,7.17948717948718,0.7435897435897436,0.9772894651016529,0.9738610937490828
7,0.5,l11_vs_vanilla,stable_fail,36,12,3,-0.009310324660585968,0.8413726144204953,2.4166666666666665,7.388888888888889,0.6666666666666666,0.9814562557212532,0.9742976280168355
7,0.5,l11_vs_vanilla,stable_success,15,5,3,-0.006090347233123055,0.8452235890600986,3.2,8.066666666666666,0.4666666666666667,0.9814836213907782,0.9743437666895551
7,0.75,l11_vs_vanilla,harm,15,5,0,,0.9141455493084899,1.2666666666666666,5.4,0.13333333333333333,0.9959307261702429,0.9905317769130998
7,0.75,l11_vs_vanilla,rescue,39,13,3,-0.0014230275831255922,0.9331334352722386,1.205128205128205,6.82051282051282,0.38461538461538464,0.9962443500683094,0.9913620731141901
7,0.75,l11_vs_vanilla,stable_fail,36,12,3,-0.003604667526703048,0.9263897175146347,1.0,6.805555555555555,0.08333333333333333,0.9969420481167869,0.9910291256580452
7,0.75,l11_vs_vanilla,stable_success,15,5,3,-0.002425286455108694,0.9281271834727568,1.5333333333333334,7.866666666666666,0.26666666666666666,0.9970068763209632,0.9914829861905848
7,0.9,l11_vs_vanilla,harm,15,5,0,,0.9729557030405928,0.3333333333333333,5.066666666666666,-0.2,0.9994794142312383,0.9974460212100399
7,0.9,l11_vs_vanilla,rescue,39,13,3,-0.0005072017913014976,0.9707908299935079,0.5128205128205128,6.615384615384615,0.1794871794871795,0.9995153566711185,0.9977502296189348
7,0.9,l11_vs_vanilla,stable_fail,36,12,3,-0.0012689647263111337,0.9740556281354851,0.3333333333333333,6.666666666666667,-0.05555555555555555,0.9996077664814845,0.9974613199689732
7,0.9,l11_vs_vanilla,stable_success,15,5,3,-0.0008647785852872389,0.9672852396823508,0.6,7.533333333333333,-0.06666666666666667,0.9996180234412511,0.997687113756008
8,0.5,l11_vs_vanilla,harm,15,5,0,,0.8262952090925582,2.0,5.733333333333333,0.4666666666666667,0.9760221830061728,0.9786320286869609
8,0.5,l11_vs_vanilla,rescue,39,13,3,-0.01832549409075163,0.8134505965831271,3.358974358974359,7.153846153846154,0.717948717948718,0.966557749814932,0.9762118634493604
8,0.5,l11_vs_vanilla,stable_fail,36,12,3,-0.022513274142305254,0.8168152220735854,2.9166666666666665,7.25,0.5277777777777778,0.9723937897590632,0.977952898896264
8,0.5,l11_vs_vanilla,stable_success,15,5,3,-0.011180929676898975,0.8246467760061038,3.7333333333333334,8.066666666666666,0.4666666666666667,0.9671360802081772,0.9737220569161514
8,0.75,l11_vs_vanilla,harm,15,5,0,,0.9039050482847816,1.2666666666666666,5.2,-0.06666666666666667,0.995114010369587,0.9917506389715418
8,0.75,l11_vs_vanilla,rescue,39,13,3,-0.008982562828428254,0.9087793615445304,1.6153846153846154,6.743589743589744,0.3076923076923077,0.9926652267946696,0.9914198813317603
8,0.75,l11_vs_vanilla,stable_fail,36,12,3,-0.010512443456441761,0.9160227937226649,1.2222222222222223,6.777777777777778,0.05555555555555555,0.9943623985674096,0.9911152755525037
8,0.75,l11_vs_vanilla,stable_success,15,5,3,-0.005187786584989372,0.9022092247897279,2.0,7.666666666666667,0.06666666666666667,0.992873973235481,0.9900383859769586
8,0.9,l11_vs_vanilla,harm,15,5,0,,0.9880709205514545,0.26666666666666666,5.133333333333334,-0.13333333333333333,0.9993069123392898,0.9974345769436176
8,0.9,l11_vs_vanilla,rescue,39,13,3,-0.0035458386198669034,0.9604509483592404,0.7435897435897436,6.641025641025641,0.20512820512820512,0.9988984428019819,0.9976433247648056
8,0.9,l11_vs_vanilla,stable_fail,36,12,3,-0.004048539396531177,0.9617632332184599,0.5833333333333334,6.527777777777778,-0.19444444444444445,0.999198875167671,0.9972004264578721
8,0.9,l11_vs_vanilla,stable_success,15,5,3,-0.001989449356268748,0.9603492127463239,0.7333333333333333,7.333333333333333,-0.26666666666666666,0.9989618064338802,0.9969532024872206
9,0.5,l11_vs_vanilla,harm,15,5,0,,0.8543391793391792,2.2666666666666666,5.733333333333333,0.4666666666666667,0.9691971117890164,0.976511787594415
9,0.5,l11_vs_vanilla,rescue,39,13,3,-0.019209454714100942,0.8161377812931573,3.282051282051282,7.461538461538462,1.0256410256410255,0.9754105797446601,0.9735376465012819
9,0.5,l11_vs_vanilla,stable_fail,36,12,3,-0.024758301906925916,0.8265955043193424,2.638888888888889,7.333333333333333,0.6111111111111112,0.9772620350284118,0.9753025577935452
9,0.5,l11_vs_vanilla,stable_success,15,5,3,-0.0076473403988296315,0.8383666917556396,3.4,8.266666666666667,0.6666666666666666,0.9826083472491636,0.9758661879148545
9,0.75,l11_vs_vanilla,harm,15,5,0,,0.9276648182826026,1.2,5.333333333333333,0.06666666666666667,0.9941494027519974,0.9900007152666511
9,0.75,l11_vs_vanilla,rescue,39,13,3,-0.0086837921320647,0.9152262738874367,1.435897435897436,7.0,0.5641025641025641,0.9957247891208965,0.9888186215821256
9,0.75,l11_vs_vanilla,stable_fail,36,12,3,-0.011226267500559129,0.9091523039563852,1.25,6.888888888888889,0.16666666666666666,0.9960629223354501,0.9892797423768468
9,0.75,l11_vs_vanilla,stable_success,15,5,3,-0.003328233177772808,0.9202890072766722,1.6,7.733333333333333,0.13333333333333333,0.9968731006258793,0.9892096780346377
9,0.9,l11_vs_vanilla,harm,15,5,0,,0.9718236552719312,0.4,5.133333333333334,-0.13333333333333333,0.9992011120950547,0.9964638170443274
9,0.9,l11_vs_vanilla,rescue,39,13,3,-0.003282316447689793,0.9687516693461466,0.5897435897435898,6.641025641025641,0.20512820512820512,0.9994358310847485,0.9959828240634773
9,0.9,l11_vs_vanilla,stable_fail,36,12,3,-0.0042515541784196075,0.9576593391868475,0.4444444444444444,6.666666666666667,-0.05555555555555555,0.9994830011667754,0.9961106581088985
9,0.9,l11_vs_vanilla,stable_success,15,5,3,-0.0012334998598035052,0.9558506115851183,0.8666666666666667,7.533333333333333,-0.06666666666666667,0.9995794417135186,0.9957788776989394
10,0.5,l11_vs_vanilla,harm,15,5,0,,0.8383297424725524,2.3333333333333335,5.6,0.3333333333333333,0.973780343915391,0.9821258201724267
10,0.5,l11_vs_vanilla,rescue,39,13,3,-0.018051426086520755,0.7979885299207485,3.358974358974359,6.717948717948718,0.28205128205128205,0.9691753313517912,0.9830823664395419
10,0.5,l11_vs_vanilla,stable_fail,36,12,3,-0.04411235160521445,0.8081674408104852,2.888888888888889,6.916666666666667,0.19444444444444445,0.9752017816065531,0.9844275522303604
10,0.5,l11_vs_vanilla,stable_success,15,5,3,-0.010722081963097693,0.8377808023677957,3.466666666666667,7.866666666666666,0.26666666666666666,0.9775188431502896,0.982494897764553
10,0.75,l11_vs_vanilla,harm,15,5,0,,0.9223162230182901,1.3333333333333333,5.2,-0.06666666666666667,0.9943860773103802,0.9928339818417639
10,0.75,l11_vs_vanilla,rescue,39,13,3,-0.008294920644105109,0.9133820158194005,1.5384615384615385,6.717948717948718,0.28205128205128205,0.993451254047375,0.9938466160184513
10,0.75,l11_vs_vanilla,stable_fail,36,12,3,-0.021072814645800648,0.9029224570659458,1.4166666666666667,6.75,0.027777777777777776,0.994963848328396,0.9939952967243966
10,0.75,l11_vs_vanilla,stable_success,15,5,3,-0.005233403975072646,0.9199032557323374,1.7333333333333334,7.666666666666667,0.06666666666666667,0.9954691263818637,0.9933478770885784
10,0.9,l11_vs_vanilla,harm,15,5,0,,0.9790922449061122,0.4,5.133333333333334,-0.13333333333333333,0.9991826581017289,0.9977997920958266
10,0.9,l11_vs_vanilla,rescue,39,13,3,-0.003168386864992228,0.9621824084542709,0.6923076923076923,6.615384615384615,0.1794871794871795,0.9990506270574994,0.9981367853935945
10,0.9,l11_vs_vanilla,stable_fail,36,12,3,-0.008213883764401802,0.9608511365985696,0.5,6.583333333333333,-0.1388888888888889,0.9992856305145215,0.9982660148203247
10,0.9,l11_vs_vanilla,stable_success,15,5,3,-0.0020635255268053342,0.981952065476996,0.4666666666666667,7.533333333333333,-0.06666666666666667,0.9993600218768767,0.9979478046082246
12,0.5,l11_vs_vanilla,harm,15,5,0,,0.8099062089413069,2.1333333333333333,5.466666666666667,0.2,0.9699264424158294,0.9898755912870981
12,0.5,l11_vs_vanilla,rescue,39,13,3,-0.023254296499535185,0.8384798311058123,2.8205128205128207,7.0,0.5641025641025641,0.9670860331287168,0.9888829955807523
12,0.5,l11_vs_vanilla,stable_fail,36,12,3,-0.03854561722083924,0.8014997858657742,2.9722222222222223,7.027777777777778,0.3055555555555556,0.9690604214152104,0.9885358253223467
12,0.5,l11_vs_vanilla,stable_success,15,5,3,-0.011767698582700029,0.8596274105321894,2.933333333333333,7.933333333333334,0.3333333333333333,0.9760980953095406,0.9908906500343326
12,0.75,l11_vs_vanilla,harm,15,5,0,,0.923259664312296,1.0666666666666667,5.4,0.13333333333333333,0.9928924271041861,0.9963649195086595
12,0.75,l11_vs_vanilla,rescue,39,13,3,-0.01123540333496534,0.9215967584264545,1.435897435897436,6.435897435897436,0.0,0.9917862084329423,0.9965761652610757
12,0.75,l11_vs_vanilla,stable_fail,36,12,3,-0.01938409183034014,0.8979215283248438,1.5,6.805555555555555,0.08333333333333333,0.992311697674426,0.996022640573739
12,0.75,l11_vs_vanilla,stable_success,15,5,3,-0.006004355566800568,0.9410964495025174,1.2,7.733333333333333,0.13333333333333333,0.99445887046592,0.9973393034256502
12,0.9,l11_vs_vanilla,harm,15,5,0,,0.9678731312913542,0.4,5.266666666666667,0.0,0.9989124562731013,0.999099526970321
12,0.9,l11_vs_vanilla,rescue,39,13,3,-0.00440533395990552,0.9635422123107716,0.6923076923076923,6.589743589743589,0.15384615384615385,0.9986910598127605,0.9992400016726231
12,0.9,l11_vs_vanilla,stable_fail,36,12,3,-0.00779286770339475,0.9537777769613928,0.6666666666666666,6.611111111111111,-0.1111111111111111,0.9987735417509627,0.9990828294677142
12,0.9,l11_vs_vanilla,stable_success,15,5,3,-0.002431040579980795,0.9704086376644443,0.6666666666666666,7.466666666666667,-0.13333333333333333,0.9991601555800013,0.9994383726253145
13,0.5,l11_vs_vanilla,harm,15,5,0,,0.7851718516935908,2.3333333333333335,5.4,0.13333333333333333,0.9676321623396724,0.9856771190966657
13,0.5,l11_vs_vanilla,rescue,39,13,3,-0.02061247654414953,0.8172424168119571,3.1538461538461537,6.897435897435898,0.46153846153846156,0.9675251489627364,0.9869155354449469
13,0.5,l11_vs_vanilla,stable_fail,36,12,3,-0.042715009066148134,0.8080781815147278,3.0,7.333333333333333,0.6111111111111112,0.9656899031581203,0.9901163261997402
13,0.5,l11_vs_vanilla,stable_success,15,5,3,-0.020054514433987827,0.832606393394951,3.466666666666667,8.266666666666667,0.6666666666666666,0.9688464921213017,0.9893374246585792
13,0.75,l11_vs_vanilla,harm,15,5,0,,0.9151029457760708,1.0,5.8,0.5333333333333333,0.9928288076871534,0.99491707675288
13,0.75,l11_vs_vanilla,rescue,39,13,3,-0.009625751775977964,0.8951478380227135,1.6153846153846154,6.743589743589744,0.3076923076923077,0.9927928545048404,0.9960100225364014
13,0.75,l11_vs_vanilla,stable_fail,36,12,3,-0.019882921847788317,0.9136215487990241,1.3055555555555556,6.805555555555555,0.08333333333333333,0.9927052356752554,0.9969539376223899
13,0.75,l11_vs_vanilla,stable_success,15,5,3,-0.009886801831540858,0.9390891369391877,1.2,7.533333333333333,-0.06666666666666667,0.9933977656879047,0.9968430514229035
13,0.9,l11_vs_vanilla,harm,15,5,0,,0.9781225791752106,0.26666666666666666,5.133333333333334,-0.13333333333333333,0.9989321318161887,0.9987825684748605
13,0.9,l11_vs_vanilla,rescue,39,13,3,-0.003705231060795882,0.9591574266478625,0.7692307692307693,6.589743589743589,0.15384615384615385,0.9989299614657968,0.9991166823658525
13,0.9,l11_vs_vanilla,stable_fail,36,12,3,-0.007639529026357547,0.9587186332050148,0.5833333333333334,6.5,-0.2222222222222222,0.9989462706072553,0.9993047012092773
13,0.9,l11_vs_vanilla,stable_success,15,5,3,-0.003929457767891845,0.970566623938053,0.6666666666666666,7.733333333333333,0.13333333333333333,0.9990403828349792,0.999361076142519
14,0.5,l11_vs_vanilla,harm,15,5,0,,0.661775510976464,3.533333333333333,5.866666666666666,0.6,0.9274847029330288,0.9792404821850916
14,0.5,l11_vs_vanilla,rescue,39,13,3,-0.0176131916351427,0.7802979807908662,4.076923076923077,6.794871794871795,0.358974358974359,0.936389308932678,0.9808627839792005
14,0.5,l11_vs_vanilla,stable_fail,36,12,3,-0.02064937708813425,0.7304693109587619,4.25,7.444444444444445,0.7222222222222222,0.9374120905513919,0.9787607329734745
14,0.5,l11_vs_vanilla,stable_success,15,5,3,-0.014835373169866805,0.7772444544471147,4.866666666666666,8.8,1.2,0.9333919695571414,0.9789070248722055
14,0.75,l11_vs_vanilla,harm,15,5,0,,0.7733675793490684,2.2666666666666666,5.8,0.5333333333333333,0.9757936326691049,0.9905387388418401
14,0.75,l11_vs_vanilla,rescue,39,13,3,-0.010061137433252326,0.8666325457376297,2.4871794871794872,6.487179487179487,0.05128205128205128,0.9792812496616082,0.9926141932379057
14,0.75,l11_vs_vanilla,stable_fail,36,12,3,-0.012091434209594623,0.8238662594853755,2.638888888888889,6.861111111111111,0.1388888888888889,0.9813729336086487,0.9906381728274967
14,0.75,l11_vs_vanilla,stable_success,15,5,3,-0.008261659917418446,0.8764411755249062,2.6666666666666665,7.733333333333333,0.13333333333333333,0.9797437674619925,0.9918389982452124
14,0.9,l11_vs_vanilla,harm,15,5,0,,0.9171137295942635,1.0,5.333333333333333,0.06666666666666667,0.995294142935299,0.9970943007553215
14,0.9,l11_vs_vanilla,rescue,39,13,3,-0.004401938992078201,0.9406206309268023,1.1025641025641026,6.615384615384615,0.1794871794871795,0.9960945437498209,0.99797726259016
14,0.9,l11_vs_vanilla,stable_fail,36,12,3,-0.00539331524221467,0.9159666298524578,1.25,6.611111111111111,-0.1111111111111111,0.9966861280088302,0.9971526029348183
14,0.9,l11_vs_vanilla,stable_success,15,5,3,-0.0035598626108782005,0.9432855890623238,1.1333333333333333,7.6,0.0,0.9963465702533103,0.9976553082322421
15,0.5,l11_vs_vanilla,harm,15,5,0,,0.7532959110932602,2.6666666666666665,6.2,0.9333333333333333,0.9447762897808248,0.980964703974975
15,0.5,l11_vs_vanilla,rescue,39,13,3,-0.03367488183935815,0.7675635465939276,4.461538461538462,7.897435897435898,1.4615384615384615,0.9372185349600886,0.9769398398389588
15,0.5,l11_vs_vanilla,stable_fail,36,12,3,-0.051328994316293584,0.744688623410105,4.305555555555555,8.027777777777779,1.3055555555555556,0.9454810235596953,0.9771348325322344
15,0.5,l11_vs_vanilla,stable_success,15,5,3,-0.021052267360952448,0.7712345657920733,5.133333333333334,9.733333333333333,2.1333333333333333,0.9473978972318743,0.9776624132143128
15,0.75,l11_vs_vanilla,harm,15,5,0,,0.8872874060805096,1.4,5.933333333333334,0.6666666666666666,0.9870220051084454,0.9915890840772106
15,0.75,l11_vs_vanilla,rescue,39,13,3,-0.016991826388155863,0.8595823287932851,2.641025641025641,7.0,0.5641025641025641,0.984660635570115,0.9910122527011401
15,0.75,l11_vs_vanilla,stable_fail,36,12,3,-0.025926322975747717,0.8615800504958906,2.2777777777777777,7.722222222222222,1.0,0.9870000782404191,0.9904576276035704
15,0.75,l11_vs_vanilla,stable_success,15,5,3,-0.010693731897552449,0.8833893296996265,2.533333333333333,8.266666666666667,0.6666666666666666,0.9879152647903152,0.9910656519417105
15,0.9,l11_vs_vanilla,harm,15,5,0,,0.9459428651750416,0.6666666666666666,5.4,0.13333333333333333,0.9980304451157319,0.9971113717860683
15,0.9,l11_vs_vanilla,rescue,39,13,3,-0.006857257658135087,0.9401787898608481,1.1538461538461537,6.666666666666667,0.23076923076923078,0.9976400996035304,0.9972772733008198
15,0.9,l11_vs_vanilla,stable_fail,36,12,3,-0.010465166161241842,0.9279906515414016,1.0277777777777777,6.833333333333333,0.1111111111111111,0.9979844051497244,0.9969369301709007
15,0.9,l11_vs_vanilla,stable_success,15,5,3,-0.004321467547396915,0.9446551128207322,1.2,7.733333333333333,0.13333333333333333,0.9981829788168778,0.9970932516975658
16,0.5,l11_vs_vanilla,harm,15,5,0,,0.7405845764541417,3.066666666666667,6.2,0.9333333333333333,0.9451051585820792,0.9741110666056303
16,0.5,l11_vs_vanilla,rescue,39,13,3,-0.0274392670361089,0.7220756552197987,5.153846153846154,8.102564102564102,1.6666666666666667,0.9350194599337632,0.973167211736535
16,0.5,l11_vs_vanilla,stable_fail,36,12,3,-0.04581420608376383,0.7173826098466887,4.75,8.416666666666666,1.6944444444444444,0.9447558721355338,0.9792053308028787
16,0.5,l11_vs_vanilla,stable_success,15,5,3,-0.016937189839908048,0.7416922192867651,5.933333333333334,10.466666666666667,2.8666666666666667,0.945758848099581,0.9768437190051117
16,0.75,l11_vs_vanilla,harm,15,5,0,,0.8987675344813298,1.6666666666666667,5.8,0.5333333333333333,0.987266096989135,0.9893586442359045
16,0.75,l11_vs_vanilla,rescue,39,13,3,-0.01357739695058136,0.8501875309144002,2.6153846153846154,7.3076923076923075,0.8717948717948718,0.9855179251065155,0.9892886067926122
16,0.75,l11_vs_vanilla,stable_fail,36,12,3,-0.022949762305530155,0.8429268370528523,2.4166666666666665,7.444444444444445,0.7222222222222222,0.9880004152512541,0.9920006564558376
16,0.75,l11_vs_vanilla,stable_success,15,5,3,-0.008409625510835508,0.8694091896949233,2.933333333333333,8.8,1.2,0.9886173859277757,0.991175469214923
16,0.9,l11_vs_vanilla,harm,15,5,0,,0.966257025519255,0.6,5.466666666666667,0.2,0.9980853687759615,0.9968173018234531
16,0.9,l11_vs_vanilla,rescue,39,13,3,-0.00539513446834879,0.9282609707993958,1.3333333333333333,6.948717948717949,0.5128205128205128,0.9978753767109456,0.996642556678463
16,0.9,l11_vs_vanilla,stable_fail,36,12,3,-0.00920291105810552,0.9307182178358046,1.0555555555555556,6.888888888888889,0.16666666666666666,0.9982518341037897,0.9977170476653695
16,0.9,l11_vs_vanilla,stable_success,15,5,3,-0.003349316755603019,0.9458433981932212,1.2,7.533333333333333,-0.06666666666666667,0.998394409984887,0.9971545262073698
17,0.5,l11_vs_vanilla,harm,15,5,0,,0.6949165705033927,3.3333333333333335,6.8,1.5333333333333334,0.949452559749824,0.9886804760814829
17,0.5,l11_vs_vanilla,rescue,39,13,3,-0.019322536276001827,0.7345214726563806,4.871794871794871,8.0,1.564102564102564,0.9332562784316619,0.987625336725531
17,0.5,l11_vs_vanilla,stable_fail,36,12,3,-0.03704718536676293,0.7165032445560845,4.583333333333333,8.416666666666666,1.6944444444444444,0.9287108657264385,0.9867254854276339
17,0.5,l11_vs_vanilla,stable_success,15,5,3,-0.011031644546721309,0.7259592166661832,6.2,10.533333333333333,2.933333333333333,0.9361180095327739,0.9862862878614479
17,0.75,l11_vs_vanilla,harm,15,5,0,,0.8758795848625304,1.6666666666666667,6.333333333333333,1.0666666666666667,0.9880314689605023,0.9964612897688258
17,0.75,l11_vs_vanilla,rescue,39,13,3,-0.009191078870738757,0.8493444432012123,2.6923076923076925,7.3076923076923075,0.8717948717948718,0.9849752525876962,0.9962559275431215
17,0.75,l11_vs_vanilla,stable_fail,36,12,3,-0.01786075920701834,0.8423449010788919,2.388888888888889,7.611111111111111,0.8888888888888888,0.9831233014624681,0.9957605748200705
17,0.75,l11_vs_vanilla,stable_success,15,5,3,-0.005556430220179653,0.847939769478148,3.2666666666666666,9.066666666666666,1.4666666666666666,0.9851381301836106,0.9957598992904553
17,0.9,l11_vs_vanilla,harm,15,5,0,,0.9578842613325373,0.6666666666666666,5.6,0.3333333333333333,0.998167157418246,0.9991173132677195
17,0.9,l11_vs_vanilla,rescue,39,13,3,-0.0035738739474184844,0.9351084485746367,1.2564102564102564,6.871794871794871,0.4358974358974359,0.9977803020324638,0.9990996626875829
17,0.9,l11_vs_vanilla,stable_fail,36,12,3,-0.007002922229252401,0.920696829043615,1.1944444444444444,7.0,0.2777777777777778,0.9974277311048301,0.9989823742402277
17,0.9,l11_vs_vanilla,stable_success,15,5,3,-0.0022349845269039165,0.9482007091510857,1.0666666666666667,7.733333333333333,0.13333333333333333,0.9977487374816041,0.9990303845273517
18,0.5,l11_vs_vanilla,harm,15,5,0,,0.7732151182151181,2.6,6.133333333333334,0.8666666666666667,0.9652878391662205,0.9912064641031507
18,0.5,l11_vs_vanilla,rescue,39,13,3,-0.020502333981022743,0.7778085253381302,4.0,7.9743589743589745,1.5384615384615385,0.952742330538554,0.9898256986871369
18,0.5,l11_vs_vanilla,stable_fail,36,12,3,-0.02544076517056018,0.7699904497804176,3.8333333333333335,8.13888888888889,1.4166666666666667,0.954717407812757,0.9898475846239921
18,0.5,l11_vs_vanilla,stable_success,15,5,3,-0.016329370598049748,0.8195920531186819,3.8,9.333333333333334,1.7333333333333334,0.9702724140781428,0.9908309014267185
18,0.75,l11_vs_vanilla,harm,15,5,0,,0.9033804077517746,1.2666666666666666,5.8,0.5333333333333333,0.9938008051844339,0.9975072003509572
18,0.75,l11_vs_vanilla,rescue,39,13,3,-0.00865879121567962,0.8780779115852371,2.0256410256410255,7.3076923076923075,0.8717948717948718,0.9915694694827605,0.9971606848366403
18,0.75,l11_vs_vanilla,stable_fail,36,12,3,-0.010381560771654036,0.8811782064009914,1.8055555555555556,7.361111111111111,0.6388888888888888,0.9918114498853365,0.9971198198799621
18,0.75,l11_vs_vanilla,stable_success,15,5,3,-0.006852115631914321,0.9224467001574287,1.6,8.133333333333333,0.5333333333333333,0.9950431315299361,0.9974950408178833
18,0.9,l11_vs_vanilla,harm,15,5,0,,0.977909914691524,0.4,5.333333333333333,0.06666666666666667,0.9991794446396393,0.9994508659494925
18,0.9,l11_vs_vanilla,rescue,39,13,3,-0.003170183869461275,0.9431639070844554,1.1025641025641026,7.0,0.5641025641025641,0.9988882775557274,0.9993852008028591
18,0.9,l11_vs_vanilla,stable_fail,36,12,3,-0.0037434675574613253,0.9411248364694303,0.8333333333333334,6.861111111111111,0.1388888888888889,0.9989162785963437,0.9993584256822055
18,0.9,l11_vs_vanilla,stable_success,15,5,3,-0.002499831755889676,0.9678719307550665,0.6666666666666666,7.533333333333333,-0.06666666666666667,0.999362089847868,0.9994756141756311
19,0.5,l11_vs_vanilla,harm,15,5,0,,0.7048415959814135,3.2666666666666666,7.133333333333334,1.8666666666666667,0.9491330578766457,0.9886789024948499
19,0.5,l11_vs_vanilla,rescue,39,13,3,-0.028302996068026724,0.7636616759097268,4.102564102564102,8.128205128205128,1.6923076923076923,0.9461360840558587,0.9915967722767045
19,0.5,l11_vs_vanilla,stable_fail,36,12,3,-0.03580574860629448,0.7388085194400534,4.25,8.666666666666666,1.9444444444444444,0.9500777819293938,0.9895085879682609
19,0.5,l11_vs_vanilla,stable_success,15,5,3,-0.01261121206854064,0.7891345097647628,4.533333333333333,9.866666666666667,2.2666666666666666,0.9576898273667248,0.9910388532845043
19,0.75,l11_vs_vanilla,harm,15,5,0,,0.8884620635412163,1.4,6.2,0.9333333333333333,0.9902128298184203,0.9958648527504386
19,0.75,l11_vs_vanilla,rescue,39,13,3,-0.0124876142986393,0.8731210484563675,2.282051282051282,7.358974358974359,0.9230769230769231,0.9900854838257691,0.99746806609504
19,0.75,l11_vs_vanilla,stable_fail,36,12,3,-0.01574846008710774,0.8723813101520951,2.0,7.361111111111111,0.6388888888888888,0.9908576713008193,0.9964058049451947
19,0.75,l11_vs_vanilla,stable_success,15,5,3,-0.005836144264651975,0.887002118888286,2.2,8.933333333333334,1.3333333333333333,0.9924096655589136,0.9970207236591134
19,0.9,l11_vs_vanilla,harm,15,5,0,,0.9532708876568525,0.5333333333333333,5.533333333333333,0.26666666666666666,0.9986787241521067,0.9987716964217592
19,0.9,l11_vs_vanilla,rescue,39,13,3,-0.004669329601195523,0.9457693726293754,1.0256410256410255,6.948717948717949,0.5128205128205128,0.9986775406664475,0.9993797721123764
19,0.9,l11_vs_vanilla,stable_fail,36,12,3,-0.0058775967815712276,0.9421325420250489,0.8611111111111112,6.916666666666667,0.19444444444444445,0.9987823883367801,0.9989309346468807
19,0.9,l11_vs_vanilla,stable_success,15,5,3,-0.0022393325303066078,0.9487200473983317,1.0,8.133333333333333,0.5333333333333333,0.9989897979322043,0.999279583428702
20,0.5,l11_vs_vanilla,harm,15,5,0,,0.6980485115647489,3.466666666666667,6.8,1.5333333333333334,0.9338540444415689,0.9900511177233539
20,0.5,l11_vs_vanilla,rescue,39,13,3,-0.027161657543300854,0.738795520060562,4.615384615384615,7.923076923076923,1.4871794871794872,0.9117432707131753,0.9889316703933891
20,0.5,l11_vs_vanilla,stable_fail,36,12,3,-0.039685725345125426,0.6947632200485752,5.027777777777778,8.972222222222221,2.25,0.900332586262114,0.9880159258093639
20,0.5,l11_vs_vanilla,stable_success,15,5,3,-0.016925828977853098,0.7626558248125881,5.066666666666666,10.066666666666666,2.466666666666667,0.9434576890232431,0.9908305199511711
20,0.75,l11_vs_vanilla,harm,15,5,0,,0.865958664990923,1.6666666666666667,6.066666666666666,0.8,0.9860508699605075,0.9966706721599147
20,0.75,l11_vs_vanilla,rescue,39,13,3,-0.012253209682900395,0.8439642411502007,2.641025641025641,7.461538461538462,1.0256410256410255,0.9805389258916108,0.9963922867111525
20,0.75,l11_vs_vanilla,stable_fail,36,12,3,-0.018082780523504552,0.84225723526727,2.5555555555555554,7.972222222222222,1.25,0.9767332114271302,0.9957794300437425
20,0.75,l11_vs_vanilla,stable_success,15,5,3,-0.007651626392480136,0.8581084473139421,2.8,8.666666666666666,1.0666666666666667,0.9880458185699378,0.9971009288929579
20,0.9,l11_vs_vanilla,harm,15,5,0,,0.9715424925951243,0.4666666666666667,5.333333333333333,0.06666666666666667,0.9980282087370291,0.9991448748760203
20,0.9,l11_vs_vanilla,rescue,39,13,3,-0.004640731096578672,0.9191563741935428,1.4102564102564104,7.0,0.5641025641025641,0.9972030295610526,0.9991061367677869
20,0.9,l11_vs_vanilla,stable_fail,36,12,3,-0.006871757662980138,0.928158440103797,1.0833333333333333,6.944444444444445,0.2222222222222222,0.9965388483474151,0.9988181212011393
20,0.9,l11_vs_vanilla,stable_success,15,5,3,-0.002896804229880435,0.9487809320367387,1.0,7.866666666666666,0.26666666666666666,0.9982599153322232,0.9993417639429312
21,0.5,l11_vs_vanilla,harm,15,5,0,,0.7309074007286325,2.8666666666666667,7.133333333333334,1.8666666666666667,0.9239620692227326,0.9930256256198977
21,0.5,l11_vs_vanilla,rescue,39,13,3,-0.011041182585197285,0.7483775694916268,4.358974358974359,8.487179487179487,2.051282051282051,0.9085308692948981,0.9910783873561396
21,0.5,l11_vs_vanilla,stable_fail,36,12,3,-0.01692387314426104,0.7501064262134869,4.083333333333333,8.944444444444445,2.2222222222222223,0.922364406248417,0.9914577690674192
21,0.5,l11_vs_vanilla,stable_success,15,5,3,-0.002384913576015104,0.7584910049058471,5.133333333333334,10.6,3.0,0.9463974178023322,0.9918964103150987
21,0.75,l11_vs_vanilla,harm,15,5,0,,0.8967758031779057,1.2,6.133333333333334,0.8666666666666667,0.9851070220212066,0.997577821011673
21,0.75,l11_vs_vanilla,rescue,39,13,3,-0.004385199297548828,0.8628968194156127,2.282051282051282,7.769230769230769,1.3333333333333333,0.9815767856826687,0.9969610520802152
21,0.75,l11_vs_vanilla,stable_fail,36,12,3,-0.007264341870747866,0.862952309611014,2.138888888888889,7.833333333333333,1.1111111111111112,0.9840395124044188,0.9969467849558755
21,0.75,l11_vs_vanilla,stable_success,15,5,3,-0.0010363568186982617,0.8765292643925836,2.3333333333333335,8.733333333333333,1.1333333333333333,0.989927555569657,0.9974058709086745
21,0.9,l11_vs_vanilla,harm,15,5,0,,0.9810663021189338,0.3333333333333333,5.266666666666667,0.0,0.9979866572072602,0.9993101968413823
21,0.9,l11_vs_vanilla,rescue,39,13,3,-0.0015616725011980137,0.9436448258336865,1.0256410256410255,6.923076923076923,0.48717948717948717,0.997476078608397,0.9991797175320292
21,0.9,l11_vs_vanilla,stable_fail,36,12,3,-0.002684026008559881,0.9377264300583921,1.0,7.027777777777778,0.3055555555555556,0.9977853188694881,0.9991523891495636
21,0.9,l11_vs_vanilla,stable_success,15,5,3,-0.00038490814931353934,0.9511497072579002,1.0,8.0,0.4,0.9986351262906482,0.9993318932631418
22,0.5,l11_vs_vanilla,harm,15,5,0,,0.6845015719271037,3.533333333333333,7.333333333333333,2.066666666666667,0.9172286187636165,0.9884390020599678
22,0.5,l11_vs_vanilla,rescue,39,13,3,-0.02886104909316195,0.7673717323220711,4.128205128205129,8.051282051282051,1.6153846153846154,0.9077465202125844,0.9903658900704847
22,0.5,l11_vs_vanilla,stable_fail,36,12,3,-0.04064422540494564,0.7193264679177082,4.444444444444445,9.083333333333334,2.361111111111111,0.8891089439436739,0.9880048391762671
22,0.5,l11_vs_vanilla,stable_success,15,5,3,-0.01376616222135013,0.7557755236213447,5.266666666666667,10.466666666666667,2.8666666666666667,0.9305954271128978,0.9898935683222704
22,0.75,l11_vs_vanilla,harm,15,5,0,,0.841479539018129,1.7333333333333334,6.2,0.9333333333333333,0.9824833382749428,0.9957391565575643
22,0.75,l11_vs_vanilla,rescue,39,13,3,-0.013328090938267438,0.8813872982542819,2.128205128205128,7.666666666666667,1.2307692307692308,0.9813216702224904,0.996815706228615
22,0.75,l11_vs_vanilla,stable_fail,36,12,3,-0.01828789712862879,0.854258946062651,2.1666666666666665,8.0,1.2777777777777777,0.9753934729587755,0.9954862700592558
22,0.75,l11_vs_vanilla,stable_success,15,5,3,-0.006168656336078323,0.8728729824537056,2.7333333333333334,9.0,1.4,0.9857896223353477,0.996463673990997
22,0.9,l11_vs_vanilla,harm,15,5,0,,0.9737301994929113,0.5333333333333333,5.4,0.13333333333333333,0.9975225446287969,0.9987874799725336
22,0.9,l11_vs_vanilla,rescue,39,13,3,-0.005100698064177713,0.9472675706163778,1.0,6.923076923076923,0.48717948717948717,0.9974325329332882,0.9991848160994417
22,0.9,l11_vs_vanilla,stable_fail,36,12,3,-0.006902572697661559,0.928402855013907,1.0277777777777777,7.138888888888889,0.4166666666666667,0.9964517568162159,0.9986725445690596
22,0.9,l11_vs_vanilla,stable_success,15,5,3,-0.0023273526707620223,0.9421112909753504,1.2,8.133333333333333,0.5333333333333333,0.9979955756869153,0.9989938105592431
23,0.5,l11_vs_vanilla,harm,15,5,0,,0.7211435040925182,2.933333333333333,7.2,1.9333333333333333,0.9607580326602972,0.9912530994888227
23,0.5,l11_vs_vanilla,rescue,39,13,3,-0.02084127563911119,0.8036222636876238,3.358974358974359,8.025641025641026,1.5897435897435896,0.9556101435246429,0.9919453455581573
23,0.5,l11_vs_vanilla,stable_fail,36,12,3,-0.030225229126639195,0.764995938075691,3.6666666666666665,8.583333333333334,1.8611111111111112,0.9486697651324355,0.9915544691449859
23,0.5,l11_vs_vanilla,stable_success,15,5,3,-0.015158962574265874,0.8047136045286593,4.2,9.6,2.0,0.9694384635157542,0.9926692797741662
23,0.75,l11_vs_vanilla,harm,15,5,0,,0.8786023297994886,1.2,6.0,0.7333333333333333,0.9933137829954525,0.9969543945983063
23,0.75,l11_vs_vanilla,rescue,39,13,3,-0.008497420732029791,0.9038233024774581,1.7179487179487178,7.384615384615385,0.9487179487179487,0.9924538802611312,0.997322188378494
23,0.75,l11_vs_vanilla,stable_fail,36,12,3,-0.012678593066234936,0.8829073792105874,1.6666666666666667,7.5,0.7777777777777778,0.9909684692110682,0.997009788026754
23,0.75,l11_vs_vanilla,stable_success,15,5,3,-0.006580603040865998,0.8962492790807203,2.2,9.066666666666666,1.4666666666666666,0.9950442574055159,0.9976353284504461
23,0.9,l11_vs_vanilla,harm,15,5,0,,0.9778916989443306,0.3333333333333333,5.4,0.13333333333333333,0.99913614682201,0.9991874570840007
23,0.9,l11_vs_vanilla,rescue,39,13,3,-0.0030640893623936857,0.9589431607451195,0.7692307692307693,6.769230769230769,0.3333333333333333,0.9990265619260308,0.9993141326419822
23,0.9,l11_vs_vanilla,stable_fail,36,12,3,-0.0046335287561504734,0.9456393595295393,0.6944444444444444,6.861111111111111,0.1388888888888889,0.9988195876733814,0.9991878544543626
23,0.9,l11_vs_vanilla,stable_success,15,5,3,-0.002440805382677507,0.9526127302257111,0.9333333333333333,7.933333333333334,0.3333333333333333,0.9993680538890182,0.9994265468833446
24,0.5,l11_vs_vanilla,harm,15,5,0,,0.6693014399168831,3.4,7.6,2.3333333333333335,0.9206898298470388,0.9905516136415654
24,0.5,l11_vs_vanilla,rescue,39,13,3,-0.01327002292520125,0.7553036704902545,4.230769230769231,8.384615384615385,1.9487179487179487,0.9114219157321639,0.990657553802724
24,0.5,l11_vs_vanilla,stable_fail,36,12,3,-0.028649538142814828,0.7359141226384323,4.25,8.944444444444445,2.2222222222222223,0.9226033603090793,0.9912055978357617
24,0.5,l11_vs_vanilla,stable_success,15,5,3,-0.01691224390982168,0.7770892342852468,4.733333333333333,10.466666666666667,2.8666666666666667,0.9371124007050287,0.9924170767528799
24,0.75,l11_vs_vanilla,harm,15,5,0,,0.8395228785551367,1.4666666666666666,6.333333333333333,1.0666666666666667,0.9841095941872408,0.9960797665369648
24,0.75,l11_vs_vanilla,rescue,39,13,3,-0.005691318170627252,0.8733561851197553,2.128205128205128,7.512820512820513,1.0769230769230769,0.9821980883410358,0.9966110666056304
24,0.75,l11_vs_vanilla,stable_fail,36,12,3,-0.012666781107756708,0.8525659156826194,2.111111111111111,7.666666666666667,0.9444444444444444,0.9848572728834194,0.9966579165712977
24,0.75,l11_vs_vanilla,stable_success,15,5,3,-0.00788090568242055,0.8714247932162257,2.6666666666666665,9.133333333333333,1.5333333333333334,0.9866918448342469,0.9973106450751504
24,0.9,l11_vs_vanilla,harm,15,5,0,,0.9495848206374523,0.4666666666666667,5.4,0.13333333333333333,0.9978145635560967,0.9988330186160066
24,0.9,l11_vs_vanilla,rescue,39,13,3,-0.0021021867278027775,0.9490748102131866,0.8974358974358975,6.923076923076923,0.48717948717948717,0.9975635346874767,0.9990591492508404
24,0.9,l11_vs_vanilla,stable_fail,36,12,3,-0.004747520901177966,0.9297255959536247,0.8888888888888888,6.888888888888889,0.16666666666666666,0.9979383759997987,0.9990643716144043
24,0.9,l11_vs_vanilla,stable_success,15,5,3,-0.003036646359263956,0.9425490442541379,1.2,8.133333333333333,0.5333333333333333,0.9980875893949722,0.9992879282063017
25,0.5,l11_vs_vanilla,harm,15,5,0,,0.6589938713902908,3.8,7.533333333333333,2.2666666666666666,0.9106880662582916,0.9888769836728465
25,0.5,l11_vs_vanilla,rescue,39,13,3,-0.02492932629194619,0.7327541877181145,4.717948717948718,8.794871794871796,2.358974358974359,0.8853041213695698,0.9891746959933329
25,0.5,l11_vs_vanilla,stable_fail,36,12,3,-0.035352910293739805,0.7051936568505983,5.0,9.416666666666666,2.6944444444444446,0.9146854712406055,0.9891449940871289
25,0.5,l11_vs_vanilla,stable_success,15,5,3,-0.018854231252085112,0.7640594152069102,5.266666666666667,10.866666666666667,3.2666666666666666,0.9454788036453606,0.9907571335927365
25,0.75,l11_vs_vanilla,harm,15,5,0,,0.808632645216006,2.1333333333333333,6.466666666666667,1.2,0.9811656528334286,0.9953714141298542
25,0.75,l11_vs_vanilla,rescue,39,13,3,-0.010935146743992147,0.8516127289477197,2.5128205128205128,7.794871794871795,1.358974358974359,0.9762350524993499,0.9958690599855623
25,0.75,l11_vs_vanilla,stable_fail,36,12,3,-0.01519106260418584,0.8496436462994785,2.4722222222222223,8.11111111111111,1.3888888888888888,0.9829026396627493,0.9955716252129903
25,0.75,l11_vs_vanilla,stable_success,15,5,3,-0.008543066594646265,0.8774848360246571,2.6666666666666665,9.133333333333333,1.5333333333333334,0.989457175515412,0.9963972018768595
25,0.9,l11_vs_vanilla,harm,15,5,0,,0.9685904010709351,0.6,5.6,0.3333333333333333,0.9973539617717105,0.9985796711680777
25,0.9,l11_vs_vanilla,rescue,39,13,3,-0.004077176552721042,0.9421942366864144,1.0512820512820513,6.948717948717949,0.5128205128205128,0.9967470198337699,0.9987275956476572
25,0.9,l11_vs_vanilla,stable_fail,36,12,3,-0.005609338947821667,0.9257494151925498,1.1666666666666667,7.333333333333333,0.6111111111111112,0.9976508049421899,0.9986330260865692
25,0.9,l11_vs_vanilla,stable_success,15,5,3,-0.0032390001672129875,0.9499428252158453,1.1333333333333333,8.266666666666667,0.6666666666666666,0.9985381770326097,0.998875457770657
26,0.5,l11_vs_vanilla,harm,15,5,0,,0.662380966041792,4.133333333333334,7.4,2.1333333333333333,0.9157823561303894,0.9864767395284961
26,0.5,l11_vs_vanilla,rescue,39,13,3,-0.023953850207617654,0.7084672075567799,5.3076923076923075,9.128205128205128,2.6923076923076925,0.8851901882720841,0.9855382986777469
26,0.5,l11_vs_vanilla,stable_fail,36,12,3,-0.03716767802750539,0.7109472846072505,5.0,9.333333333333334,2.611111111111111,0.8987777467975023,0.9866325007629508
26,0.5,l11_vs_vanilla,stable_success,15,5,3,-0.016996206463446063,0.7586994336282225,5.266666666666667,11.133333333333333,3.533333333333333,0.9295626722984426,0.9886458571755551
26,0.75,l11_vs_vanilla,harm,15,5,0,,0.8776069776978589,1.7333333333333334,6.266666666666667,1.0,0.981135732096662,0.9944739452201112
26,0.75,l11_vs_vanilla,rescue,39,13,3,-0.010885964844029447,0.8601022125874397,2.5384615384615383,7.923076923076923,1.4871794871794872,0.9738972081343047,0.9944885036474926
26,0.75,l11_vs_vanilla,stable_fail,36,12,3,-0.016423904865288923,0.8307166581034564,2.638888888888889,7.972222222222222,1.25,0.976884616099908,0.9949078378919657
26,0.75,l11_vs_vanilla,stable_success,15,5,3,-0.007393072041436463,0.8696330226699588,2.7333333333333334,9.533333333333333,1.9333333333333333,0.9860535576582865,0.9955867570763711
26,0.9,l11_vs_vanilla,harm,15,5,0,,0.9611733736539076,0.5333333333333333,5.466666666666667,0.2,0.9972851339778435,0.9983638036926832
26,0.9,l11_vs_vanilla,rescue,39,13,3,-0.0041361532314003234,0.9276961963630159,1.3076923076923077,7.076923076923077,0.6410256410256411,0.9962327715603093,0.9983474405925193
26,0.9,l11_vs_vanilla,stable_fail,36,12,3,-0.006156489296799561,0.9228043114796787,1.1666666666666667,7.25,0.5277777777777778,0.9965661007776103,0.9984590573421327
26,0.9,l11_vs_vanilla,stable_success,15,5,3,-0.00274417814687049,0.9429975555254775,1.2666666666666666,8.333333333333334,0.7333333333333333,0.9980821464091763,0.9986843862058442
27,0.5,l11_vs_vanilla,harm,15,5,0,,0.702391653975505,3.4,7.266666666666667,2.0,0.9516202343215012,0.9886980239566642
27,0.5,l11_vs_vanilla,rescue,39,13,3,-0.028556204821878817,0.7628924054167695,4.230769230769231,8.333333333333334,1.8974358974358974,0.928591691112725,0.9890704321237623
27,0.5,l11_vs_vanilla,stable_fail,36,12,3,-0.032395194713302135,0.7480613303897421,4.194444444444445,8.527777777777779,1.8055555555555556,0.95707740643927,0.9895760415871924
27,0.5,l11_vs_vanilla,stable_success,15,5,3,-0.016135045493207784,0.7968424287395967,4.6,10.2,2.6,0.9678629960145344,0.9910877298390173
27,0.75,l11_vs_vanilla,harm,15,5,0,,0.8863071515834707,1.4,6.0,0.7333333333333333,0.9913084552957562,0.9955293926909283
27,0.75,l11_vs_vanilla,rescue,39,13,3,-0.01251607161137754,0.8863302974743459,1.9487179487179487,7.435897435897436,1.0,0.9870681729604135,0.9959169278306953
27,0.75,l11_vs_vanilla,stable_fail,36,12,3,-0.013264582550278537,0.8671106371649654,2.0833333333333335,7.555555555555555,0.8333333333333334,0.9925224896199231,0.9961075188830394
27,0.75,l11_vs_vanilla,stable_success,15,5,3,-0.006727798587283504,0.8932964729252114,2.466666666666667,9.0,1.4,0.9948834547255891,0.9966335259784846
27,0.9,l11_vs_vanilla,harm,15,5,0,,0.9786739534689235,0.4666666666666667,5.333333333333333,0.06666666666666667,0.9988704222360286,0.9986776150148772
27,0.9,l11_vs_vanilla,rescue,39,13,3,-0.004676356940450581,0.9498961351466826,0.8461538461538461,6.846153846153846,0.41025641025641024,0.9983083675645025,0.9987980952632473
27,0.9,l11_vs_vanilla,stable_fail,36,12,3,-0.004788417230454446,0.9457271220120766,0.8333333333333334,6.888888888888889,0.16666666666666666,0.9990235254004628,0.9989135099565115
27,0.9,l11_vs_vanilla,stable_success,15,5,3,-0.002448071565844807,0.9540126704776145,1.0666666666666667,8.266666666666667,0.6666666666666666,0.9993551288230124,0.9989973392080566
28,0.5,l11_vs_vanilla,harm,15,5,0,,0.6977754924642776,3.933333333333333,7.2,1.9333333333333333,0.9445836596051548,0.9834099622339206
28,0.5,l11_vs_vanilla,rescue,39,13,3,-0.02589475750577185,0.7310152993466189,4.897435897435898,8.692307692307692,2.2564102564102564,0.9110638929273817,0.984164564883122
28,0.5,l11_vs_vanilla,stable_fail,36,12,3,-0.047278226353266485,0.700188170022929,5.055555555555555,9.25,2.5277777777777777,0.9295300582200845,0.984084105026576
28,0.5,l11_vs_vanilla,stable_success,15,5,3,-0.0175749324195805,0.7520503310711454,5.8,11.266666666666667,3.6666666666666665,0.9594477211194236,0.985634727626459
28,0.75,l11_vs_vanilla,harm,15,5,0,,0.8501624358762315,1.9333333333333333,6.333333333333333,1.0666666666666667,0.9895614757254876,0.992977893492027
28,0.75,l11_vs_vanilla,rescue,39,13,3,-0.011255604435210108,0.8734353970366951,2.3333333333333335,7.666666666666667,1.2307692307692308,0.9817297586569327,0.9936234895035534
28,0.75,l11_vs_vanilla,stable_fail,36,12,3,-0.021250585806685443,0.8404832559364515,2.6666666666666665,7.888888888888889,1.1666666666666667,0.9858164232345017,0.9935257042992295
28,0.75,l11_vs_vanilla,stable_success,15,5,3,-0.007634135944218984,0.8550994542121211,3.4,9.6,2.0,0.9929397960279005,0.994357738231479
28,0.9,l11_vs_vanilla,harm,15,5,0,,0.9595052418708333,0.6666666666666666,5.466666666666667,0.2,0.9986044987314704,0.9977540150301364
28,0.9,l11_vs_vanilla,rescue,39,13,3,-0.004177947849480373,0.9419247166849581,1.1538461538461537,6.923076923076923,0.48717948717948717,0.9974913584668522,0.9979499173958717
28,0.9,l11_vs_vanilla,stable_fail,36,12,3,-0.008028224008280358,0.9243981678724525,1.25,7.138888888888889,0.4166666666666667,0.998030771028217,0.9979723382543677
28,0.9,l11_vs_vanilla,stable_success,15,5,3,-0.0028296691134391074,0.9369112399355235,1.4,8.333333333333334,0.7333333333333333,0.9990819230200898,0.9981084058136871
29,0.5,l11_vs_vanilla,harm,15,5,0,,0.583090916323999,4.866666666666666,7.666666666666667,2.4,0.895091177378836,0.9766028171969177
29,0.5,l11_vs_vanilla,rescue,39,13,3,-0.03272560990999578,0.6625279169476823,6.333333333333333,9.307692307692308,2.871794871794872,0.8497552656802012,0.9790446678521751
29,0.5,l11_vs_vanilla,stable_fail,36,12,3,-0.05513928129129819,0.6387681544298349,6.0,9.75,3.0277777777777777,0.8726469218217021,0.9805308192505277
29,0.5,l11_vs_vanilla,stable_success,15,5,3,-0.024773662976895216,0.7007867702411363,7.0,11.933333333333334,4.333333333333333,0.9111368406166918,0.9814253356984817
29,0.75,l11_vs_vanilla,harm,15,5,0,,0.7755240265319112,2.8,6.933333333333334,1.6666666666666667,0.974539605281948,0.9898451209277485
29,0.75,l11_vs_vanilla,rescue,39,13,3,-0.01618689858360185,0.8216269015886726,3.128205128205128,8.0,1.564102564102564,0.9615283257900108,0.9910642287444759
29,0.75,l11_vs_vanilla,stable_fail,36,12,3,-0.026722016095629436,0.7693065808508245,3.5833333333333335,8.444444444444445,1.7222222222222223,0.9674263084435082,0.9917180069174231
29,0.75,l11_vs_vanilla,stable_success,15,5,3,-0.012307235723653213,0.8236168221236134,4.133333333333334,10.066666666666666,2.466666666666667,0.9788147206625293,0.9922485599298084
29,0.9,l11_vs_vanilla,harm,15,5,0,,0.8957946233082846,1.2666666666666666,5.666666666666667,0.4,0.996181327897853,0.9964280537117568
29,0.9,l11_vs_vanilla,rescue,39,13,3,-0.006443700106512841,0.905425352780726,1.6666666666666667,7.461538461538462,1.0256410256410255,0.9940834365346236,0.9969021434524122
29,0.9,l11_vs_vanilla,stable_fail,36,12,3,-0.010503804302442613,0.8884336335830314,1.6388888888888888,7.416666666666667,0.6944444444444444,0.9949215189663225,0.9971666102400748
29,0.9,l11_vs_vanilla,stable_success,15,5,3,-0.004906154021170869,0.9125744367871315,2.0,8.6,1.0,0.9967656566586987,0.9973689631494619
30,0.5,l11_vs_vanilla,harm,15,5,0,,0.5898021210138314,5.0,7.8,2.533333333333333,0.9245463586665672,0.9752443827725642
30,0.5,l11_vs_vanilla,rescue,39,13,3,-0.030742849218140605,0.6517084722576119,6.615384615384615,9.384615384615385,2.948717948717949,0.8855596184906883,0.975542410543984
30,0.5,l11_vs_vanilla,stable_fail,36,12,3,-0.04342093162847214,0.6372545631968121,6.277777777777778,10.083333333333334,3.361111111111111,0.9156875442350232,0.9769002052020548
30,0.5,l11_vs_vanilla,stable_success,15,5,3,-0.0212275360570132,0.6876499387925388,7.266666666666667,11.933333333333334,4.333333333333333,0.9226981382160713,0.9770344090943769
30,0.75,l11_vs_vanilla,harm,15,5,0,,0.819376805896526,2.466666666666667,6.533333333333333,1.2666666666666666,0.9848496217966021,0.9895060845349809
30,0.75,l11_vs_vanilla,rescue,39,13,3,-0.013749545537609145,0.8077885801784292,3.4871794871794872,8.179487179487179,1.7435897435897436,0.9748599837976665,0.9900981786009823
30,0.75,l11_vs_vanilla,stable_fail,36,12,3,-0.019083253686780877,0.7988063194804473,3.3333333333333335,8.333333333333334,1.6111111111111112,0.9825403429953021,0.9905769976602833
30,0.75,l11_vs_vanilla,stable_success,15,5,3,-0.009548477281302441,0.8212670575197573,4.066666666666666,10.466666666666667,2.8666666666666667,0.9844010224810826,0.9908198386358432
30,0.9,l11_vs_vanilla,harm,15,5,0,,0.9068051214198962,1.1333333333333333,5.8,0.5333333333333333,0.9979301743478718,0.9964120317387654
30,0.9,l11_vs_vanilla,rescue,39,13,3,-0.005174426016868085,0.9158678860662146,1.564102564102564,7.102564102564102,0.6666666666666666,0.9964385494767212,0.9967985214888108
30,0.9,l11_vs_vanilla,stable_fail,36,12,3,-0.007119735226238544,0.9073239004395326,1.5277777777777777,7.333333333333333,0.6111111111111112,0.9975433648901854,0.9969090546400141
30,0.9,l11_vs_vanilla,stable_success,15,5,3,-0.003604155046619937,0.9123899909749994,1.9333333333333333,8.733333333333333,1.1333333333333333,0.9978367130327245,0.9971265831235215
31,0.5,l11_vs_vanilla,harm,15,5,0,,0.5158316680332307,6.266666666666667,8.866666666666667,3.6,0.882989860694085,0.9316368638895247
31,0.5,l11_vs_vanilla,rescue,39,13,3,-0.04244898347092815,0.5525803403393973,9.435897435897436,11.41025641025641,4.9743589743589745,0.8407559658136202,0.9370664933887349
31,0.5,l11_vs_vanilla,stable_fail,36,12,3,-0.06324722144046267,0.5463512943067906,8.472222222222221,11.083333333333334,4.361111111111111,0.8565778435074202,0.9388278726698202
31,0.5,l11_vs_vanilla,stable_success,15,5,3,-0.02848408634614602,0.5818043609488018,10.6,13.8,6.2,0.8861805506207975,0.9386061360341801
31,0.75,l11_vs_vanilla,harm,15,5,0,,0.7294128071217855,3.6666666666666665,7.533333333333333,2.2666666666666666,0.9719376294109252,0.9694087605859462
31,0.75,l11_vs_vanilla,rescue,39,13,3,-0.022071605171243614,0.750323853406411,4.923076923076923,8.948717948717949,2.5128205128205128,0.9571720961944632,0.9734824609281003
31,0.75,l11_vs_vanilla,stable_fail,36,12,3,-0.03271154100033468,0.7347888285832027,4.75,9.38888888888889,2.6666666666666665,0.9630162870412045,0.9731058546959639
31,0.75,l11_vs_vanilla,stable_success,15,5,3,-0.014824141682352866,0.7637877803599096,5.6,11.266666666666667,3.6666666666666665,0.9733522439078233,0.9744156748302433
31,0.9,l11_vs_vanilla,harm,15,5,0,,0.8703030651581377,1.8,6.133333333333334,0.8666666666666667,0.9958124268810451,0.9893873025864041
31,0.9,l11_vs_vanilla,rescue,39,13,3,-0.00906342101583856,0.8894965119585103,2.128205128205128,7.461538461538462,1.0256410256410255,0.9933211814215154,0.991158992405702
31,0.9,l11_vs_vanilla,stable_fail,36,12,3,-0.013413287151428343,0.8657652391156792,2.25,7.805555555555555,1.0833333333333333,0.9941939626540633,0.9906310002924644
31,0.9,l11_vs_vanilla,stable_success,15,5,3,-0.006086873102099602,0.8715835379559541,3.0,9.6,2.0,0.996041588440695,0.9915576123445485
