partner_layer,alpha,states,target_control_states,target_response,target_response_l11,target_response_change,mask_jaccard_l11,mean_lost_l11_tokens,mean_new_partner_tokens,lost_l11_fraction,components,component_change_l11,isolated_ratio,largest_component_ratio,score_cosine_l11,rank_correlation_l11,open_target_delta,pick_target_delta,move_target_delta,task_nonharm_fraction,complement_score,strict_candidate,relaxed_candidate
0,0.5,105,9,0.01823580626176442,0.08423165122861907,-0.06599584496685466,0.7294210987306177,5.3619047619047615,5.3619047619047615,0.1609568602959151,6.59047619047619,0.05714285714285714,0.11117395687858014,0.5945876976753672,0.8410507707721026,0.8360650184198193,-0.030674189023555305,-0.13442213522524327,-0.032891210651765417,0.0,0.31218340329256516,0,0
0,0.75,105,9,0.038109341232253624,0.08423165122861907,-0.04612230999636545,0.8634401333760512,2.6952380952380954,2.6952380952380954,0.07537220035648358,6.466666666666667,-0.06666666666666667,0.10738382021555812,0.6199823895158141,0.9557584434830786,0.8814672230760008,-0.02169387401926672,-0.09369449253190276,-0.02297856343792688,0.0,0.3690703323227983,0,0
0,0.9,105,9,0.059973434249717,0.08423165122861907,-0.024258216978902077,0.9430134440148539,1.161904761904762,1.161904761904762,0.03002605040022552,6.314285714285714,-0.21904761904761905,0.10229516206267854,0.6122824388496325,0.9927721250252328,0.9302641036959529,-0.011536077545439644,-0.049151766389640916,-0.012086807001625675,0.0,0.4780236469920668,0,0
1,0.5,105,9,0.0302461420681259,0.08423165122861907,-0.053985509160493175,0.7077382911741453,5.9714285714285715,5.9714285714285715,0.17620113070593516,7.133333333333334,0.6,0.12410446666497775,0.5912954411673292,0.9146811067597569,0.8366756926506009,-0.02341342535986654,-0.11161330145266457,-0.02692980066894841,0.0,0.30177060758921376,0,0
1,0.75,105,9,0.05273226541329084,0.08423165122861907,-0.03149938581532824,0.8588556431940667,2.8666666666666667,2.8666666666666667,0.07857395321195997,6.723809523809524,0.19047619047619047,0.11253262127285689,0.6114163147872876,0.9825438817975185,0.8985605156459469,-0.013027646929262851,-0.06569264466286094,-0.015777865853860935,0.0,0.38880463404627585,0,0
1,0.9,105,9,0.07020579150165984,0.08423165122861907,-0.014025859726959232,0.9421929074846649,1.180952380952381,1.180952380952381,0.030496666663693783,6.514285714285714,-0.01904761904761905,0.1036358138418082,0.6107564338992527,0.9975592178674666,0.951074330510414,-0.00558873796750041,-0.02943575020273705,-0.0070530910106402335,0.0,0.5551672752587089,0,0
2,0.5,105,9,0.07335730468728824,0.08423165122861907,-0.010874346541330836,0.865305166018596,2.638095238095238,2.638095238095238,0.07550040586585746,6.723809523809524,0.19047619047619047,0.11014956306131546,0.6029262371474304,0.992028123932285,0.9729283016708626,-0.0023437900635433586,-0.023418358702654712,-0.006860890857794434,0.0,0.5747490145962589,0,0
2,0.75,105,9,0.080234685766449,0.08423165122861907,-0.003996965462170089,0.9458934969810663,1.1047619047619048,1.1047619047619048,0.028722926288001313,6.571428571428571,0.0380952380952381,0.1037153175523783,0.6081533236073571,0.9990205862745056,0.9899842777577956,-0.0008158165928422549,-0.008599440970441042,-0.002575638823226971,0.3333333333333333,0.8090045799958486,0,0
2,0.9,105,9,0.08285178311274799,0.08423165122861907,-0.001379868115871083,0.981652977007493,0.3619047619047619,0.3619047619047619,0.009487355223825579,6.476190476190476,-0.05714285714285714,0.10440554410479332,0.609562366989907,0.9998876389486586,0.9971766041046768,-0.000276008022073231,-0.0029671701909815044,-0.0008964261345585136,0.6666666666666666,0.9343127216134607,0,0
3,0.5,105,9,0.07417505742998504,0.08423165122861907,-0.010056593798634038,0.8874660371630124,2.104761904761905,2.104761904761905,0.06203210308342116,6.447619047619048,-0.08571428571428572,0.10911489362475246,0.6124877209702904,0.9943221881682633,0.9846524757763025,-0.00429790641322838,-0.02132278225859564,-0.004549092724078095,0.0,0.609335887376627,0,0
3,0.75,105,9,0.0805672305568137,0.08423165122861907,-0.003664420671805377,0.9490355492257724,0.9619047619047619,0.9619047619047619,0.027019889102523523,6.3619047619047615,-0.17142857142857143,0.10113367390608724,0.6168826686365753,0.9992932607182744,0.9955303531918603,-0.0015550305892782213,-0.007765788257164438,-0.0016724431689734698,0.6666666666666666,0.8703026781346129,0,0
3,0.9,105,9,0.08297098055870111,0.08423165122861907,-0.0012606706699179575,0.9778079255635395,0.38095238095238093,0.38095238095238093,0.011564870703896208,6.523809523809524,-0.009523809523809525,0.10444079028487883,0.6108113244558321,0.9999184815210787,0.9989947097516049,-0.0005335506020227634,-0.002671157316720296,-0.000577304091010813,0.6666666666666666,0.937878541107881,0,0
4,0.5,105,9,0.06830786782186432,0.08423165122861907,-0.01592378340675477,0.8624057867061944,2.4761904761904763,2.4761904761904763,0.07676035090298755,6.857142857142857,0.3238095238095238,0.11957979503084282,0.6019690316876669,0.9912623689166331,0.9785409854603319,-0.006895859534489582,-0.033626015013367504,-0.0072494756724072245,0.0,0.509042591173717,0,0
4,0.75,105,9,0.07811163728730058,0.08423165122861907,-0.0061200139413184855,0.9486057824130665,1.0095238095238095,1.0095238095238095,0.027150613390770344,6.476190476190476,-0.05714285714285714,0.10253246962270104,0.6128164107305678,0.9988589729805667,0.9922382055935213,-0.002599907049475102,-0.013008013576762201,-0.0027521211977181528,0.0,0.6879175632720704,0,0
4,0.9,105,9,0.08208109960186143,0.08423165122861907,-0.0021505516267576654,0.9755233716581834,0.44761904761904764,0.44761904761904764,0.01267148078537419,6.533333333333333,0.0,0.1042513590197978,0.6089957514760826,0.9998660973009497,0.9977184833077198,-0.0009062065722128948,-0.004583372640574225,-0.0009620756674858765,0.6666666666666666,0.9226252820870623,0,0
5,0.5,105,9,0.06078751190298511,0.08423165122861907,-0.023444139325633963,0.8116982173111125,3.323809523809524,3.323809523809524,0.10713161571713356,7.380952380952381,0.8476190476190476,0.14671808217149798,0.5866095469847297,0.9778933121211247,0.9729330837393323,-0.010515350847925839,-0.05029899168333483,-0.009518075445641217,0.0,0.4269838442282726,0,0
5,0.75,105,9,0.07454672583257126,0.08423165122861907,-0.009684925396047815,0.9261245016431554,1.3904761904761904,1.3904761904761904,0.03952435063710345,6.885714285714286,0.3523809523809524,0.11604926647418214,0.6067841815516676,0.9969186498183855,0.9895392115990364,-0.004423943097906983,-0.020862783198873972,-0.0037680498913624885,0.0,0.6220978103425512,0,0
5,0.9,105,9,0.0807227915293213,0.08423165122861907,-0.003508859699297791,0.9733205566513093,0.49523809523809526,0.49523809523809526,0.013863219377403339,6.580952380952381,0.047619047619047616,0.10456466432921838,0.6059343830453024,0.9996304236311421,0.9964105194607025,-0.0016147799294541527,-0.007571530018115132,-0.001340269150324087,0.6666666666666666,0.8824625511257373,0,0
6,0.5,105,9,0.06246371252675748,0.08423165122861907,-0.021767938701861597,0.859095168382818,2.2476190476190476,2.2476190476190476,0.07898632030434813,6.876190476190477,0.34285714285714286,0.11368309447720239,0.5915049754595151,0.9837115083668039,0.9833243822820956,-0.008814377757822218,-0.052194292795745965,-0.004295145552016611,0.0,0.4689074364010486,0,0
6,0.75,105,9,0.0748801803478575,0.08423165122861907,-0.009351470880761568,0.9372067574326165,0.9428571428571428,0.9428571428571428,0.03409485647055493,6.504761904761905,-0.02857142857142857,0.10260101393819657,0.6091326425304904,0.9974085978496171,0.9946175707637138,-0.0033462490380582375,-0.02306471323447547,-0.0016434503697510007,0.3333333333333333,0.6904777834682161,0,0
6,0.9,105,9,0.08077081861832375,0.08423165122861907,-0.0034608326102953148,0.977297209651291,0.3523809523809524,0.3523809523809524,0.011858030619001647,6.495238095238095,-0.0380952380952381,0.10348855622445546,0.606063881123897,0.9996696341088707,0.9986588137200404,-0.001169655632902256,-0.008636524064148133,-0.0005763181338355553,0.6666666666666666,0.8893197913683596,0,0
7,0.5,105,9,0.07790685566680905,0.08423165122861907,-0.0063247955618100276,0.833032882878402,2.8190476190476192,2.8190476190476192,0.09448103939964717,7.133333333333334,0.6,0.11716259840326339,0.579185737702455,0.9790015511745012,0.9739749752040894,-0.01066915280215535,-0.012233560387102063,0.00392832650382733,0.3333333333333333,0.6856748498563824,0,0
7,0.75,105,9,0.08174732404030663,0.08423165122861907,-0.0024843271883124448,0.927393569503456,1.1904761904761905,1.1904761904761905,0.03915986882644636,6.761904761904762,0.22857142857142856,0.108454918522813,0.5952125800286211,0.9965476897355855,0.9911465792542697,-0.0042299550586029555,-0.004868707529038276,0.0016456810227038973,0.3333333333333333,0.8484005819746595,0,0
7,0.9,105,9,0.08335133619431913,0.08423165122861907,-0.0008803150342999568,0.9717186583187469,0.4380952380952381,0.4380952380952381,0.014758735838100551,6.542857142857143,0.009523809523809525,0.10321452819939617,0.6080178929920484,0.9995565720818513,0.997598699985831,-0.0015056219311023907,-0.0017351534406234899,0.0005998302688260104,1.0,0.9905702937964025,0,1
8,0.5,105,9,0.06689175192530045,0.08423165122861907,-0.017339899303318623,0.8180385813130568,3.066666666666667,3.066666666666667,0.10359621671783954,7.114285714285714,0.580952380952381,0.12040669657542488,0.565841176365434,0.9699933583078464,0.9767988411317833,-0.015528753493183394,-0.03892790395116316,0.002436959534390694,0.3333333333333333,0.5308042154979645,0,0
8,0.75,105,9,0.07600405360533262,0.08423165122861907,-0.008227597623286462,0.9096279025749551,1.4857142857142858,1.4857142857142858,0.04868013888900034,6.666666666666667,0.13333333333333333,0.10756101350196205,0.6020387712437987,0.9936267614047132,0.9911653396767266,-0.007530752901897334,-0.01824375388811834,0.001091713920156288,0.3333333333333333,0.6987501161007114,0,0
8,0.9,105,9,0.08103704210439679,0.08423165122861907,-0.0031946091242222763,0.9648320512508727,0.6190476190476191,0.6190476190476191,0.01828148185183216,6.485714285714286,-0.047619047619047616,0.10460306319498267,0.6122187757141779,0.9990688529229621,0.9973630639026038,-0.0029565653013942186,-0.007037937515561944,0.0004106754442893337,0.3333333333333333,0.8497561131155885,0,0
9,0.5,105,9,0.06702661888866691,0.08423165122861907,-0.017205032339952162,0.8283561875462069,2.933333333333333,2.933333333333333,0.09775055797148799,7.285714285714286,0.7523809523809524,0.12925783381730763,0.5731902360265054,0.9761859786346406,0.9749002850167302,-0.014002578347375708,-0.046154750063887584,0.008542231391406809,0.3333333333333333,0.536938375482627,0,0
9,0.75,105,9,0.07648555362515354,0.08423165122861907,-0.007746097603465545,0.9156439524517052,1.361904761904762,1.361904761904762,0.045282352753348125,6.828571428571428,0.29523809523809524,0.10999168601437537,0.5964336214743404,0.9957797098138983,0.9892014558741783,-0.006419639946393891,-0.02051364204543897,0.003694989181436223,0.3333333333333333,0.7032789357353089,0,0
9,0.9,105,9,0.08130919439998145,0.08423165122861907,-0.0029224568286376354,0.9635444316007807,0.5523809523809524,0.5523809523809524,0.019210839010548778,6.561904761904762,0.02857142857142857,0.10301023813971047,0.6050523802328782,0.9994389882041689,0.9960662309670949,-0.0024405398383968643,-0.007694317816324371,0.001367487168808329,0.3333333333333333,0.8585368103411359,0,0
10,0.5,105,9,0.05993636467700811,0.08423165122861907,-0.024295286551610965,0.8129260829399229,3.066666666666667,3.066666666666667,0.10735574754863218,6.79047619047619,0.2571428571428571,0.11934995696108192,0.5766685423830632,0.9730913320622953,0.9833229994332362,-0.01958723651252781,-0.04468866478007938,-0.008609958362225697,0.0,0.4252768262043689,0,0
10,0.75,105,9,0.07269793814029295,0.08423165122861907,-0.011533713088326134,0.9120038024056201,1.4952380952380953,1.4952380952380953,0.04724346418965668,6.647619047619048,0.11428571428571428,0.10789327182064383,0.6018997350735088,0.9943916714576531,0.9936816818166954,-0.009795377735294429,-0.020707551982672,-0.0040982095470119785,0.0,0.5820984590716717,0,0
10,0.9,105,9,0.07974971917655262,0.08423165122861907,-0.0044819320520664545,0.9669659000286829,0.5523809523809524,0.5523809523809524,0.017260610778602664,6.523809523809524,-0.009523809523809525,0.10690245944269808,0.6105909063423817,0.9991942605089935,0.9981059534708824,-0.003913431458479601,-0.007938280932878322,-0.0015940837648414409,0.3333333333333333,0.7827007704871546,0,0
12,0.5,105,9,0.05970911379426093,0.08423165122861907,-0.02452253743435815,0.8247400952037808,2.7904761904761903,2.7904761904761903,0.0994885729214504,6.923809523809524,0.3904761904761905,0.12916815438981863,0.6090756248070139,0.9694561764652199,0.9891925729435741,-0.017528950247897346,-0.044779623834900466,-0.011259038220276641,0.0,0.4227188972007052,0,0
12,0.75,105,9,0.07202370098458373,0.08423165122861907,-0.01220795024403535,0.9165027648147459,1.3714285714285714,1.3714285714285714,0.0450726202531596,6.6,0.06666666666666667,0.10913087902736293,0.6108846261641571,0.9925062162734826,0.99646522714144,-0.008890001525084163,-0.02193508191114459,-0.0057987672958772956,0.0,0.5697417939298051,0,0
12,0.9,105,9,0.07935523714752539,0.08423165122861907,-0.004876414081093687,0.9617940265244499,0.638095238095238,0.638095238095238,0.020002552986382767,6.533333333333333,0.0,0.10391926566267541,0.6145419608743191,0.9988179810812274,0.9991943849524244,-0.003586762995510051,-0.00867306330889448,-0.002369415938876534,0.0,0.7164803817476711,0,0
13,0.5,105,9,0.05643765121385724,0.08423165122861907,-0.02779400001476183,0.8117137377764252,3.0285714285714285,3.0285714285714285,0.1072201645210146,7.0285714285714285,0.49523809523809526,0.1199298883195022,0.5794474266256265,0.967099972763368,0.988182016970212,-0.01736294881870926,-0.056229494193216406,-0.009789557032359826,0.0,0.38786385543428176,0,0
13,0.75,105,9,0.07109982607685003,0.08423165122861907,-0.013131825151769047,0.9106097398131389,1.361904761904762,1.361904761904762,0.048588257350302914,6.742857142857143,0.20952380952380953,0.11792539219807474,0.5941475064300404,0.9928543658154653,0.9962965195805947,-0.008205344337386428,-0.02643892312139552,-0.004751207996525189,0.0,0.5511278194599064,0,0
13,0.9,105,9,0.07914024527693732,0.08423165122861907,-0.005091405951681758,0.9633461760128205,0.6190476190476191,0.6190476190476191,0.019140426852803344,6.514285714285714,-0.01904761904761905,0.10224239507353372,0.6084712503611741,0.9989516377028074,0.999168328810123,-0.003179418548805302,-0.010227262303748486,-0.0018675370024914862,0.3333333333333333,0.7573203186849622,0,0
14,0.5,105,9,0.06653233726423784,0.08423165122861907,-0.01769931396438125,0.7458458659686941,4.171428571428572,4.171428571428572,0.15155295443138359,7.171428571428572,0.638095238095238,0.13994111747839208,0.591786308587948,0.9350396990054962,0.9796309292199369,-0.015478816150768992,-0.018098718591349826,-0.019520407151024932,0.0,0.44999207128616886,0,0
14,0.75,105,9,0.07409357404186395,0.08423165122861907,-0.010138077186755131,0.8400474852223876,2.533333333333333,2.533333333333333,0.08980245007671145,6.695238095238095,0.1619047619047619,0.1225755822963286,0.6038903504111075,0.9795662414160052,0.9915294648987997,-0.008615598469410528,-0.010484843016695713,-0.011313790074159153,0.0,0.581220070306273,0,0
14,0.9,105,9,0.07977994561356204,0.08423165122861907,-0.004451705615057024,0.9291904101017389,1.1428571428571428,1.1428571428571428,0.03815796113377075,6.571428571428571,0.0380952380952381,0.10694273759271684,0.6148360271778893,0.9962190334513338,0.9975223912522205,-0.003704431429000134,-0.004641032902342228,-0.0050096525138287095,0.0,0.7243812949846351,0,0
15,0.5,105,9,0.048879603389751024,0.08423165122861907,-0.035352047838868056,0.7582069134591138,4.247619047619048,4.247619047619048,0.14091242618626967,7.961904761904762,1.4285714285714286,0.14822919008862018,0.5588271888459873,0.9425852620645999,0.9776848998354204,-0.01963951690318411,-0.06704343932140601,-0.01937318729201404,0.0,0.3295045387692967,0,0
15,0.75,105,9,0.06636102414146706,0.08423165122861907,-0.017870627087152008,0.8676261302618308,2.323809523809524,2.323809523809524,0.07277289631164639,7.276190476190476,0.7428571428571429,0.12560950704044743,0.5812762736387442,0.9862650157368665,0.9909121284700649,-0.010050275582103705,-0.033424965891011384,-0.010136639788340935,0.0,0.4861037546801024,0,0
15,0.9,105,9,0.0770170207730278,0.08423165122861907,-0.0072146304555912805,0.9374629136190491,1.0476190476190477,1.0476190476190477,0.033098206556661354,6.695238095238095,0.1619047619047619,0.10776918448711738,0.6050848001396094,0.997891465037304,0.9971105952108468,-0.004078067331819095,-0.01338301765227345,-0.004182806382681298,0.0,0.672144080062478,0,0
16,0.5,105,9,0.05416809690869215,0.08423165122861907,-0.030063554319926925,0.7259131089920624,4.828571428571428,4.828571428571428,0.16356957491492086,8.276190476190477,1.7428571428571429,0.1480040511554758,0.5345424702670775,0.9413326708049607,0.9758974757218061,-0.019245281201304996,-0.053223421351231766,-0.01772196040724402,0.0,0.3342712496376753,0,0
16,0.75,105,9,0.06925272297297007,0.08423165122861907,-0.014978928255649008,0.8573841019257914,2.4571428571428573,2.4571428571428573,0.07897976735600493,7.352380952380952,0.819047619047619,0.12412359675296514,0.5744903464004241,0.9870615835424088,0.9904980095150899,-0.010259349209272337,-0.026223937299278476,-0.008453498258396211,0.0,0.5058752930372482,0,0
16,0.9,105,9,0.07824919713459996,0.08423165122861907,-0.005982454094019109,0.9370432386566909,1.1142857142857143,1.1142857142857143,0.033379253888640915,6.8,0.26666666666666666,0.10872872927089045,0.5968000498941167,0.9981085942940574,0.9971090556845306,-0.004251863843675714,-0.010404456596294418,-0.0032910418420871953,0.0,0.6850097723082643,0,0
17,0.5,105,9,0.06176452916545706,0.08423165122861907,-0.022467122063162023,0.7214627718586811,4.742857142857143,4.742857142857143,0.16704600832363925,8.333333333333334,1.8,0.1580358335562322,0.5131646690659087,0.9344204244211959,0.9872762577793761,-0.015331147988837843,-0.036304043090248594,-0.015766175110399624,0.0,0.39499911429676954,0,0
17,0.75,105,9,0.07336222846264016,0.08423165122861907,-0.010869422765978918,0.8505346670361673,2.5238095238095237,2.5238095238095237,0.08361746213862165,7.523809523809524,0.9904761904761905,0.1285929094373696,0.5696334901204101,0.9848001684831496,0.9960445686056522,-0.007358971855296888,-0.017202164305870668,-0.008047132136769197,0.0,0.5643458453149329,0,0
17,0.9,105,9,0.07996105766076082,0.08423165122861907,-0.004270593567858267,0.9352913323546223,1.1238095238095238,1.1238095238095238,0.03452940375583063,6.857142857142857,0.3238095238095238,0.10904720720925029,0.5902903329817035,0.9977101764051213,0.9990520741370477,-0.0028735844252342235,-0.006675117787992175,-0.0032630784903484034,0.0,0.7368244261095104,0,0
18,0.5,105,9,0.06347416131207485,0.08423165122861907,-0.020757489916544223,0.78044091666942,3.7142857142857144,3.7142857142857144,0.12715618471154813,7.961904761904762,1.4285714285714286,0.14496666353148782,0.5458866310903089,0.9577160130564601,0.9901740550305722,-0.00843120350548113,-0.0410493605494707,-0.012791905694680842,0.0,0.4339006693414686,0,0
18,0.75,105,9,0.07560082868886976,0.08423165122861907,-0.008630822539749327,0.8890939104847428,1.7809523809523808,1.7809523809523808,0.0607727742931362,7.228571428571429,0.6952380952380952,0.1254012475603832,0.5758712002725193,0.9924674338706223,0.9972439413508591,-0.0033792948570022124,-0.01711579330830927,-0.005397379453936493,0.0,0.629346094776548,0,0
18,0.9,105,9,0.08109382350101499,0.08423165122861907,-0.003137827727604092,0.9509582301989726,0.8476190476190476,0.8476190476190476,0.02583009157162734,6.79047619047619,0.2571428571428571,0.11137629288884941,0.5970440179473621,0.9990071606805178,0.9993983176928356,-0.0012077582864146927,-0.006230169171419987,-0.0019755557249775957,0.6666666666666666,0.8962072598027789,0,0
19,0.5,105,9,0.05865833231433179,0.08423165122861907,-0.025573318914287282,0.7503767013953706,4.095238095238095,4.095238095238095,0.14745765588131382,8.41904761904762,1.8857142857142857,0.17152702288275914,0.5259389234597429,0.9495661972027354,0.9903842821175162,-0.010390476269944892,-0.055573073417501895,-0.010756407055415052,0.0,0.3753354014375258,0,0
19,0.75,105,9,0.07287424501181941,0.08423165122861907,-0.011357406216799672,0.8770420075401552,2.0476190476190474,2.0476190476190474,0.06715762538691945,7.419047619047619,0.8857142857142857,0.1314892191201538,0.5769113429380632,0.9907004520637571,0.9968109257321605,-0.004477574032904204,-0.024981367114914416,-0.004613277502580396,0.0,0.5649904110191516,0,0
19,0.9,105,9,0.07996956492426129,0.08423165122861907,-0.0042620863043577855,0.9460156292502399,0.8952380952380953,0.8952380952380953,0.02846480008672048,6.904761904761905,0.37142857142857144,0.11653308413315826,0.6000507823944806,0.9987582656893352,0.9991247043564506,-0.0016549458360314191,-0.009431000011228563,-0.001700313065813375,0.6666666666666666,0.8445968124385953,0,0
20,0.5,105,9,0.05630724727319262,0.08423165122861907,-0.02792440395542646,0.7212863452359112,4.6571428571428575,4.6571428571428575,0.1687202124073323,8.428571428571429,1.8952380952380952,0.1640760974820151,0.5204505835151823,0.9155203491925916,0.9890488860914015,-0.016461937309435844,-0.05339622763035786,-0.013915046926485666,0.0,0.33575348519327614,0,0
20,0.75,105,9,0.07156911236232405,0.08423165122861907,-0.012662538866295028,0.8485416434195477,2.4952380952380953,2.4952380952380953,0.0844632513655966,7.609523809523809,1.0761904761904761,0.1388556046615998,0.5640347984556032,0.9810939433248206,0.9963231683724072,-0.007862637714899288,-0.023688818628846725,-0.006436160255139069,0.0,0.5240329222214674,0,0
20,0.9,105,9,0.07942855356547265,0.08423165122861907,-0.004803097663146415,0.9339586076834553,1.1047619047619048,1.1047619047619048,0.0355372378915339,6.866666666666666,0.3333333333333333,0.11402966729048929,0.5949593556073542,0.9972441767088265,0.9990465836139901,-0.0030617762019362186,-0.008884621867452008,-0.002462894920051017,0.0,0.7071756650470303,0,0
21,0.5,105,9,0.07411499479346126,0.08423165122861907,-0.010116656435157809,0.7479193584607253,4.161904761904762,4.161904761904762,0.14962020093803977,8.752380952380953,2.219047619047619,0.18088363509743932,0.5208785505130465,0.9208877603125715,0.991603498403252,-0.008413189481595605,-0.009977747723825314,-0.011959032100052511,0.0,0.531118648078849,0,0
21,0.75,105,9,0.08000301856628743,0.08423165122861907,-0.004228632662331652,0.8697031915882164,2.085714285714286,2.085714285714286,0.07208844092915112,7.695238095238095,1.161904761904762,0.1474015325982612,0.5658559752391117,0.9841184357337724,0.9971078158890013,-0.003511776250616679,-0.004007651657649852,-0.005166470078728423,0.0,0.7140941670179817,0,0
21,0.9,105,9,0.08268811567559525,0.08423165122861907,-0.0015435355530238114,0.9480337126692229,0.9142857142857143,0.9142857142857143,0.02729038614806483,6.876190476190477,0.34285714285714286,0.11207413362081348,0.5945707550044032,0.9978206218809303,0.9992107270923932,-0.0012815115647852662,-0.0014345144462856267,-0.0019145806480005412,1.0,0.9634125916283505,0,0
22,0.5,105,9,0.056474505655466495,0.08423165122861907,-0.02775714557315257,0.737403874655476,4.314285714285714,4.314285714285714,0.15659117774075768,8.647619047619047,2.1142857142857143,0.17162710973767495,0.519874613494434,0.9059752091277214,0.9892136426555056,-0.014301342266108028,-0.05751634457074654,-0.011453749882603151,0.0,0.3493161786021585,0,0
22,0.75,105,9,0.0716367697609609,0.08423165122861907,-0.012594881467658183,0.8651687096404758,2.1714285714285713,2.1714285714285713,0.07440441887354247,7.761904761904762,1.2285714285714286,0.14529751526150278,0.5705641755907191,0.9800933768985467,0.9961558164121679,-0.006409276415810432,-0.026487592455819234,-0.004887775531344884,0.0,0.532851680816966,0,0
22,0.9,105,9,0.07945477675108531,0.08423165122861907,-0.004776874477533765,0.9438434323006031,0.9714285714285714,0.9714285714285714,0.029718397814980053,6.9523809523809526,0.41904761904761906,0.11440718956639065,0.5917601835188779,0.99718956032874,0.9989251313365811,-0.0024155221302948255,-0.010121543531487665,-0.0017935577708188034,0.3333333333333333,0.7641853785619847,0,0
23,0.5,105,9,0.06215649544861365,0.08423165122861907,-0.02207515578000542,0.7787521779415226,3.5238095238095237,3.5238095238095237,0.1289032237635192,8.323809523809524,1.7904761904761906,0.1639309676793032,0.5333355747522279,0.9559414722368529,0.9918158576660234,-0.012437007583855983,-0.04198469220237366,-0.011803767553786622,0.0,0.4199712956960797,0,0
23,0.75,105,9,0.07497944561557551,0.08423165122861907,-0.009252205613043575,0.8919671293467155,1.6952380952380952,1.6952380952380952,0.058595555859318235,7.466666666666667,0.9333333333333333,0.13243256656159308,0.5692435313611556,0.9924374935980674,0.9972072720138638,-0.005549200052010682,-0.017342980358850072,-0.0048644364282699705,0.0,0.6178314812158457,0,0
23,0.9,105,9,0.08085217672821185,0.08423165122861907,-0.003379474500407222,0.9561844442826067,0.7047619047619048,0.7047619047619048,0.02307137511474341,6.771428571428571,0.23809523809523808,0.10784754767560321,0.6008257312529491,0.9990200388764033,0.999268799932424,-0.0020828686437039667,-0.006294439087383766,-0.001761115770133934,0.3333333333333333,0.8336821336269963,0,0
24,0.5,105,9,0.06462104956933983,0.08423165122861907,-0.019610601659279255,0.7394820159727183,4.190476190476191,4.190476190476191,0.1556310912195657,8.761904761904763,2.2285714285714286,0.18150557185297517,0.5165155169761303,0.9202496108853548,0.9910816807267652,-0.012840536897834154,-0.035021865574780084,-0.010969402505223519,0.0,0.4167362189918717,0,0
24,0.75,105,9,0.07548531624168424,0.08423165122861907,-0.008746334986934837,0.8611188501030017,2.104761904761905,2.104761904761905,0.07710065213145023,7.628571428571429,1.0952380952380953,0.1407637816112572,0.5630613126861502,0.9840248462326266,0.9966511692225527,-0.005867004082496351,-0.015705540127329397,-0.004666460750978762,0.0,0.6103253029586203,0,0
24,0.9,105,9,0.08093619989920417,0.08423165122861907,-0.0032954513294149,0.9415814002477965,0.8761904761904762,0.8761904761904762,0.031187058688052875,6.866666666666666,0.3333333333333333,0.11359900116236646,0.5938212779558543,0.9978027779340037,0.9990613181070092,-0.0022385287098870116,-0.005933749294553541,-0.001714075983804147,0.3333333333333333,0.8323145352299282,0,0
25,0.5,105,9,0.05785282861602871,0.08423165122861907,-0.026378822612590367,0.7172398501579621,4.761904761904762,4.761904761904762,0.17020916581967263,9.123809523809523,2.5904761904761906,0.1840650603884461,0.4966524319592362,0.9076003880631409,0.9893480446653369,-0.013529812026934207,-0.05123853134254958,-0.014368124468287315,0.0,0.34312803880803067,0,0
25,0.75,105,9,0.07267522591434433,0.08423165122861907,-0.01155642531427475,0.8484936182319261,2.466666666666667,2.466666666666667,0.08407948972729218,7.904761904761905,1.3714285714285714,0.1487781698308383,0.5551222634883463,0.9811143285768212,0.9957714389257647,-0.005998540574147607,-0.022217857263632217,-0.006452878105044431,0.0,0.5402265996375585,0,0
25,0.9,105,9,0.07992314600603384,0.08423165122861907,-0.004308505222585232,0.9414338340190826,1.0380952380952382,1.0380952380952382,0.031093689331250444,7.076190476190476,0.5428571428571428,0.11732482058114134,0.5935239503640556,0.9973994746047684,0.9986951628900584,-0.002246212549937114,-0.008240512300585362,-0.0024387908172332196,0.0,0.7310873196190413,0,0
26,0.5,105,9,0.058192406329096044,0.08423165122861907,-0.026039244899523036,0.7099098031964347,5.0285714285714285,5.0285714285714285,0.17658243091696946,9.238095238095237,2.704761904761905,0.1792717664587226,0.4939201653783797,0.9005580157500366,0.9864914535853251,-0.014436678177421803,-0.05008483677970691,-0.013596219741440397,0.0,0.34429238080738966,0,0
26,0.75,105,9,0.07266400397836746,0.08423165122861907,-0.011567647250251611,0.853889390363351,2.4857142857142858,2.4857142857142858,0.08121009902543057,7.933333333333334,1.4,0.13705862843272676,0.55811131433282,0.9776921585062742,0.9947870889600975,-0.006572012612240292,-0.02190576503141002,-0.006225164107104521,0.0,0.5368695803651066,0,0
26,0.9,105,9,0.07988604433692896,0.08423165122861907,-0.004345606891690125,0.9329873410392081,1.1428571428571428,1.1428571428571428,0.03580517833930633,7.085714285714285,0.5523809523809524,0.11734161292584587,0.5890382471090229,0.996761589758584,0.9984361818657423,-0.0024970748575986698,-0.00817088988641583,-0.0023688559310558743,0.0,0.7233061660357878,0,0
27,0.5,105,9,0.0585361695524895,0.08423165122861907,-0.02569548167612958,0.7540145042477261,4.152380952380953,4.152380952380953,0.14493708358737192,8.514285714285714,1.980952380952381,0.16261369062679876,0.515581523789052,0.9472582003833385,0.9894787681609607,-0.011994482881270066,-0.05276655925086618,-0.012325402896252488,0.0,0.3709161991231618,0,0
27,0.75,105,9,0.07339550031230588,0.08423165122861907,-0.010836150916313193,0.8807325610196997,1.9904761904761905,1.9904761904761905,0.065425304810391,7.495238095238095,0.9619047619047619,0.1325007038943074,0.5784330249330875,0.9906604478294622,0.9960292823355023,-0.004968028981801276,-0.022617190436447557,-0.004923233330690747,0.0,0.5797938639414902,0,0
27,0.9,105,9,0.08026070264970246,0.08423165122861907,-0.003970948578916611,0.9531659525938424,0.819047619047619,0.819047619047619,0.02457824802624556,6.847619047619047,0.3142857142857143,0.1106713381694425,0.5996395699718057,0.9987833953839796,0.9988489179718579,-0.0018016548257243244,-0.008353834497926838,-0.0017573564130986704,0.6666666666666666,0.8622731075329755,0,0
28,0.5,105,9,0.05398234580241279,0.08423165122861907,-0.030249305426206283,0.7187024585559515,4.942857142857143,4.942857142857143,0.16853531039571187,9.038095238095238,2.5047619047619047,0.16818755904432342,0.49874071346404764,0.9290956631519962,0.9842392015171826,-0.019450287028131747,-0.056993845031566424,-0.014303784218920671,0.0,0.3202303226685022,0,0
28,0.75,105,9,0.07085154249991424,0.08423165122861907,-0.013380108728704845,0.8561933909473205,2.5428571428571427,2.5428571428571427,0.07944095901482752,7.828571428571428,1.2952380952380953,0.1414727727617833,0.5706363611480769,0.9858511514320308,0.9936026278215563,-0.009199196171637591,-0.02469142031862216,-0.006249709695854787,0.0,0.514619449783672,0,0
28,0.9,105,9,0.07921970423821913,0.08423165122861907,-0.005011946990399946,0.9377109068687335,1.1523809523809523,1.1523809523809523,0.03301368760760112,6.9904761904761905,0.45714285714285713,0.11258661411805347,0.598527957518932,0.998062543461871,0.9979522596976532,-0.003557921034148452,-0.009149679686090756,-0.0023282402509606295,0.0,0.6971297124263552,0,0
29,0.5,105,9,0.04668546650255602,0.08423165122861907,-0.03754618472606307,0.6484991201801019,6.104761904761904,6.104761904761904,0.22040230791702686,9.6,3.066666666666667,0.189437160519031,0.4694953192618669,0.8728491887337336,0.9795454650731887,-0.018448492687454777,-0.07511022510092046,-0.019079836389813958,0.0,0.2713135378001238,0,0
29,0.75,105,9,0.06582626776099092,0.08423165122861907,-0.018405383467628166,0.7973866552611503,3.380952380952381,3.380952380952381,0.11564403159692944,8.295238095238096,1.7619047619047619,0.15634263450254166,0.5359006458133296,0.9678787304661322,0.9912834131707157,-0.008931540937948578,-0.037229663099612294,-0.009054946365323625,0.0,0.44624397596771515,0,0
29,0.9,105,9,0.07694709841857697,0.08423165122861907,-0.007284552810042107,0.8992450997035113,1.6476190476190475,1.6476190476190475,0.05463859843439186,7.352380952380952,0.819047619047619,0.1274763108801104,0.5840537333702613,0.9950536521522495,0.9969917792019529,-0.003507845946457868,-0.014828076724254369,-0.003517735759414086,0.0,0.6457981694328234,0,0
30,0.5,105,9,0.05243454559407709,0.08423165122861907,-0.03179710563454198,0.6430435770497872,6.3619047619047615,6.3619047619047615,0.22465585438039457,9.761904761904763,3.2285714285714286,0.18986557593604111,0.46053842821150537,0.9067642301603548,0.9761785073951758,-0.016552700640744256,-0.061241494210526055,-0.01759712205235563,0.0,0.2778603131156158,0,0
30,0.75,105,9,0.07010455906005492,0.08423165122861907,-0.014127092168564155,0.808289905519039,3.3714285714285714,3.3714285714285714,0.10855408072415659,8.323809523809524,1.7904761904761906,0.15671016945270885,0.5402144516689469,0.980283346477192,0.9902808545597225,-0.0074028769583810786,-0.027064081170015266,-0.00791431837729612,0.0,0.48363390549797614,0,0
30,0.9,105,9,0.0789322124653769,0.08423165122861907,-0.005299438763242189,0.9111469967459903,1.542857142857143,1.542857142857143,0.04774616388169856,7.228571428571429,0.6952380952380952,0.12146518090216625,0.583583707450948,0.997230170250931,0.9968280716956042,-0.0027863019974783236,-0.01012394581031271,-0.002988068481935532,0.0,0.6755230353229303,0,0
31,0.5,105,9,0.039504887476106795,0.08423165122861907,-0.04472676375251228,0.5493697171715377,8.81904761904762,8.81904761904762,0.2990068941852024,11.276190476190477,4.742857142857143,0.231672674528932,0.39086676980298474,0.8587032495497291,0.9371146824488548,-0.023232512897906288,-0.0873867707953095,-0.023561007564321043,0.0,0.21978542306397064,0,0
31,0.75,105,9,0.06102922194397536,0.08423165122861907,-0.02320242928464372,0.7439336849911501,4.780952380952381,4.780952380952381,0.1505644012574648,9.228571428571428,2.6952380952380954,0.1837897897862431,0.5032384677771273,0.9635966303318918,0.9729046978713661,-0.012578327236871337,-0.04453466082678917,-0.012494299790270646,0.0,0.39064500760532445,0,0
31,0.9,105,9,0.07471045747216358,0.08423165122861907,-0.009521193756455501,0.8760591582976927,2.2476190476190476,2.2476190476190476,0.06749832952586941,7.695238095238095,1.161904761904762,0.13607533136588082,0.5726391104194763,0.9943649424839188,0.9907818136982418,-0.005302929137817716,-0.01806729942816701,-0.005193352703381777,0.0,0.6002426431477784,0,0
