partner_layer,alpha,task,states,episodes,target_control_states,target_response,target_response_change,mask_jaccard_l11,mean_lost_l11_tokens,components,component_change_l11,score_cosine_l11,rank_correlation_l11
0,0.5,close_drawer,15,5,0,,,0.7489925779450838,3.8666666666666667,4.8,0.6,0.8440632788712921,0.8068819619287402
0,0.5,move_near,30,10,3,0.00912464854738398,-0.032891210651765417,0.7352335974926925,6.433333333333334,8.766666666666667,0.13333333333333333,0.8497369552266476,0.8410069762340732
0,0.5,open_drawer,30,10,3,0.008059408937488884,-0.030674189023555305,0.7061048945201427,6.166666666666667,5.733333333333333,0.0,0.8518930540685378,0.7979603456168457
0,0.5,pick_coke_can,30,10,3,0.03752336130042039,-0.13442213522524327,0.7371390645717845,4.233333333333333,6.166666666666667,-0.23333333333333334,0.8200160489715284,0.883819261654078
0,0.75,close_drawer,15,5,0,,,0.8789382377461227,2.0,4.333333333333333,0.13333333333333333,0.9583267466806118,0.86232051575494
0,0.75,move_near,30,10,3,0.019037295761222515,-0.02297856343792688,0.8666531486870798,3.1666666666666665,8.766666666666667,0.13333333333333333,0.95514950103011,0.8904476853971158
0,0.75,open_drawer,30,10,3,0.01703972394177747,-0.02169387401926672,0.848469077753896,3.0,5.233333333333333,-0.5,0.9594498672555257,0.8529021229114214
0,0.75,pick_coke_can,30,10,3,0.07825100399376089,-0.09369449253190276,0.8674491215021423,2.2666666666666666,6.466666666666667,0.06666666666666667,0.9513918105648335,0.9106252145799953
0,0.9,close_drawer,15,5,0,,,0.9542500415552232,0.7333333333333333,4.266666666666667,0.06666666666666667,0.9933472351535133,0.921652218280308
0,0.9,move_near,30,10,3,0.02992905219752372,-0.012086807001625675,0.9360852348435496,1.5333333333333334,8.5,-0.13333333333333333,0.9923407800417119,0.9399827859159227
0,0.9,open_drawer,30,10,3,0.027197520415604543,-0.011536077545439644,0.9317186270381368,1.3666666666666667,5.3,-0.43333333333333335,0.9933659333907856,0.9136172703517201
0,0.9,pick_coke_can,30,10,3,0.12279373013602274,-0.049151766389640916,0.9556181713926903,0.8,6.166666666666667,-0.23333333333333334,0.9923221065790606,0.9414981975280382
1,0.5,close_drawer,15,5,0,,,0.706481555270665,4.533333333333333,4.533333333333333,0.3333333333333333,0.9239332331608833,0.7681381132219424
1,0.5,move_near,30,10,3,0.015086058530200985,-0.02692980066894841,0.7051682751841937,7.233333333333333,9.233333333333333,0.6,0.9145569180346531,0.8420211766613258
1,0.5,open_drawer,30,10,3,0.01532017260117765,-0.02341342535986654,0.6707461100944621,6.966666666666667,6.433333333333334,0.7,0.9225452059975865,0.8077671044098572
1,0.5,pick_coke_can,30,10,3,0.06033219507299906,-0.11161330145266457,0.7479288561955201,4.433333333333334,7.033333333333333,0.6333333333333333,0.9023151330464678,0.8945075865949491
1,0.75,close_drawer,15,5,0,,,0.8431897021857032,2.1333333333333333,4.2,0.0,0.9855869874957849,0.8611067559319445
1,0.75,move_near,30,10,3,0.026237993345288462,-0.015777865853860935,0.8594777323878147,3.3,8.7,0.06666666666666667,0.980966094943099,0.9012331435492484
1,0.75,open_drawer,30,10,3,0.025705951031781343,-0.013027646929262851,0.8318151166119208,3.4,6.1,0.36666666666666664,0.984953984008585,0.8845766575112533
1,0.75,pick_coke_can,30,10,3,0.10625285186280271,-0.06569264466286094,0.8931070510866467,2.2666666666666666,6.633333333333334,0.23333333333333334,0.9801900135917376,0.9285986257343402
1,0.9,close_drawer,15,5,0,,,0.9352845119160693,0.9333333333333333,3.8666666666666667,-0.3333333333333333,0.9980601039920854,0.9394760910200655
1,0.9,move_near,30,10,3,0.034962768188509165,-0.0070530910106402335,0.9330032465203125,1.5333333333333334,8.566666666666666,-0.06666666666666667,0.9972278294595657,0.9509945305943389
1,0.9,open_drawer,30,10,3,0.03314485999354378,-0.00558873796750041,0.9319595429047064,1.4,5.8,0.06666666666666667,0.9979353640000391,0.9477450980392156
1,0.9,pick_coke_can,30,10,3,0.1425097463229266,-0.02943575020273705,0.9650701308132734,0.7333333333333333,6.5,0.1,0.9972640170804854,0.9602824826428625
2,0.5,close_drawer,15,5,0,,,0.8821333576205866,1.9333333333333333,4.2,0.0,0.9926134524042405,0.9799907492179749
2,0.5,move_near,30,10,3,0.03515496834135496,-0.006860890857794434,0.8566957201970303,3.3333333333333335,8.833333333333334,0.2,0.9905209432728461,0.9591700045777066
2,0.5,open_drawer,30,10,3,0.03638980789750083,-0.0023437900635433586,0.8443383850245427,2.9,5.9,0.16666666666666666,0.9921578508908837,0.9829048886091399
2,0.5,pick_coke_can,30,10,3,0.14852713782300894,-0.023418358702654712,0.88646729703322,2.033333333333333,6.7,0.3,0.9931129133971481,0.9731787880521858
2,0.75,close_drawer,15,5,0,,,0.9322894108817525,1.0,4.066666666666666,-0.13333333333333333,0.999113119663561,0.99334177347982
2,0.75,move_near,30,10,3,0.03944022037592242,-0.002575638823226971,0.9407055276802461,1.4666666666666666,8.6,-0.03333333333333333,0.9987807982874186,0.9842070315480277
2,0.75,open_drawer,30,10,3,0.03791778136820194,-0.0008158165928422549,0.9373527963775026,1.2,5.866666666666666,0.13333333333333333,0.9990609183507535,0.9942867837796594
2,0.75,pick_coke_can,30,10,3,0.1633460555552226,-0.008599440970441042,0.966424209935107,0.7,6.5,0.1,0.9991737754908164,0.9897802700846874
2,0.9,close_drawer,15,5,0,,,0.9750385393649151,0.3333333333333333,4.133333333333334,-0.06666666666666667,0.9998991422843633,0.9983972781719691
2,0.9,move_near,30,10,3,0.04111943306459088,-0.0008964261345585136,0.9824309624076965,0.43333333333333335,8.6,-0.03333333333333333,0.9998578214649482,0.9954467555504689
2,0.9,open_drawer,30,10,3,0.03845758993897095,-0.000276008022073231,0.979131683640008,0.43333333333333335,5.633333333333334,-0.1,0.9998933520453145,0.9983237726024261
2,0.9,pick_coke_can,30,10,3,0.16897832633468216,-0.0029671701909815044,0.9867035037960628,0.23333333333333334,6.366666666666666,-0.03333333333333333,0.9999059916678606,0.9971489471274889
3,0.5,close_drawer,15,5,0,,,0.8645073531601047,1.7333333333333334,4.066666666666666,-0.13333333333333333,0.9920947118896334,0.9810808632791637
3,0.5,move_near,30,10,3,0.0374667664750713,-0.004549092724078095,0.8821580683973214,2.6,8.3,-0.3333333333333333,0.9941613742923026,0.9837270160982678
3,0.5,open_drawer,30,10,3,0.03443569154781581,-0.00429790641322838,0.8523912057663818,2.7333333333333334,5.733333333333333,0.0,0.9926052552170781,0.9836254243915462
3,0.5,pick_coke_can,30,10,3,0.150622714267068,-0.02132278225859564,0.9393281793267882,1.1666666666666667,6.5,0.1,0.9973136731347242,0.9883907930876631
3,0.75,close_drawer,15,5,0,,,0.9449009057185095,0.7333333333333333,3.933333333333333,-0.26666666666666666,0.9990135645866708,0.9943553063248645
3,0.75,move_near,30,10,3,0.040343416030175924,-0.0016724431689734698,0.9426651428234317,1.2666666666666666,8.466666666666667,-0.16666666666666666,0.9992673966235597,0.9953083514534217
3,0.75,open_drawer,30,10,3,0.03717856737176597,-0.0015550305892782213,0.9314635901175266,1.2666666666666666,5.433333333333334,-0.3,0.9990776273777467,0.9952354657816432
3,0.75,pick_coke_can,30,10,3,0.1641797082684992,-0.007765788257164438,0.9750452364899901,0.4666666666666667,6.4,0.0,0.9996746062193188,0.9966347657740137
3,0.9,close_drawer,15,5,0,,,0.9696337618239147,0.3333333333333333,4.066666666666666,-0.13333333333333333,0.9998861763209,0.9986624513618676
3,0.9,move_near,30,10,3,0.041438555108138576,-0.000577304091010813,0.9796605506198122,0.4,8.6,-0.03333333333333333,0.9999152171978901,0.9990052309834438
3,0.9,open_drawer,30,10,3,0.03820004735902143,-0.0005335506020227634,0.9681844766958398,0.6333333333333333,5.733333333333333,0.0,0.9998935890474265,0.9989079308766305
3,0.9,pick_coke_can,30,10,3,0.16927433920894333,-0.002671157316720296,0.9896658312447786,0.13333333333333333,6.466666666666667,0.06666666666666667,0.9999627909180078,0.9992370965896085
4,0.5,close_drawer,15,5,0,,,0.8764541381504446,1.4666666666666666,4.133333333333334,-0.06666666666666667,0.994550032241176,0.9816987106126496
4,0.5,move_near,30,10,3,0.03476638352674217,-0.0072494756724072245,0.8810124590611408,2.566666666666667,8.7,0.06666666666666667,0.9910163971121473,0.9809390497444113
4,0.5,open_drawer,30,10,3,0.03183773842655461,-0.006895859534489582,0.8460704067697985,2.9,6.233333333333333,0.5,0.9917026114156114,0.9822716868848703
4,0.5,pick_coke_can,30,10,3,0.13831948151229614,-0.033626015013367504,0.8531103185655188,2.466666666666667,7.0,0.6,0.9894242665598693,0.970833357175555
4,0.75,close_drawer,15,5,0,,,0.9597738178463238,0.5333333333333333,4.0,-0.2,0.9993261837094194,0.9940166514076446
4,0.75,move_near,30,10,3,0.03926373800143124,-0.0027521211977181528,0.9438823889884351,1.2,8.433333333333334,-0.2,0.9987915801170916,0.9937119716563667
4,0.75,open_drawer,30,10,3,0.03613369091156909,-0.002599907049475102,0.9464048135855363,1.0333333333333334,5.8,0.06666666666666667,0.9989175970562509,0.9940945677882047
4,0.75,pick_coke_can,30,10,3,0.15893748294890145,-0.013008013576762201,0.9499461269485996,1.0333333333333334,6.433333333333334,0.03333333333333333,0.9986341364039318,0.9880188544289311
4,0.9,close_drawer,15,5,0,,,0.975982968173121,0.26666666666666666,4.133333333333334,-0.06666666666666667,0.9999223985470267,0.9984219787136642
4,0.9,move_near,30,10,3,0.04105378353166352,-0.0009620756674858765,0.9695106330620635,0.6,8.566666666666666,-0.06666666666666667,0.9998566688986662,0.9983247024490729
4,0.9,open_drawer,30,10,3,0.037827391388831295,-0.0009062065722128948,0.9709012977853024,0.5666666666666667,5.8,0.06666666666666667,0.9998728580669635,0.9982376544975966
4,0.9,pick_coke_can,30,10,3,0.16736212388508942,-0.004583372640574225,0.9859283858697147,0.26666666666666666,6.433333333333334,0.03333333333333333,0.9998406143141808,0.9962413452735178
5,0.5,close_drawer,15,5,0,,,0.8119697111869787,2.6,5.2,1.0,0.9764132348006724,0.9703328374151216
5,0.5,move_near,30,10,3,0.03249778375350818,-0.009518075445641217,0.8401154322107461,3.5,9.233333333333333,0.6,0.9828574382792746,0.9781643635080488
5,0.5,open_drawer,30,10,3,0.028218247113118353,-0.010515350847925839,0.7974363707758652,3.8333333333333335,6.766666666666667,1.0333333333333334,0.9745809069772904,0.9721139467460135
5,0.5,pick_coke_can,30,10,3,0.1216465048423288,-0.05029899168333483,0.7974071020087926,3.0,7.233333333333333,0.8333333333333334,0.9769816297670351,0.9698210641260392
5,0.75,close_drawer,15,5,0,,,0.9251332433207778,1.1333333333333333,4.333333333333333,0.13333333333333333,0.99675697835348,0.9893557354848551
5,0.75,move_near,30,10,3,0.03824780930778691,-0.0037680498913624885,0.9433831132163627,1.2666666666666666,8.866666666666667,0.23333333333333334,0.9975783129619307,0.9915102855344472
5,0.75,open_drawer,30,10,3,0.0343096548631372,-0.004423943097906983,0.9043990102715876,1.8333333333333333,6.366666666666666,0.6333333333333333,0.9963895318927652,0.989841067750057
5,0.75,pick_coke_can,30,10,3,0.15108271332678969,-0.020862783198873972,0.9310870106027046,1.2,6.7,0.3,0.9968689403329128,0.9873580195696955
5,0.9,close_drawer,15,5,0,,,0.9674981196882726,0.4,4.2,0.0,0.9996138080675581,0.996603770885786
5,0.9,move_near,30,10,3,0.04067559004882531,-0.001340269150324087,0.9782800569289828,0.4,8.733333333333333,0.1,0.9997078148354028,0.9968966487373159
5,0.9,open_drawer,30,10,3,0.037118818031590034,-0.0016147799294541527,0.9692896092746167,0.6666666666666666,5.7,-0.03333333333333333,0.9995630518706161,0.9967100118257418
5,0.9,pick_coke_can,30,10,3,0.1643739665075485,-0.007571530018115132,0.9753032222318468,0.4666666666666667,6.5,0.1,0.9996287119691993,0.9955282721065078
6,0.5,close_drawer,15,5,0,,,0.8920067623008802,1.5333333333333334,4.133333333333334,-0.06666666666666667,0.9913577161451996,0.9877897783627068
6,0.5,move_near,30,10,3,0.03772071364713278,-0.004295145552016611,0.8715488624947749,2.466666666666667,8.933333333333334,0.3,0.983216912658144,0.9869968575951781
6,0.5,open_drawer,30,10,3,0.029919220203221974,-0.008814377757822218,0.8610335046950459,2.3333333333333335,6.133333333333334,0.4,0.9826288060090086,0.987092822537575
6,0.5,pick_coke_can,30,10,3,0.1197512037299177,-0.052194292795745965,0.8282473409996024,2.3,6.933333333333334,0.5333333333333333,0.9814657025440613,0.9736507686732278
6,0.75,close_drawer,15,5,0,,,0.9527922077922079,0.6,3.933333333333333,-0.26666666666666666,0.9987551083764608,0.9970927748531317
6,0.75,move_near,30,10,3,0.04037240882939839,-0.0016434503697510007,0.940928416671326,0.9333333333333333,8.666666666666666,0.03333333333333333,0.9973666350592685,0.9963019283588918
6,0.75,open_drawer,30,10,3,0.03538734892298595,-0.0033462490380582375,0.9339466058337001,1.0666666666666667,5.7,-0.03333333333333333,0.9972022651462956,0.9966624942778666
6,0.75,pick_coke_can,30,10,3,0.14888078329118817,-0.02306471323447547,0.9289525246130277,1.0,6.433333333333334,0.03333333333333333,0.9969836380798652,0.9896506876096739
6,0.9,close_drawer,15,5,0,,,0.9802840434419383,0.2,4.133333333333334,-0.06666666666666667,0.999848257233434,0.9994845788509955
6,0.9,move_near,30,10,3,0.04143954106531384,-0.0005763181338355553,0.9779480047860433,0.3333333333333333,8.633333333333333,0.0,0.9996683818278819,0.9991963502326998
6,0.9,open_drawer,30,10,3,0.03756394232814194,-0.001169655632902256,0.9715814499462907,0.4666666666666667,5.633333333333334,-0.1,0.9996374845328008,0.9992826352330813
6,0.9,pick_coke_can,30,10,3,0.16330897246151552,-0.008636524064148133,0.9808687573262151,0.3333333333333333,6.4,0.0,0.9996137244036482,0.9970845731288623
7,0.5,close_drawer,15,5,0,,,0.8494346123041042,2.2,4.333333333333333,0.13333333333333333,0.9749437969177575,0.9720153830014495
7,0.5,move_near,30,10,3,0.045944185702976724,0.00392832650382733,0.8430242816525978,3.1333333333333333,9.0,0.36666666666666664,0.980239431539948,0.9767354514763101
7,0.5,open_drawer,30,10,3,0.02806444515888884,-0.01066915280215535,0.8164206084519211,3.3333333333333335,6.766666666666667,1.0333333333333334,0.9778444182485765,0.9709380483710992
7,0.5,pick_coke_can,30,10,3,0.15971193613856158,-0.012233560387102063,0.8314528938178364,2.3,7.033333333333333,0.6333333333333333,0.980949680863351,0.975231221866178
7,0.75,close_drawer,15,5,0,,,0.9419187027363065,0.8,4.2,0.0,0.995848018107301,0.99098244258793
7,0.75,move_near,30,10,3,0.04366154022185329,0.0016456810227038973,0.9353813888534964,1.1666666666666667,8.6,-0.03333333333333333,0.9967300134692585,0.9922487029831387
7,0.75,open_drawer,30,10,3,0.034503642902441234,-0.0042299550586029555,0.9175574585504226,1.4666666666666666,6.333333333333333,0.6,0.9963163499163646,0.9904546950102999
7,0.75,pick_coke_can,30,10,3,0.16707678899662537,-0.004868707529038276,0.9219792944900235,1.1333333333333333,6.633333333333334,0.23333333333333334,0.9969465416352757,0.9908184081025407
7,0.9,close_drawer,15,5,0,,,0.967902160092313,0.4,4.066666666666666,-0.13333333333333333,0.9994650985724876,0.9977725642786294
7,0.9,move_near,30,10,3,0.0426156894679754,0.0005998302688260104,0.9729404564832664,0.4666666666666667,8.633333333333333,0.0,0.999579580762223,0.997980802243076
7,0.9,open_drawer,30,10,3,0.037227976029941795,-0.0015056219311023907,0.9692574526146129,0.5333333333333333,5.9,0.16666666666666666,0.9995224748814332,0.9973796683070112
7,0.9,pick_coke_can,30,10,3,0.17021034308504016,-0.0017351534406234899,0.974866314971578,0.3333333333333333,6.333333333333333,-0.06666666666666667,0.9996133973565801,0.9973486972610054
8,0.5,close_drawer,15,5,0,,,0.8173066573066573,2.466666666666667,4.666666666666667,0.4666666666666667,0.9798244693649842,0.9800517376211182
8,0.5,move_near,30,10,3,0.04445281873354009,0.002436959534390694,0.8527283622960034,2.933333333333333,9.0,0.36666666666666664,0.9774365469959764,0.9813697356374455
8,0.5,open_drawer,30,10,3,0.023204844467860797,-0.015528753493183394,0.7810889744815385,4.133333333333334,6.633333333333334,0.9,0.9524816917503542,0.968469543945983
8,0.5,pick_coke_can,30,10,3,0.1330175925745005,-0.03892790395116316,0.8206643691648285,2.433333333333333,6.933333333333334,0.5333333333333333,0.9751462806486402,0.9789307955672538
8,0.75,close_drawer,15,5,0,,,0.9155367707919564,1.2,4.133333333333334,-0.06666666666666667,0.9961393180279515,0.9933195048447393
8,0.75,move_near,30,10,3,0.04310757311930569,0.001091713920156288,0.9327665771897072,1.3333333333333333,8.566666666666666,-0.06666666666666667,0.9954154301048193,0.9931116483558403
8,0.75,open_drawer,30,10,3,0.03120284505914686,-0.007530752901897334,0.8901706932447875,1.9333333333333333,6.066666666666666,0.3333333333333333,0.9893739223704388,0.9884881408789193
8,0.75,pick_coke_can,30,10,3,0.15370174263754532,-0.01824375388811834,0.9029920031818698,1.3333333333333333,6.633333333333334,0.23333333333333334,0.9948346534272621,0.9908191472114135
8,0.9,close_drawer,15,5,0,,,0.9674981196882726,0.4,4.066666666666666,-0.13333333333333333,0.9994667177405777,0.9984111543450063
8,0.9,move_near,30,10,3,0.04242653464343873,0.0004106754442893337,0.9638746534318415,0.7,8.533333333333333,-0.1,0.9993495560658927,0.9981215905622951
8,0.9,open_drawer,30,10,3,0.03577703265964997,-0.0029565653013942186,0.9609020940765531,0.7333333333333333,5.8,0.06666666666666667,0.9983974479348571,0.9966782539864194
8,0.9,pick_coke_can,30,10,3,0.1649075590101017,-0.007037937515561944,0.9683863720255228,0.5333333333333333,6.333333333333333,-0.06666666666666667,0.9992606223593287,0.9967653019378957
9,0.5,close_drawer,15,5,0,,,0.8104089809972164,2.933333333333333,4.666666666666667,0.4666666666666667,0.9736937972743065,0.9707795929655908
9,0.5,move_near,30,10,3,0.05055809059055621,0.008542231391406809,0.8503092631850376,2.933333333333333,9.533333333333333,0.9,0.9806987907197123,0.9755715457389179
9,0.5,open_drawer,30,10,3,0.02473101961366848,-0.014002578347375708,0.7947089769399256,3.7333333333333334,6.433333333333334,0.7,0.9744669888844436,0.9736067797741662
9,0.5,pick_coke_can,30,10,3,0.12579074646177604,-0.046154750063887584,0.8490239257881534,2.1333333333333333,7.2,0.8,0.974638246979933,0.9775828755626762
9,0.75,close_drawer,15,5,0,,,0.902134959121044,1.4,4.266666666666667,0.06666666666666667,0.9952915691044203,0.9879305905241471
9,0.75,move_near,30,10,3,0.04571084838058562,0.003694989181436223,0.9292793366741129,1.2333333333333334,8.766666666666667,0.13333333333333333,0.9964902546181554,0.9900817549782556
9,0.75,open_drawer,30,10,3,0.0323139580146503,-0.006419639946393891,0.9033104084450574,1.6666666666666667,6.3,0.5666666666666667,0.9955505133860425,0.9888177834363314
9,0.75,pick_coke_can,30,10,3,0.15143185448022467,-0.02051364204543897,0.9210966089012758,1.1666666666666667,6.7,0.3,0.9955424317922358,0.9893402618829631
9,0.9,close_drawer,15,5,0,,,0.9705373058314236,0.4,4.133333333333334,-0.06666666666666667,0.9993693038036902,0.9957258525978483
9,0.9,move_near,30,10,3,0.043383346367957716,0.001367487168808329,0.9611860692951512,0.6333333333333333,8.7,0.06666666666666667,0.9995285903615804,0.9968006837949184
9,0.9,open_drawer,30,10,3,0.036293058122647326,-0.0024405398383968643,0.9643781752105683,0.6,5.833333333333333,0.1,0.9994109026374767,0.9955828707942317
9,0.9,pick_coke_can,30,10,3,0.16425117870933928,-0.007694317816324371,0.9615726131813013,0.5,6.366666666666666,-0.03333333333333333,0.9994123138136886,0.9959853274967574
10,0.5,close_drawer,15,5,0,,,0.7836439801145683,2.6666666666666665,4.8,0.6,0.9716332322754042,0.982711003662165
10,0.5,move_near,30,10,3,0.03340590083692369,-0.008609958362225697,0.846471679509231,2.966666666666667,8.7,0.06666666666666667,0.9824618541366568,0.9869222552834364
10,0.5,open_drawer,30,10,3,0.01914636144851638,-0.01958723651252781,0.7973706171237941,3.8333333333333335,6.1,0.36666666666666664,0.9643090273531525,0.9798457885099564
10,0.5,pick_coke_can,30,10,3,0.12725683174558425,-0.04468866478007938,0.8095770035994206,2.6,6.566666666666666,0.16666666666666666,0.9732321645905221,0.9835069523918514
10,0.75,close_drawer,15,5,0,,,0.9070956595804467,1.2666666666666666,4.466666666666667,0.26666666666666666,0.9941721218190536,0.9937365529869534
10,0.75,move_near,30,10,3,0.03791764965213742,-0.0040982095470119785,0.9203095688684465,1.4333333333333333,8.533333333333333,-0.1,0.9962651585559192,0.995498445487144
10,0.75,open_drawer,30,10,3,0.028938220225749767,-0.009795377735294429,0.8951895327983287,1.9666666666666666,6.033333333333333,0.3,0.9924092598620572,0.9924076590753032
10,0.75,pick_coke_can,30,10,3,0.15123794454299166,-0.020707551982672,0.9229663769626716,1.2,6.466666666666667,0.06666666666666667,0.9946103707742816,0.9931115053025099
10,0.9,close_drawer,15,5,0,,,0.9474417498073413,0.6666666666666666,4.066666666666666,-0.13333333333333333,0.9991682259788662,0.9981202792401007
10,0.9,move_near,30,10,3,0.04042177543430795,-0.0015940837648414409,0.9716820907888106,0.4666666666666667,8.7,0.06666666666666667,0.9994566561572946,0.9987942988479437
10,0.9,open_drawer,30,10,3,0.03482016650256459,-0.003913431458479601,0.959015098626109,0.7666666666666667,5.733333333333333,0.0,0.9989002381116999,0.997628747997253
10,0.9,pick_coke_can,30,10,3,0.16400721559278533,-0.007938280932878322,0.9799625857818002,0.36666666666666664,6.366666666666666,-0.03333333333333333,0.9992389045230501,0.9978876506828409
12,0.5,close_drawer,15,5,0,,,0.8010645409165006,2.2666666666666666,4.6,0.4,0.9762788239608954,0.9881037804226748
12,0.5,move_near,30,10,3,0.030756820978872754,-0.011259038220276641,0.8179326427669629,3.533333333333333,9.233333333333333,0.6,0.968899049001106,0.989521748874647
12,0.5,open_drawer,30,10,3,0.02120464771314684,-0.017528950247897346,0.8426203183398983,2.9,5.7,-0.03333333333333333,0.9633635706911937,0.988502660791943
12,0.5,pick_coke_can,30,10,3,0.12716587269076318,-0.044779623834900466,0.8255051016481219,2.2,7.0,0.6,0.9726945859555215,0.9900977054245821
12,0.75,close_drawer,15,5,0,,,0.9093215771156948,1.2666666666666666,4.2,0.0,0.9947101908096491,0.9962879568169679
12,0.75,move_near,30,10,3,0.0362170919032721,-0.0057987672958772956,0.9079036734510755,1.5666666666666667,8.6,-0.03333333333333333,0.9916522209980949,0.9965373702983136
12,0.75,open_drawer,30,10,3,0.02984359643596003,-0.008890001525084163,0.9114383358170991,1.6333333333333333,5.566666666666666,-0.16666666666666666,0.9909143126408166,0.9965081397344928
12,0.75,pick_coke_can,30,10,3,0.15001041461451906,-0.02193508191114459,0.9337568790255885,0.9666666666666667,6.833333333333333,0.43333333333333335,0.9938501279134525,0.9964388065537498
12,0.9,close_drawer,15,5,0,,,0.9504401693222894,0.6666666666666666,4.133333333333334,-0.06666666666666667,0.9992133356820556,0.9991895075150681
12,0.9,move_near,30,10,3,0.03964644326027286,-0.002369415938876534,0.9564676963532531,0.7666666666666667,8.466666666666667,-0.16666666666666666,0.9986169541907286,0.9991968270771341
12,0.9,open_drawer,30,10,3,0.035146834965534134,-0.003586762995510051,0.9591331224216585,0.8,5.866666666666666,0.13333333333333333,0.9985596098373998,0.9992617256046386
12,0.9,pick_coke_can,30,10,3,0.16327243321676918,-0.00867306330889448,0.9754581893995181,0.3333333333333333,6.466666666666667,0.06666666666666667,0.9990797019151394,0.9991270408941785
13,0.5,close_drawer,15,5,0,,,0.8163898874979586,2.3333333333333335,4.666666666666667,0.4666666666666667,0.969518301825363,0.9829435606927597
13,0.5,move_near,30,10,3,0.03222630216678957,-0.009789557032359826,0.8190169529370727,3.466666666666667,8.966666666666667,0.3333333333333333,0.9651282439590311,0.9922295576791026
13,0.5,open_drawer,30,10,3,0.02137064914233493,-0.01736294881870926,0.7992174557660408,3.8,6.533333333333333,0.8,0.9658151916298627,0.9818872787441824
13,0.5,pick_coke_can,30,10,3,0.11571600233244723,-0.056229494193216406,0.8145687297653957,2.1666666666666665,6.766666666666667,0.36666666666666664,0.9691473181702133,0.9930484426260774
13,0.75,close_drawer,15,5,0,,,0.8917321163136775,1.1333333333333333,4.666666666666667,0.4666666666666667,0.9928711173570197,0.994593490119783
13,0.75,move_near,30,10,3,0.037264651202624205,-0.004751207996525189,0.9181869415898775,1.4666666666666666,8.6,-0.03333333333333333,0.9923500932168673,0.9977607385366594
13,0.75,open_drawer,30,10,3,0.030528253623657766,-0.008205344337386428,0.8906554464608366,1.8666666666666667,6.1,0.36666666666666664,0.9925079514276013,0.9942471103227281
13,0.75,pick_coke_can,30,10,3,0.14550657340426812,-0.02643892312139552,0.9324256431384332,0.8666666666666667,6.566666666666666,0.16666666666666666,0.9936966770311498,0.997733224612802
13,0.9,close_drawer,15,5,0,,,0.967037290195185,0.4,4.333333333333333,0.13333333333333333,0.9989105562256148,0.9987925822079803
13,0.9,move_near,30,10,3,0.040148322196657905,-0.0018675370024914862,0.9579137099208384,0.8,8.466666666666667,-0.16666666666666666,0.9988790605358963,0.999510256923781
13,0.9,open_drawer,30,10,3,0.03555417941223889,-0.003179418548805302,0.9647633730530949,0.6666666666666666,5.833333333333333,0.1,0.998891894622163,0.998710779545281
13,0.9,pick_coke_can,30,10,3,0.16171823422191517,-0.010227262303748486,0.9655158879733459,0.5,6.333333333333333,-0.06666666666666667,0.9991044986889598,0.9994718232623789
14,0.5,close_drawer,15,5,0,,,0.7288102992996095,3.2,4.0,-0.2,0.9266064461537857,0.9829330701152054
14,0.5,move_near,30,10,3,0.022495452048124462,-0.019520407151024932,0.7613197875224977,4.9,9.333333333333334,0.7,0.9440566161461132,0.9807751344701302
14,0.5,open_drawer,30,10,3,0.023254781810275196,-0.015478816150768992,0.7904146469860566,4.1,6.166666666666667,0.43333333333333335,0.9387894765911717,0.9797607433051042
14,0.5,pick_coke_can,30,10,3,0.1538467779343138,-0.018098718591349826,0.6943209467320703,4.0,7.6,1.2,0.9264896307050589,0.9767058394369418
14,0.75,close_drawer,15,5,0,,,0.8355144822462858,2.066666666666667,3.8,-0.4,0.9753990206429974,0.9934237907225147
14,0.75,move_near,30,10,3,0.03070206912499024,-0.011313790074159153,0.8448395260482459,2.966666666666667,8.733333333333333,0.1,0.9820933759033849,0.9923249980926222
14,0.75,open_drawer,30,10,3,0.030117999491633667,-0.008615598469410528,0.8729188352477902,2.433333333333333,5.8,0.06666666666666667,0.9800792861109046,0.9924320735103378
14,0.75,pick_coke_can,30,10,3,0.16146065350896793,-0.010484843016695713,0.8046505958591776,2.433333333333333,7.0,0.6,0.97860967262023,0.9888841601815822
14,0.9,close_drawer,15,5,0,,,0.9346903570812489,0.8,4.0,-0.2,0.9952311324579706,0.9981956206607154
14,0.9,move_near,30,10,3,0.03700620668532068,-0.0050096525138287095,0.9250672658404733,1.3666666666666667,8.5,-0.13333333333333333,0.996682335578395,0.997904721713588
14,0.9,open_drawer,30,10,3,0.035029166532044055,-0.003704431429000134,0.9363689095915756,1.2333333333333334,5.933333333333334,0.2,0.9962097284985921,0.9978511005569541
14,0.9,pick_coke_can,30,10,3,0.1673044636233214,-0.004641032902342228,0.923385081383413,1.0,6.566666666666666,0.16666666666666666,0.9962589867736962,0.9964747367818719
15,0.5,close_drawer,15,5,0,,,0.7838230113230114,2.6666666666666665,5.133333333333334,0.9333333333333333,0.9607639658561983,0.9791283283741511
15,0.5,move_near,30,10,3,0.022642671907135353,-0.01937318729201404,0.7427336145569589,5.333333333333333,10.3,1.6666666666666667,0.9410079985315997,0.9800719319829098
15,0.5,open_drawer,30,10,3,0.01909408105786008,-0.01963951690318411,0.7529151148004968,5.066666666666666,7.266666666666667,1.5333333333333334,0.9390198479901365,0.9720219634546423
15,0.5,pick_coke_can,30,10,3,0.10490205720425762,-0.06704343932140601,0.7661639620879371,3.1333333333333333,7.733333333333333,1.3333333333333333,0.9386385877762643,0.9802390897993438
15,0.75,close_drawer,15,5,0,,,0.8974344294366313,1.4666666666666666,4.733333333333333,0.5333333333333333,0.990777656930986,0.9917956530861372
15,0.75,move_near,30,10,3,0.03187921941080846,-0.010136639788340935,0.8529801383788715,2.966666666666667,9.233333333333333,0.6,0.9847191700969989,0.9921046959639885
15,0.75,open_drawer,30,10,3,0.028683322378940484,-0.010050275582103705,0.8620344539913037,2.6666666666666665,6.566666666666666,0.8333333333333334,0.9850884577815539,0.989190437361715
15,0.75,pick_coke_can,30,10,3,0.13852053063465228,-0.033424965891011384,0.8729596488279163,1.7666666666666666,7.3,0.9,0.9867310987349869,0.990999489776455
15,0.9,close_drawer,15,5,0,,,0.944267146632738,0.6666666666666666,4.2,0.0,0.9985817259137042,0.9974254692149231
15,0.9,move_near,30,10,3,0.037833052816468093,-0.004182806382681298,0.9248421451242952,1.4333333333333333,8.8,0.16666666666666666,0.9975346421508731,0.9975677834363315
15,0.9,open_drawer,30,10,3,0.0346555306292251,-0.004078067331819095,0.9428957852698275,1.1,5.9,0.16666666666666666,0.9977106915266868,0.996752093347066
15,0.9,pick_coke_can,30,10,3,0.15856247887339017,-0.01338301765227345,0.94124869395618,0.8,6.633333333333334,0.23333333333333334,0.9980839309961517,0.9968544718471045
16,0.5,close_drawer,15,5,0,,,0.6724508328763649,4.4,5.866666666666666,1.6666666666666667,0.9391007517122001,0.965262359807736
16,0.5,move_near,30,10,3,0.024293898791905372,-0.01772196040724402,0.7392547736343505,5.3,10.466666666666667,1.8333333333333333,0.9529364489704933,0.9891850967040512
16,0.5,open_drawer,30,10,3,0.019488316759739197,-0.019245281201304996,0.7238574979519815,5.766666666666667,7.8,2.066666666666667,0.9285742926507697,0.965642380979629
16,0.5,pick_coke_can,30,10,3,0.11872207517443188,-0.053223421351231766,0.7413581934477038,3.6333333333333333,7.766666666666667,1.3666666666666667,0.9436032303399994,0.978182507438773
16,0.75,close_drawer,15,5,0,,,0.8306935602523837,2.2,5.266666666666667,1.0666666666666667,0.9852901038491212,0.9851892595559624
16,0.75,move_near,30,10,3,0.03356236094075318,-0.008453498258396211,0.8622016242846701,2.6,9.366666666666667,0.7333333333333333,0.9898309270024066,0.9968250743877316
16,0.75,open_drawer,30,10,3,0.02847424875177185,-0.010259349209272337,0.8565564008882652,2.8666666666666667,6.766666666666667,1.0333333333333334,0.9843316983215689,0.9859349965667199
16,0.75,pick_coke_can,30,10,3,0.14572155922638516,-0.026223937299278476,0.8667395514411425,2.033333333333333,6.966666666666667,0.5666666666666667,0.987907865149894,0.9913883325703822
16,0.9,close_drawer,15,5,0,,,0.9321197988857649,0.9333333333333333,4.6,0.4,0.9977366818258393,0.9952203498130767
16,0.9,move_near,30,10,3,0.0387248173570622,-0.0032910418420871953,0.9388643889576586,1.1,8.766666666666667,0.13333333333333333,0.9985195444921894,0.9992937457083998
16,0.9,open_drawer,30,10,3,0.034481734117368476,-0.004251863843675714,0.9232669751838839,1.5,6.2,0.4666666666666667,0.9977348868102288,0.9953825484473942
16,0.9,pick_coke_can,30,10,3,0.16154103992936922,-0.010404456596294418,0.9514600717139934,0.8333333333333334,6.533333333333333,0.13333333333333333,0.9982573078138638,0.997595225833524
17,0.5,close_drawer,15,5,0,,,0.7194394898693225,3.3333333333333335,5.533333333333333,1.3333333333333333,0.9406589343905102,0.9880469882505529
17,0.5,move_near,30,10,3,0.02624968408874977,-0.015766175110399624,0.7249124230471556,5.733333333333333,11.0,2.3666666666666667,0.9235099048536484,0.9871707627603569
17,0.5,open_drawer,30,10,3,0.02340244997220635,-0.015331147988837843,0.7313125279038964,5.4,7.233333333333333,1.5,0.9371702176531899,0.9849935149156938
17,0.5,pick_coke_can,30,10,3,0.13564145343541503,-0.036304043090248594,0.7091750056196708,3.8,8.166666666666666,1.7666666666666666,0.9394618957720928,0.9892791304264894
17,0.75,close_drawer,15,5,0,,,0.8892571497270935,1.4666666666666666,4.666666666666667,0.4666666666666667,0.986581999162239,0.9963226234073396
17,0.75,move_near,30,10,3,0.033968727062380195,-0.008047132136769197,0.8413036893835464,2.966666666666667,9.766666666666667,1.1333333333333333,0.980449456320246,0.9960536831464101
17,0.75,open_drawer,30,10,3,0.03137462610574731,-0.007358971855296888,0.8378759944119769,3.066666666666667,6.866666666666666,1.1333333333333333,0.9867727665888116,0.9953450684748605
17,0.75,pick_coke_can,30,10,3,0.15474333221979297,-0.017202164305870668,0.8530630759675152,2.066666666666667,7.366666666666666,0.9666666666666667,0.9862873672008461,0.9965959267948423
17,0.9,close_drawer,15,5,0,,,0.9473615411076712,0.6666666666666666,4.466666666666667,0.26666666666666666,0.9980040136600683,0.9990654325932707
17,0.9,move_near,30,10,3,0.038752780708801,-0.0032630784903484034,0.9140399943172279,1.5,8.866666666666667,0.23333333333333334,0.9969069926686508,0.9990602588311587
17,0.9,open_drawer,30,10,3,0.03586001353580997,-0.0028735844252342235,0.9296471761886514,1.3333333333333333,6.3,0.5666666666666667,0.9981139723200856,0.9988943408102539
17,0.9,pick_coke_can,30,10,3,0.16527037873767148,-0.006675117787992175,0.9561517221814628,0.7666666666666667,6.6,0.2,0.9979626455991539,0.9991949435416189
18,0.5,close_drawer,15,5,0,,,0.7689825195707546,2.933333333333333,5.333333333333333,1.1333333333333333,0.9441164826971715,0.9895385099565116
18,0.5,move_near,30,10,3,0.02922395350446855,-0.012791905694680842,0.7650847073017434,4.566666666666666,10.3,1.6666666666666667,0.9481792437878472,0.9918779802777141
18,0.5,open_drawer,30,10,3,0.03030239445556306,-0.00843120350548113,0.7814299856697945,4.3,7.366666666666666,1.6333333333333333,0.9562613174704272,0.9882497186617836
18,0.5,pick_coke_can,30,10,3,0.13089613597619296,-0.0410493605494707,0.800537255586055,2.6666666666666665,7.533333333333333,1.1333333333333333,0.9755072430907503,0.9907122386892498
18,0.75,close_drawer,15,5,0,,,0.8809445120723506,1.4,5.066666666666666,0.8666666666666667,0.989359772251703,0.9969796196688789
18,0.75,move_near,30,10,3,0.0366184797452129,-0.005397379453936493,0.876139128667365,2.2,9.366666666666667,0.7333333333333333,0.9904359298296459,0.9978525072480353
18,0.75,open_drawer,30,10,3,0.03535430310404198,-0.0033792948570022124,0.8916601208945364,2.033333333333333,6.6,0.8666666666666667,0.9924810168233917,0.9966088492790113
18,0.75,pick_coke_can,30,10,3,0.15482970321735437,-0.01711579330830927,0.9035571810985231,1.3,6.8,0.4,0.9960391857682885,0.9974026283665215
18,0.9,close_drawer,15,5,0,,,0.9586096500074995,0.5333333333333333,4.333333333333333,0.13333333333333333,0.9985707577252847,0.9993370908674752
18,0.9,move_near,30,10,3,0.0400403034741718,-0.0019755557249775957,0.9276197309761952,1.2666666666666666,8.966666666666667,0.3333333333333333,0.9987250127878424,0.9995405365453572
18,0.9,open_drawer,30,10,3,0.037525839674629496,-0.0012077582864146927,0.9473729583570825,0.9666666666666667,6.166666666666667,0.43333333333333335,0.9990193715194157,0.9992579823758295
18,0.9,pick_coke_can,30,10,3,0.16571532735424366,-0.006230169171419987,0.9740562913593768,0.4666666666666667,6.466666666666667,0.06666666666666667,0.9994952992119115,0.9994270475700006
19,0.5,close_drawer,15,5,0,,,0.7381674390370042,3.2666666666666666,5.866666666666666,1.6666666666666667,0.9428692108511859,0.9926575970855267
19,0.5,move_near,30,10,3,0.03125945214373434,-0.010756407055415052,0.7674449170724237,4.6,10.5,1.8666666666666667,0.9501254020999887,0.9925190976195926
19,0.5,open_drawer,30,10,3,0.028343121691099298,-0.010390476269944892,0.7800918536579339,4.233333333333333,7.333333333333333,1.6,0.9533509191987513,0.9922946946288242
19,0.5,pick_coke_can,30,10,3,0.11637242310816176,-0.055573073417501895,0.7096979646349375,3.8666666666666667,8.7,2.3,0.9485707634852409,0.9852023966201265
19,0.75,close_drawer,15,5,0,,,0.9083834361973213,1.3333333333333333,4.666666666666667,0.4666666666666667,0.9895014828534269,0.9978612096589606
19,0.75,move_near,30,10,3,0.037402581696569,-0.004613277502580396,0.8652863609973102,2.466666666666667,9.533333333333333,0.9,0.9906127266865771,0.9978545338368809
19,0.75,open_drawer,30,10,3,0.034256023928139985,-0.004477574032904204,0.8791929404374665,2.2333333333333334,6.7,0.9666666666666667,0.9916618846005147,0.9978734884031433
19,0.75,pick_coke_can,30,10,3,0.14696412941074924,-0.024981367114914416,0.8709760068571055,1.8,7.4,1.0,0.9904262295093448,0.9941796129930569
19,0.9,close_drawer,15,5,0,,,0.9587269520602854,0.5333333333333333,4.333333333333333,0.13333333333333333,0.9986165959390693,0.999493352788586
19,0.9,move_near,30,10,3,0.040315546133336023,-0.001700313065813375,0.9337920439107575,1.1666666666666667,8.833333333333334,0.2,0.9987323743008013,0.9995389152742806
19,0.9,open_drawer,30,10,3,0.03707865212501277,-0.0016549458360314191,0.9488518555871028,0.9666666666666667,6.266666666666667,0.5333333333333333,0.9988938553105496,0.9995455434119171
19,0.9,pick_coke_can,30,10,3,0.1625144965144351,-0.009431000011228563,0.9490473268478362,0.7333333333333333,6.9,0.5,0.9987194023317875,0.998105330167086
20,0.5,close_drawer,15,5,0,,,0.6754325249062091,4.466666666666667,6.6,2.4,0.8974877598619133,0.9860739967193103
20,0.5,move_near,30,10,3,0.028100812272663728,-0.013915046926485666,0.7194840529122852,5.533333333333333,10.533333333333333,1.9,0.9047559769540023,0.9893382114518959
20,0.5,open_drawer,30,10,3,0.022271660651608346,-0.016461937309435844,0.7478884380512244,4.9,7.5,1.7666666666666666,0.9231054094627338,0.9881952153429463
20,0.5,pick_coke_can,30,10,3,0.11854926889530577,-0.05339622763035786,0.7194134549090752,3.6333333333333333,8.166666666666666,1.7666666666666666,0.9277159558263779,0.9911006761654076
20,0.75,close_drawer,15,5,0,,,0.8270731713995472,2.2666666666666666,5.333333333333333,1.1333333333333333,0.977390513637619,0.9951689459830625
20,0.75,move_near,30,10,3,0.03557969894401032,-0.006436160255139069,0.8385605758922896,3.1,9.666666666666666,1.0333333333333334,0.9772228066818217,0.9964992704280156
20,0.75,open_drawer,30,10,3,0.030870960246144902,-0.007862637714899288,0.8485416233447354,2.7,7.033333333333333,1.3,0.983724783374882,0.9962232728694589
20,0.75,pick_coke_can,30,10,3,0.14825667789681693,-0.023688818628846725,0.8692569670316187,1.8,7.266666666666667,0.8666666666666667,0.9841859547613596,0.9968240730144197
20,0.9,close_drawer,15,5,0,,,0.9041591999731534,1.0666666666666667,4.733333333333333,0.5333333333333333,0.9967905459196549,0.9987226291294727
20,0.9,move_near,30,10,3,0.03955296427909838,-0.002462894920051017,0.9110005705670428,1.6,9.033333333333333,0.4,0.9965643491922218,0.9991439688715951
20,0.9,open_drawer,30,10,3,0.03567182175910797,-0.0030617762019362186,0.9410817862856548,1.1666666666666667,6.233333333333333,0.5,0.9976895169840072,0.9991051537346454
20,0.9,pick_coke_can,30,10,3,0.16306087465821162,-0.008884621867452008,0.9646931700528192,0.5666666666666667,6.4,0.0,0.9977054793448362,0.9990526054779886
21,0.5,close_drawer,15,5,0,,,0.7165427428834347,3.533333333333333,6.266666666666667,2.066666666666667,0.8879864455784315,0.989959945067521
21,0.5,move_near,30,10,3,0.03005682709909688,-0.011959032100052511,0.7555185181389292,4.666666666666667,11.0,2.3666666666666667,0.928030247028471,0.9920613508049132
21,0.5,open_drawer,30,10,3,0.030320408479448585,-0.008413189481595605,0.742556358918436,5.0,8.233333333333333,2.5,0.9064305879980555,0.9893794346532386
21,0.5,pick_coke_can,30,10,3,0.1619677488018383,-0.009977747723825314,0.7613715061134567,3.1333333333333333,8.266666666666667,1.8666666666666667,0.9446531032782581,0.9941914864194703
21,0.75,close_drawer,15,5,0,,,0.873933882545604,1.4666666666666666,5.133333333333334,0.9333333333333333,0.9779780126618483,0.9961069943541617
21,0.75,move_near,30,10,3,0.03684938912042097,-0.005166470078728423,0.8567239709249738,2.566666666666667,9.866666666666667,1.2333333333333334,0.9848044196318017,0.9973639562829021
21,0.75,open_drawer,30,10,3,0.035221821710427516,-0.003511776250616679,0.8665324524374883,2.4,7.133333333333334,1.4,0.9810830134569924,0.9962698128862437
21,0.75,pick_coke_can,30,10,3,0.16793784486801377,-0.004007651657649852,0.8837378059234937,1.6,7.366666666666666,0.9666666666666667,0.9895380856484856,0.9981900892652781
21,0.9,close_drawer,15,5,0,,,0.9567167078247789,0.6,4.4,0.2,0.9970884708458646,0.9987055104142823
21,0.9,move_near,30,10,3,0.04010127855114885,-0.0019145806480005412,0.93011623216855,1.2666666666666666,9.066666666666666,0.43333333333333335,0.9978370515123771,0.9993466992828258
21,0.9,open_drawer,30,10,3,0.03745208639625892,-0.0012815115647852662,0.9412516966960547,1.0666666666666667,6.266666666666667,0.5333333333333333,0.9974010979873784,0.9989717326619362
21,0.9,pick_coke_can,30,10,3,0.170510982079378,-0.0014345144462856267,0.968391711565286,0.5666666666666667,6.533333333333333,0.13333333333333333,0.9985897916605679,0.9995663576714731
22,0.5,close_drawer,15,5,0,,,0.7659392490274842,3.0,5.933333333333334,1.7333333333333334,0.9143684565060155,0.9888043602655069
22,0.5,move_near,30,10,3,0.03056210931654624,-0.011453749882603151,0.7476230880789978,4.933333333333334,10.566666666666666,1.9333333333333333,0.8644341152388404,0.9912992341878384
22,0.5,open_drawer,30,10,3,0.02443225569493616,-0.014301342266108028,0.7689528216702932,4.533333333333333,8.133333333333333,2.4,0.9267624863217806,0.9903073023956664
22,0.5,pick_coke_can,30,10,3,0.11442915195491711,-0.05751634457074654,0.681368027031133,4.133333333333334,8.6,2.2,0.9225324021333968,0.9862390325780116
22,0.75,close_drawer,15,5,0,,,0.9222484328273758,1.0666666666666667,4.466666666666667,0.26666666666666666,0.9836907092672287,0.99589951934081
22,0.75,move_near,30,10,3,0.03712808366780451,-0.004887775531344884,0.8588060835808129,2.566666666666667,9.833333333333334,1.2,0.9683059272055736,0.9968779564354922
22,0.75,open_drawer,30,10,3,0.03232432154523376,-0.006409276415810432,0.8815344644554862,2.2666666666666666,7.2,1.4666666666666666,0.9864094191767823,0.9968912603952084
22,0.75,pick_coke_can,30,10,3,0.1454579040698444,-0.026487592455819234,0.8266257192916784,2.2333333333333334,7.9,1.5,0.9837661181289429,0.9948263809414816
22,0.9,close_drawer,15,5,0,,,0.9668398268398268,0.4,4.333333333333333,0.13333333333333333,0.9978229592905862,0.9986928263523306
22,0.9,move_near,30,10,3,0.04022230142833059,-0.0017935577708188034,0.9205005009365107,1.4,9.2,0.5666666666666667,0.9953393762956193,0.999100599870298
22,0.9,open_drawer,30,10,3,0.03631807583074936,-0.0024155221302948255,0.9473418743190034,1.0,6.266666666666667,0.5333333333333333,0.9981959556926319,0.9992164253833826
22,0.9,pick_coke_can,30,10,3,0.16182395299417598,-0.010121543531487665,0.9521897243766831,0.8,6.7,0.3,0.9977166495170452,0.9985745212481877
23,0.5,close_drawer,15,5,0,,,0.767922279215283,2.8666666666666667,5.733333333333333,1.5333333333333334,0.9644121934271382,0.990015545128557
23,0.5,move_near,30,10,3,0.03021209164536277,-0.011803767553786622,0.7911828890188153,4.066666666666666,10.233333333333333,1.6,0.9480244402940344,0.9930172808422978
23,0.5,open_drawer,30,10,3,0.02629659037718821,-0.012437007583855983,0.8123141328083326,3.533333333333333,7.7,1.9666666666666666,0.9593421855647847,0.991918631265736
23,0.5,pick_coke_can,30,10,3,0.12996080432329,-0.04198469220237366,0.7381744613605393,3.3,8.333333333333334,1.9333333333333333,0.9562224302565966,0.99141181715877
23,0.75,close_drawer,15,5,0,,,0.9063582490669778,1.3333333333333333,4.733333333333333,0.5333333333333333,0.9942398858066083,0.996415655756466
23,0.75,move_near,30,10,3,0.037151422770879426,-0.0048644364282699705,0.8881630881814022,2.066666666666667,9.566666666666666,0.9333333333333333,0.9906259827076985,0.9976848249027235
23,0.75,open_drawer,30,10,3,0.03318439790903351,-0.005549200052010682,0.9099271923295783,1.7,6.8,1.0666666666666667,0.9932974255762016,0.9974438992523077
23,0.75,pick_coke_can,30,10,3,0.15460251616681356,-0.017342980358850072,0.8706155476690357,1.5,7.4,1.0,0.992487876406032,0.9968889000152589
23,0.9,close_drawer,15,5,0,,,0.9731890331890333,0.3333333333333333,4.133333333333334,-0.06666666666666667,0.999269215329861,0.9989405947203783
23,0.9,move_near,30,10,3,0.040254743429015465,-0.001761115770133934,0.9445733346341462,0.9666666666666667,8.9,0.26666666666666666,0.9987600594617156,0.9994092135881588
23,0.9,open_drawer,30,10,3,0.036650729317340223,-0.0020828686437039667,0.9565625487400425,0.8,6.166666666666667,0.43333333333333335,0.9991481781379489,0.9993906404974439
23,0.9,pick_coke_can,30,10,3,0.16565105743827988,-0.006294439087383766,0.9589151550204182,0.5333333333333333,6.566666666666666,0.16666666666666666,0.9990272908028166,0.9991706483176926
24,0.5,close_drawer,15,5,0,,,0.7235519120109911,3.2,6.066666666666666,1.8666666666666667,0.9224074657009902,0.9886894884412907
24,0.5,move_near,30,10,3,0.031046456693925875,-0.010969402505223519,0.7737260758508773,4.366666666666666,10.566666666666666,1.9333333333333333,0.9239023991459637,0.9938004739833673
24,0.5,open_drawer,30,10,3,0.025893061063210033,-0.012840536897834154,0.7563242241479762,4.833333333333333,8.4,2.6666666666666665,0.9113863685783254,0.9897939316777291
24,0.5,pick_coke_can,30,10,3,0.13692363095088356,-0.035021865574780084,0.6963607999001653,3.8666666666666667,8.666666666666666,2.2666666666666666,0.9243811375239573,0.9908467326619362
24,0.75,close_drawer,15,5,0,,,0.8818942417699206,1.3333333333333333,4.6,0.4,0.9858737354626687,0.995377327000839
24,0.75,move_near,30,10,3,0.03734939844817064,-0.004666460750978762,0.8650738035154707,2.433333333333333,9.766666666666667,1.1333333333333333,0.9842950004764156,0.9978632124055846
24,0.75,open_drawer,30,10,3,0.03286659387854784,-0.005867004082496351,0.8881622490090572,2.1666666666666665,6.9,1.1666666666666667,0.9823248093280451,0.9963294422827497
24,0.75,pick_coke_can,30,10,3,0.15623995639833424,-0.015705540127329397,0.8197328019510184,2.1,7.733333333333333,1.3333333333333333,0.9845302842783983,0.9963977740901806
24,0.9,close_drawer,15,5,0,,,0.9712842712842714,0.3333333333333333,4.2,0.0,0.99814740496894,0.9985592622262911
24,0.9,move_near,30,10,3,0.04030178321534525,-0.001714075983804147,0.9438767839048697,0.9333333333333333,8.8,0.16666666666666666,0.9977887072588116,0.9994790951400012
24,0.9,open_drawer,30,10,3,0.036495069251157176,-0.0022385287098870116,0.9419421834034711,1.1,6.433333333333334,0.7,0.9975944071529351,0.9990314097428853
24,0.9,pick_coke_can,30,10,3,0.1660117472311101,-0.005933749294553541,0.9240737979168107,0.8666666666666667,6.7,0.3,0.9978529058727957,0.9989244773784999
25,0.5,close_drawer,15,5,0,,,0.723294864021745,3.533333333333333,6.066666666666666,1.8666666666666667,0.8946223204400834,0.9864946688792245
25,0.5,move_near,30,10,3,0.027647734730862083,-0.014368124468287315,0.7305246917927801,5.433333333333334,11.366666666666667,2.7333333333333334,0.9050135045892801,0.9908149032959486
25,0.5,open_drawer,30,10,3,0.025203785934109987,-0.013529812026934207,0.7376060770510818,5.266666666666667,8.8,3.066666666666667,0.8936254650199918,0.9881354667353321
25,0.5,pick_coke_can,30,10,3,0.12070696518311406,-0.05123853134254958,0.6805612746981322,4.2,8.733333333333333,2.3333333333333335,0.9306512283916798,0.9905204518577858
25,0.75,close_drawer,15,5,0,,,0.8309947993534332,1.9333333333333333,5.133333333333334,0.9333333333333333,0.9784324645042533,0.9943675135423817
25,0.75,move_near,30,10,3,0.03556298109410496,-0.006452878105044431,0.8460582254764714,2.933333333333333,10.266666666666667,1.6333333333333333,0.9801563863269958,0.9965018453879605
25,0.75,open_drawer,30,10,3,0.03273505738689659,-0.005998540574147607,0.8681109298132,2.6,7.3,1.5666666666666667,0.9780162212939931,0.9953127861066603
25,0.75,pick_coke_can,30,10,3,0.14972763926203145,-0.022217857263632217,0.8400611088453533,2.1333333333333333,7.533333333333333,1.1333333333333333,0.9865113101457591,0.9962016479743644
25,0.9,close_drawer,15,5,0,,,0.9607816456278573,0.5333333333333333,4.533333333333333,0.3333333333333333,0.9970231200322757,0.9981830319676506
25,0.9,move_near,30,10,3,0.03957706838191618,-0.0024387908172332196,0.9153707910719828,1.5333333333333334,9.233333333333333,0.6,0.9972182886262898,0.9989503223468374
25,0.9,open_drawer,30,10,3,0.036487385411107076,-0.002246212549937114,0.939791326082431,1.1,6.533333333333333,0.8,0.9969984268177093,0.9985306754024565
25,0.9,pick_coke_can,30,10,3,0.1637049842250783,-0.008240512300585362,0.9594654790984466,0.7333333333333333,6.733333333333333,0.3333333333333333,0.9981698856565518,0.9988605563820857
26,0.5,close_drawer,15,5,0,,,0.6904304908882913,4.466666666666667,6.733333333333333,2.533333333333333,0.9205149812613558,0.9800593671320665
26,0.5,move_near,30,10,3,0.028419639457708996,-0.013596219741440397,0.730950596545842,5.433333333333334,11.033333333333333,2.4,0.8808707272066786,0.9895292830167083
26,0.5,open_drawer,30,10,3,0.02429691978362239,-0.014436678177421803,0.7211047676816303,5.633333333333334,8.9,3.1666666666666665,0.895021607286274,0.9841370784695198
26,0.5,pick_coke_can,30,10,3,0.12186065974595674,-0.05008483677970691,0.6874137015159035,4.3,9.033333333333333,2.6333333333333333,0.9158032300014975,0.9890240424963758
26,0.75,close_drawer,15,5,0,,,0.8720782056488398,1.9333333333333333,5.066666666666666,0.8666666666666667,0.9827952404167319,0.991713826581216
26,0.75,move_near,30,10,3,0.035790695092044876,-0.006225164107104521,0.8363176565505802,3.0,10.066666666666666,1.4333333333333333,0.971679846824609,0.9962918430991071
26,0.75,open_drawer,30,10,3,0.0321615853488039,-0.006572012612240292,0.8663149822532621,2.6333333333333333,7.4,1.6666666666666667,0.9764931848716754,0.9937802557793544
26,0.75,pick_coke_can,30,10,3,0.15003973149425362,-0.02190576503141002,0.849941124643466,2.1,7.766666666666667,1.3666666666666667,0.9823519028673094,0.9958257991912717
26,0.9,close_drawer,15,5,0,,,0.9320352344261263,0.9333333333333333,4.333333333333333,0.13333333333333333,0.9975190430238438,0.9972767414358736
26,0.9,move_near,30,10,3,0.03964700326809352,-0.0023688559310558743,0.9187489986149463,1.5,9.333333333333334,0.7,0.9957522982444218,0.9989942158770121
26,0.9,open_drawer,30,10,3,0.036236523103445516,-0.0024970748575986698,0.930243210525361,1.3,6.6,0.8666666666666667,0.9966185053171048,0.9980925268940257
26,0.9,pick_coke_can,30,10,3,0.1637746066392478,-0.00817088988641583,0.9504458672838572,0.7333333333333333,6.7,0.3,0.9975352390815954,0.998801523041123
27,0.5,close_drawer,15,5,0,,,0.8032444918735241,2.6,5.466666666666667,1.2666666666666666,0.9769302539505935,0.9871811818112456
27,0.5,move_near,30,10,3,0.029690456302896902,-0.012325402896252488,0.7867305406552141,4.333333333333333,10.366666666666667,1.7333333333333334,0.9370782935636348,0.9920406319142443
27,0.5,open_drawer,30,10,3,0.026739115079774126,-0.011994482881270066,0.771902029394975,4.633333333333334,7.9,2.1666666666666665,0.949619427995883,0.9885574025329974
27,0.5,pick_coke_can,30,10,3,0.11917893727479746,-0.05276655925086618,0.6787959488800903,4.266666666666667,8.8,2.4,0.9402408528068701,0.9889870632104981
27,0.75,close_drawer,15,5,0,,,0.9152752978960749,1.2,4.333333333333333,0.13333333333333333,0.9963184145728807,0.9949314774547952
27,0.75,move_near,30,10,3,0.03709262586845865,-0.004923233330690747,0.8849642458781362,2.2,9.5,0.8666666666666667,0.9885948434951934,0.99725957503624
27,0.75,open_drawer,30,10,3,0.03376556897924291,-0.004968028981801276,0.892474655150047,2.1333333333333333,6.9,1.1666666666666667,0.9913477939691474,0.9955689230945296
27,0.75,pick_coke_can,30,10,3,0.14932830608921607,-0.022617190436447557,0.8474874135927288,2.033333333333333,7.666666666666667,1.2666666666666666,0.9892097226523363,0.9958082513160905
27,0.9,close_drawer,15,5,0,,,0.9733324023646605,0.3333333333333333,4.266666666666667,0.06666666666666667,0.9995333237929387,0.9983970874341953
27,0.9,move_near,30,10,3,0.04025850278605072,-0.0017573564130986704,0.9393566173011073,1.1333333333333333,9.0,0.36666666666666664,0.9985029559454124,0.9992718347066452
27,0.9,open_drawer,30,10,3,0.03693194313531987,-0.0018016548257243244,0.9552623656165882,0.8333333333333334,6.266666666666667,0.5333333333333333,0.9988849504803737,0.998680237659266
27,0.9,pick_coke_can,30,10,3,0.1635916620277368,-0.008353834497926838,0.9547956499784226,0.7333333333333333,6.566666666666666,0.16666666666666666,0.9985873155216733,0.9988205968184937
28,0.5,close_drawer,15,5,0,,,0.7685080939984023,3.4,5.733333333333333,1.5333333333333334,0.9574598274053934,0.9809272240024413
28,0.5,move_near,30,10,3,0.027712074980228724,-0.014303784218920671,0.7428530088795597,5.233333333333333,10.866666666666667,2.2333333333333334,0.9182405970286941,0.9885860608834972
28,0.5,open_drawer,30,10,3,0.019283310932912443,-0.019450287028131747,0.721375585892552,5.8,8.866666666666667,3.1333333333333333,0.911661907361759,0.9811316710536352
28,0.5,pick_coke_can,30,10,3,0.11495165149409721,-0.056993845031566424,0.6669759631745179,4.566666666666666,9.033333333333333,2.6333333333333333,0.943202402938837,0.984655861371786
28,0.75,close_drawer,15,5,0,,,0.8938936110842806,1.6,4.6,0.4,0.9921071362095083,0.9917327573052567
28,0.75,move_near,30,10,3,0.035766149503294604,-0.006249709695854787,0.8598022926682279,2.8,9.8,1.1666666666666667,0.9829341470737504,0.9958238918135346
28,0.75,open_drawer,30,10,3,0.0295344017894066,-0.009199196171637591,0.8614960721298097,2.8333333333333335,7.5,1.7666666666666666,0.9818017007540079,0.9921441309987028
28,0.75,pick_coke_can,30,10,3,0.14725407620704148,-0.02469142031862216,0.828431697975444,2.466666666666667,7.8,1.4,0.9896896140795957,0.9937747959105818
28,0.9,close_drawer,15,5,0,,,0.9593032216688131,0.6,4.333333333333333,0.13333333333333333,0.9989367134079334,0.997153286411841
28,0.9,move_near,30,10,3,0.039687618948188765,-0.0023282402509606295,0.9233357248283033,1.4666666666666666,9.1,0.4666666666666667,0.9975999138838377,0.9988152800030516
28,0.9,open_drawer,30,10,3,0.03517567692689574,-0.003557921034148452,0.9327000855101537,1.3,6.466666666666667,0.7333333333333333,0.9975124798465593,0.9972976987487601
28,0.9,pick_coke_can,30,10,3,0.1627958168395729,-0.009149679686090756,0.9463007528677034,0.9666666666666667,6.733333333333333,0.3333333333333333,0.9986381516821848,0.9981432869840543
29,0.5,close_drawer,15,5,0,,,0.6284604840458499,5.133333333333334,6.733333333333333,2.533333333333333,0.9007584255515598,0.97328779468986
29,0.5,move_near,30,10,3,0.022936022809335436,-0.019079836389813958,0.6913676862130146,6.366666666666666,11.266666666666667,2.6333333333333333,0.849743306318038,0.985164821278706
29,0.5,open_drawer,30,10,3,0.020285105273589413,-0.018448492687454777,0.6804536932414915,6.733333333333333,9.466666666666667,3.7333333333333334,0.8720273416803137,0.9771914578088041
29,0.5,pick_coke_can,30,10,3,0.09683527142474319,-0.07511022510092046,0.5836952991529256,5.7,9.5,3.1,0.8828222997939366,0.9794089513237199
29,0.75,close_drawer,15,5,0,,,0.8171811117906453,2.466666666666667,5.4,1.2,0.9773489330036702,0.9875781548027771
29,0.75,move_near,30,10,3,0.03296091283382577,-0.009054946365323625,0.8133852287100894,3.566666666666667,9.966666666666667,1.3333333333333333,0.9580142954200617,0.9942853532463567
29,0.75,open_drawer,30,10,3,0.029802057023095616,-0.008931540937948578,0.8256004087984298,3.6333333333333333,7.766666666666667,2.033333333333333,0.9701404842739425,0.9901339217593652
29,0.75,pick_coke_can,30,10,3,0.13471583342605134,-0.037229663099612294,0.7432771000101839,3.4,8.6,2.2,0.9707463104356232,0.9912835936903943
29,0.9,close_drawer,15,5,0,,,0.920475954691641,1.1333333333333333,4.4,0.2,0.996691742988465,0.9952426184481573
29,0.9,move_near,30,10,3,0.038498123439735306,-0.003517735759414086,0.8973816176222434,1.9333333333333333,9.433333333333334,0.8,0.9931697169007613,0.9982833600366215
29,0.9,open_drawer,30,10,3,0.035225752014586324,-0.003507845946457868,0.9123909397378617,1.7,6.833333333333333,1.1,0.9956726161995474,0.9964347533760585
29,0.9,pick_coke_can,30,10,3,0.15711741980140928,-0.014828076724254369,0.8773473142563637,1.5666666666666667,7.266666666666667,0.8666666666666667,0.9954995779383325,0.9971318045700771
30,0.5,close_drawer,15,5,0,,,0.6325043780912002,5.133333333333334,6.866666666666666,2.6666666666666665,0.9308066339987194,0.969121938658732
30,0.5,move_near,30,10,3,0.024418737146793764,-0.01759712205235563,0.6710278807676477,6.933333333333334,11.733333333333333,3.1,0.8940609048420484,0.9809354495689324
30,0.5,open_drawer,30,10,3,0.02218089732029993,-0.016552700640744256,0.6558150771034856,7.3,9.633333333333333,3.9,0.8894310813169145,0.9719870107576102
30,0.5,pick_coke_can,30,10,3,0.11070400231513759,-0.061241494210526055,0.6075573727575212,5.466666666666667,9.366666666666667,2.966666666666667,0.9247795024029195,0.9791413462272065
30,0.75,close_drawer,15,5,0,,,0.825650563838919,2.4,5.066666666666666,0.8666666666666667,0.9859248398968627,0.9866895075150681
30,0.75,move_near,30,10,3,0.03410154082185327,-0.00791431837729612,0.8062744121283133,3.8333333333333335,10.133333333333333,1.5,0.9761703348299432,0.992598635271229
30,0.75,open_drawer,30,10,3,0.03133072100266311,-0.0074028769583810786,0.7920704753712519,4.133333333333334,8.3,2.566666666666667,0.9764306030133719,0.9883920805676353
30,0.75,pick_coke_can,30,10,3,0.14488141535564839,-0.027064081170015266,0.8178444998976121,2.6333333333333333,8.166666666666666,1.7666666666666666,0.9854283548784248,0.9916475213626305
30,0.9,close_drawer,15,5,0,,,0.9463652518680982,0.8,4.466666666666667,0.26666666666666666,0.9980439476064895,0.9952556363012129
30,0.9,move_near,30,10,3,0.039027790717213864,-0.002988068481935532,0.9037780092813158,1.8333333333333333,9.2,0.5666666666666667,0.9965342092223906,0.9977376115815974
30,0.9,open_drawer,30,10,3,0.03594729596356586,-0.0027863019974783236,0.8986913724632155,1.9333333333333333,6.833333333333333,1.1,0.9967186599045947,0.9961279993514917
30,0.9,pick_coke_can,30,10,3,0.16182155071535093,-0.01012394581031271,0.9133624809323856,1.2333333333333334,7.033333333333333,0.6333333333333333,0.9980307529480282,0.9974048218509192
31,0.5,close_drawer,15,5,0,,,0.5670597025734871,6.8,8.2,4.0,0.8971833547214718,0.9197987239642937
31,0.5,move_near,30,10,3,0.01845485163482835,-0.023561007564321043,0.5790758428686745,9.866666666666667,13.166666666666666,4.533333333333333,0.8485468805193751,0.9493839169909207
31,0.5,open_drawer,30,10,3,0.015501085063137902,-0.023232512897906288,0.5532847372196456,10.266666666666667,11.6,5.866666666666666,0.8336845750101602,0.9316628280689706
31,0.5,pick_coke_can,30,10,3,0.08455872573035413,-0.0873867707953095,0.5069035787253181,7.333333333333333,10.6,4.2,0.8746382405337809,0.9389552815289537
31,0.75,close_drawer,15,5,0,,,0.7659213833234563,3.466666666666667,6.133333333333334,1.9333333333333333,0.976550201820393,0.9647033073929959
31,0.75,move_near,30,10,3,0.02952155940887875,-0.012494299790270646,0.7337983091291956,5.7,11.466666666666667,2.8333333333333335,0.9573792650095441,0.9798146744106202
31,0.75,open_drawer,30,10,3,0.02615527072417285,-0.012578327236871337,0.7471577235047736,5.366666666666666,8.8,3.066666666666667,0.9564676827059859,0.969918483443961
31,0.75,pick_coke_can,30,10,3,0.12741083569887449,-0.04453466082678917,0.7398511731733274,3.933333333333333,8.966666666666667,2.566666666666667,0.9704661575358953,0.9730816309987028
31,0.9,close_drawer,15,5,0,,,0.9084569733068353,1.4,4.533333333333333,0.3333333333333333,0.9965616643275383,0.9871128976882579
31,0.9,move_near,30,10,3,0.03682250649576762,-0.005193352703381777,0.8673366967597242,2.6666666666666665,9.766666666666667,1.1333333333333333,0.9930191169966381,0.9938377155336843
31,0.9,open_drawer,30,10,3,0.03343066882322648,-0.005302929137817716,0.8713977823664716,2.6,7.366666666666666,1.6333333333333333,0.993331690547029,0.9891906042572669
31,0.9,pick_coke_can,30,10,3,0.15387819709749664,-0.01806729942816701,0.8732440882623109,1.9,7.533333333333333,1.1333333333333333,0.9956456589862789,0.9911515793087661
